path,filename,original_class,class,width,height,mode,file_hash
C:\Users\Usuario\.cache\kagglehub\datasets\adityamahimkar\iqothnccd-lung-cancer-dataset\versions\2\The IQ-OTHNCCD lung cancer dataset\The IQ-OTHNCCD lung cancer dataset\Bengin cases\Bengin case (1).jpg,Bengin case (1).jpg,Bengin cases,benign,512,512,RGB,48244f06d0e4113db2804de0508cb268
C:\Users\Usuario\.cache\kagglehub\datasets\adityamahimkar\iqothnccd-lung-cancer-dataset\versions\2\The IQ-OTHNCCD lung cancer dataset\The IQ-OTHNCCD lung cancer dataset\Bengin cases\Bengin case (10).jpg,Bengin case (10).jpg,Bengin cases,benign,512,512,RGB,99791386d3b0a0e8c98dff3852469e0c
C:\Users\Usuario\.cache\kagglehub\datasets\adityamahimkar\iqothnccd-lung-cancer-dataset\versions\2\The IQ-OTHNCCD lung cancer dataset\The IQ-OTHNCCD lung cancer dataset\Bengin cases\Bengin case (100).jpg,Bengin case (100).jpg,Bengin cases,benign,512,512,RGB,8ddc1574a0467d15b072b49c2b57a3a2
C:\Users\Usuario\.cache\kagglehub\datasets\adityamahimkar\iqothnccd-lung-cancer-dataset\versions\2\The IQ-OTHNCCD lung cancer dataset\The IQ-OTHNCCD lung cancer dataset\Bengin cases\Bengin case (101).jpg,Bengin case (101).jpg,Bengin cases,benign,512,512,RGB,c46607abc89204a76df6696692b50d28
C:\Users\Usuario\.cache\kagglehub\datasets\adityamahimkar\iqothnccd-lung-cancer-dataset\versions\2\The IQ-OTHNCCD lung cancer dataset\The IQ-OTHNCCD lung cancer dataset\Bengin cases\Bengin case (102).jpg,Bengin case (102).jpg,Bengin cases,benign,512,512,RGB,c030be1eb5b4e7151b5877c9dd236690
C:\Users\Usuario\.cache\kagglehub\datasets\adityamahimkar\iqothnccd-lung-cancer-dataset\versions\2\The IQ-OTHNCCD lung cancer dataset\The IQ-OTHNCCD lung cancer dataset\Bengin cases\Bengin case (103).jpg,Bengin case (103).jpg,Bengin cases,benign,512,512,RGB,310cace08fcf642c6a8272828bd13cd3
C:\Users\Usuario\.cache\kagglehub\datasets\adityamahimkar\iqothnccd-lung-cancer-dataset\versions\2\The IQ-OTHNCCD lung cancer dataset\The IQ-OTHNCCD lung cancer dataset\Bengin cases\Bengin case (104).jpg,Bengin case (104).jpg,Bengin cases,benign,512,512,RGB,96f775ab34867814577e2cb8aa94944b
C:\Users\Usuario\.cache\kagglehub\datasets\adityamahimkar\iqothnccd-lung-cancer-dataset\versions\2\The IQ-OTHNCCD lung cancer dataset\The IQ-OTHNCCD lung cancer dataset\Bengin cases\Bengin case (106).jpg,Bengin case (106).jpg,Bengin cases,benign,512,512,RGB,ee01df92621e3d9030400bac5a5b30ad
C:\Users\Usuario\.cache\kagglehub\datasets\adityamahimkar\iqothnccd-lung-cancer-dataset\versions\2\The IQ-OTHNCCD lung cancer dataset\The IQ-OTHNCCD lung cancer dataset\Bengin cases\Bengin case (108).jpg,Bengin case (108).jpg,Bengin cases,benign,512,512,RGB,df8aad1541275d5f748dcefac2e96b54
C:\Users\Usuario\.cache\kagglehub\datasets\adityamahimkar\iqothnccd-lung-cancer-dataset\versions\2\The IQ-OTHNCCD lung cancer dataset\The IQ-OTHNCCD lung cancer dataset\Bengin cases\Bengin case (109).jpg,Bengin case (109).jpg,Bengin cases,benign,512,512,RGB,0d92a4d6d176b557771cd66f4b372bc5
C:\Users\Usuario\.cache\kagglehub\datasets\adityamahimkar\iqothnccd-lung-cancer-dataset\versions\2\The IQ-OTHNCCD lung cancer dataset\The IQ-OTHNCCD lung cancer dataset\Bengin cases\Bengin case (11).jpg,Bengin case (11).jpg,Bengin cases,benign,512,512,RGB,784a853b95b4b6c85bed2c2eee65971e
C:\Users\Usuario\.cache\kagglehub\datasets\adityamahimkar\iqothnccd-lung-cancer-dataset\versions\2\The IQ-OTHNCCD lung cancer dataset\The IQ-OTHNCCD lung cancer dataset\Bengin cases\Bengin case (110).jpg,Bengin case (110).jpg,Bengin cases,benign,512,512,RGB,f6f969de87cf893ad4e5d449cfc5c0bd
C:\Users\Usuario\.cache\kagglehub\datasets\adityamahimkar\iqothnccd-lung-cancer-dataset\versions\2\The IQ-OTHNCCD lung cancer dataset\The IQ-OTHNCCD lung cancer dataset\Bengin cases\Bengin case (111).jpg,Bengin case (111).jpg,Bengin cases,benign,512,512,RGB,8be43eb156c5f9546daf39b940ea00db
C:\Users\Usuario\.cache\kagglehub\datasets\adityamahimkar\iqothnccd-lung-cancer-dataset\versions\2\The IQ-OTHNCCD lung cancer dataset\The IQ-OTHNCCD lung cancer dataset\Bengin cases\Bengin case (112).jpg,Bengin case (112).jpg,Bengin cases,benign,512,512,RGB,896bb0cd2849e3af45cbbe5220162506
C:\Users\Usuario\.cache\kagglehub\datasets\adityamahimkar\iqothnccd-lung-cancer-dataset\versions\2\The IQ-OTHNCCD lung cancer dataset\The IQ-OTHNCCD lung cancer dataset\Bengin cases\Bengin case (114).jpg,Bengin case (114).jpg,Bengin cases,benign,512,512,RGB,01da37fceb8444d1d35204fe202073da
C:\Users\Usuario\.cache\kagglehub\datasets\adityamahimkar\iqothnccd-lung-cancer-dataset\versions\2\The IQ-OTHNCCD lung cancer dataset\The IQ-OTHNCCD lung cancer dataset\Bengin cases\Bengin case (116).jpg,Bengin case (116).jpg,Bengin cases,benign,512,512,RGB,f641480b1ab9c721f84a665971576ce8
C:\Users\Usuario\.cache\kagglehub\datasets\adityamahimkar\iqothnccd-lung-cancer-dataset\versions\2\The IQ-OTHNCCD lung cancer dataset\The IQ-OTHNCCD lung cancer dataset\Bengin cases\Bengin case (117).jpg,Bengin case (117).jpg,Bengin cases,benign,512,512,RGB,c2225e79a0e27e310706434eb0b4d7fd
C:\Users\Usuario\.cache\kagglehub\datasets\adityamahimkar\iqothnccd-lung-cancer-dataset\versions\2\The IQ-OTHNCCD lung cancer dataset\The IQ-OTHNCCD lung cancer dataset\Bengin cases\Bengin case (118).jpg,Bengin case (118).jpg,Bengin cases,benign,512,512,RGB,ad9246030958bbd3cf4b93582191f3e7
C:\Users\Usuario\.cache\kagglehub\datasets\adityamahimkar\iqothnccd-lung-cancer-dataset\versions\2\The IQ-OTHNCCD lung cancer dataset\The IQ-OTHNCCD lung cancer dataset\Bengin cases\Bengin case (119).jpg,Bengin case (119).jpg,Bengin cases,benign,512,512,RGB,bc768b3572c34647d155845d1dcd8fba
C:\Users\Usuario\.cache\kagglehub\datasets\adityamahimkar\iqothnccd-lung-cancer-dataset\versions\2\The IQ-OTHNCCD lung cancer dataset\The IQ-OTHNCCD lung cancer dataset\Bengin cases\Bengin case (12).jpg,Bengin case (12).jpg,Bengin cases,benign,512,512,RGB,deaa521ebe5b4e0a9ab905a3b67c8d75
C:\Users\Usuario\.cache\kagglehub\datasets\adityamahimkar\iqothnccd-lung-cancer-dataset\versions\2\The IQ-OTHNCCD lung cancer dataset\The IQ-OTHNCCD lung cancer dataset\Bengin cases\Bengin case (120).jpg,Bengin case (120).jpg,Bengin cases,benign,512,512,RGB,3ba2883e293cd512a8fb11fa82a5b659
C:\Users\Usuario\.cache\kagglehub\datasets\adityamahimkar\iqothnccd-lung-cancer-dataset\versions\2\The IQ-OTHNCCD lung cancer dataset\The IQ-OTHNCCD lung cancer dataset\Bengin cases\Bengin case (13).jpg,Bengin case (13).jpg,Bengin cases,benign,512,512,RGB,e508170d71b7274b56ef96473532e1c0
C:\Users\Usuario\.cache\kagglehub\datasets\adityamahimkar\iqothnccd-lung-cancer-dataset\versions\2\The IQ-OTHNCCD lung cancer dataset\The IQ-OTHNCCD lung cancer dataset\Bengin cases\Bengin case (14).jpg,Bengin case (14).jpg,Bengin cases,benign,512,512,RGB,7d6978215eb8dda0acd20827e1aad7fb
C:\Users\Usuario\.cache\kagglehub\datasets\adityamahimkar\iqothnccd-lung-cancer-dataset\versions\2\The IQ-OTHNCCD lung cancer dataset\The IQ-OTHNCCD lung cancer dataset\Bengin cases\Bengin case (15).jpg,Bengin case (15).jpg,Bengin cases,benign,512,512,RGB,ea15ef1f04bb13aa84c47849bcd49ba4
C:\Users\Usuario\.cache\kagglehub\datasets\adityamahimkar\iqothnccd-lung-cancer-dataset\versions\2\The IQ-OTHNCCD lung cancer dataset\The IQ-OTHNCCD lung cancer dataset\Bengin cases\Bengin case (17).jpg,Bengin case (17).jpg,Bengin cases,benign,512,512,RGB,52239778033df4fac3abe66494fe825e
C:\Users\Usuario\.cache\kagglehub\datasets\adityamahimkar\iqothnccd-lung-cancer-dataset\versions\2\The IQ-OTHNCCD lung cancer dataset\The IQ-OTHNCCD lung cancer dataset\Bengin cases\Bengin case (19).jpg,Bengin case (19).jpg,Bengin cases,benign,512,512,RGB,1606ae2fbd340f035416bb07f1990274
C:\Users\Usuario\.cache\kagglehub\datasets\adityamahimkar\iqothnccd-lung-cancer-dataset\versions\2\The IQ-OTHNCCD lung cancer dataset\The IQ-OTHNCCD lung cancer dataset\Bengin cases\Bengin case (2).jpg,Bengin case (2).jpg,Bengin cases,benign,512,512,RGB,cf24e5267d768676fe97f61b002f0b2d
C:\Users\Usuario\.cache\kagglehub\datasets\adityamahimkar\iqothnccd-lung-cancer-dataset\versions\2\The IQ-OTHNCCD lung cancer dataset\The IQ-OTHNCCD lung cancer dataset\Bengin cases\Bengin case (20).jpg,Bengin case (20).jpg,Bengin cases,benign,512,512,RGB,d0f8b23e24f1332e04f18011b3acf362
C:\Users\Usuario\.cache\kagglehub\datasets\adityamahimkar\iqothnccd-lung-cancer-dataset\versions\2\The IQ-OTHNCCD lung cancer dataset\The IQ-OTHNCCD lung cancer dataset\Bengin cases\Bengin case (21).jpg,Bengin case (21).jpg,Bengin cases,benign,512,512,RGB,d6826f3ad68e0bca5c31f94638f0a666
C:\Users\Usuario\.cache\kagglehub\datasets\adityamahimkar\iqothnccd-lung-cancer-dataset\versions\2\The IQ-OTHNCCD lung cancer dataset\The IQ-OTHNCCD lung cancer dataset\Bengin cases\Bengin case (22).jpg,Bengin case (22).jpg,Bengin cases,benign,512,512,RGB,092589d7fbdb7b330150cc2917f75244
C:\Users\Usuario\.cache\kagglehub\datasets\adityamahimkar\iqothnccd-lung-cancer-dataset\versions\2\The IQ-OTHNCCD lung cancer dataset\The IQ-OTHNCCD lung cancer dataset\Bengin cases\Bengin case (24).jpg,Bengin case (24).jpg,Bengin cases,benign,512,512,RGB,71c88f410a23e22aa431a127e11ada7b
C:\Users\Usuario\.cache\kagglehub\datasets\adityamahimkar\iqothnccd-lung-cancer-dataset\versions\2\The IQ-OTHNCCD lung cancer dataset\The IQ-OTHNCCD lung cancer dataset\Bengin cases\Bengin case (25).jpg,Bengin case (25).jpg,Bengin cases,benign,512,512,RGB,106aa907bf9b29e1201a1af25a65e85e
C:\Users\Usuario\.cache\kagglehub\datasets\adityamahimkar\iqothnccd-lung-cancer-dataset\versions\2\The IQ-OTHNCCD lung cancer dataset\The IQ-OTHNCCD lung cancer dataset\Bengin cases\Bengin case (26).jpg,Bengin case (26).jpg,Bengin cases,benign,512,512,RGB,8fa1ab1f1e7384982c71d7bf3a13c021
C:\Users\Usuario\.cache\kagglehub\datasets\adityamahimkar\iqothnccd-lung-cancer-dataset\versions\2\The IQ-OTHNCCD lung cancer dataset\The IQ-OTHNCCD lung cancer dataset\Bengin cases\Bengin case (28).jpg,Bengin case (28).jpg,Bengin cases,benign,512,512,RGB,7b3a7ea5e98bb3d280493ce3fdda1ceb
C:\Users\Usuario\.cache\kagglehub\datasets\adityamahimkar\iqothnccd-lung-cancer-dataset\versions\2\The IQ-OTHNCCD lung cancer dataset\The IQ-OTHNCCD lung cancer dataset\Bengin cases\Bengin case (29).jpg,Bengin case (29).jpg,Bengin cases,benign,512,512,RGB,d5d5dd09a4c4ee715ef90f4b8a0e2483
C:\Users\Usuario\.cache\kagglehub\datasets\adityamahimkar\iqothnccd-lung-cancer-dataset\versions\2\The IQ-OTHNCCD lung cancer dataset\The IQ-OTHNCCD lung cancer dataset\Bengin cases\Bengin case (3).jpg,Bengin case (3).jpg,Bengin cases,benign,512,512,RGB,1c3db601f2a0026a8a8020f368a9aa01
C:\Users\Usuario\.cache\kagglehub\datasets\adityamahimkar\iqothnccd-lung-cancer-dataset\versions\2\The IQ-OTHNCCD lung cancer dataset\The IQ-OTHNCCD lung cancer dataset\Bengin cases\Bengin case (30).jpg,Bengin case (30).jpg,Bengin cases,benign,512,512,RGB,b592a4d8ce5911f63f2f93e07f4aa8b0
C:\Users\Usuario\.cache\kagglehub\datasets\adityamahimkar\iqothnccd-lung-cancer-dataset\versions\2\The IQ-OTHNCCD lung cancer dataset\The IQ-OTHNCCD lung cancer dataset\Bengin cases\Bengin case (31).jpg,Bengin case (31).jpg,Bengin cases,benign,512,512,RGB,16fb7daefe74164f28272c7874074069
C:\Users\Usuario\.cache\kagglehub\datasets\adityamahimkar\iqothnccd-lung-cancer-dataset\versions\2\The IQ-OTHNCCD lung cancer dataset\The IQ-OTHNCCD lung cancer dataset\Bengin cases\Bengin case (32).jpg,Bengin case (32).jpg,Bengin cases,benign,512,512,RGB,bee31bb45a28370d5550381a55b0e706
C:\Users\Usuario\.cache\kagglehub\datasets\adityamahimkar\iqothnccd-lung-cancer-dataset\versions\2\The IQ-OTHNCCD lung cancer dataset\The IQ-OTHNCCD lung cancer dataset\Bengin cases\Bengin case (33).jpg,Bengin case (33).jpg,Bengin cases,benign,512,512,RGB,30a776e27bd48f9601eefd3bc9696a62
C:\Users\Usuario\.cache\kagglehub\datasets\adityamahimkar\iqothnccd-lung-cancer-dataset\versions\2\The IQ-OTHNCCD lung cancer dataset\The IQ-OTHNCCD lung cancer dataset\Bengin cases\Bengin case (34).jpg,Bengin case (34).jpg,Bengin cases,benign,512,512,RGB,6f935f9833f01788d081d8ba279d53c5
C:\Users\Usuario\.cache\kagglehub\datasets\adityamahimkar\iqothnccd-lung-cancer-dataset\versions\2\The IQ-OTHNCCD lung cancer dataset\The IQ-OTHNCCD lung cancer dataset\Bengin cases\Bengin case (35).jpg,Bengin case (35).jpg,Bengin cases,benign,512,512,RGB,0b4b005e3beea8ef63c0100d1d401b3d
C:\Users\Usuario\.cache\kagglehub\datasets\adityamahimkar\iqothnccd-lung-cancer-dataset\versions\2\The IQ-OTHNCCD lung cancer dataset\The IQ-OTHNCCD lung cancer dataset\Bengin cases\Bengin case (36).jpg,Bengin case (36).jpg,Bengin cases,benign,512,512,RGB,f54251a6871594074d8bc15fafd61d10
C:\Users\Usuario\.cache\kagglehub\datasets\adityamahimkar\iqothnccd-lung-cancer-dataset\versions\2\The IQ-OTHNCCD lung cancer dataset\The IQ-OTHNCCD lung cancer dataset\Bengin cases\Bengin case (37).jpg,Bengin case (37).jpg,Bengin cases,benign,512,512,RGB,ef1f7807d0f0c5641da1c09b1ad10da5
C:\Users\Usuario\.cache\kagglehub\datasets\adityamahimkar\iqothnccd-lung-cancer-dataset\versions\2\The IQ-OTHNCCD lung cancer dataset\The IQ-OTHNCCD lung cancer dataset\Bengin cases\Bengin case (38).jpg,Bengin case (38).jpg,Bengin cases,benign,512,512,RGB,8d0e3e5e7645465ec0e805cd99f36ba5
C:\Users\Usuario\.cache\kagglehub\datasets\adityamahimkar\iqothnccd-lung-cancer-dataset\versions\2\The IQ-OTHNCCD lung cancer dataset\The IQ-OTHNCCD lung cancer dataset\Bengin cases\Bengin case (39).jpg,Bengin case (39).jpg,Bengin cases,benign,512,512,RGB,178bd3bdb1f6506b19cf2b42e1a54a77
C:\Users\Usuario\.cache\kagglehub\datasets\adityamahimkar\iqothnccd-lung-cancer-dataset\versions\2\The IQ-OTHNCCD lung cancer dataset\The IQ-OTHNCCD lung cancer dataset\Bengin cases\Bengin case (4).jpg,Bengin case (4).jpg,Bengin cases,benign,512,512,RGB,84dff4466fc7b1ab499d4e3328b8c984
C:\Users\Usuario\.cache\kagglehub\datasets\adityamahimkar\iqothnccd-lung-cancer-dataset\versions\2\The IQ-OTHNCCD lung cancer dataset\The IQ-OTHNCCD lung cancer dataset\Bengin cases\Bengin case (40).jpg,Bengin case (40).jpg,Bengin cases,benign,512,512,RGB,c0ea7756a38c84d1ec70f5b2f449169d
C:\Users\Usuario\.cache\kagglehub\datasets\adityamahimkar\iqothnccd-lung-cancer-dataset\versions\2\The IQ-OTHNCCD lung cancer dataset\The IQ-OTHNCCD lung cancer dataset\Bengin cases\Bengin case (41).jpg,Bengin case (41).jpg,Bengin cases,benign,512,512,RGB,60a4d23f68e0a2aef868d041b028ef2b
C:\Users\Usuario\.cache\kagglehub\datasets\adityamahimkar\iqothnccd-lung-cancer-dataset\versions\2\The IQ-OTHNCCD lung cancer dataset\The IQ-OTHNCCD lung cancer dataset\Bengin cases\Bengin case (42).jpg,Bengin case (42).jpg,Bengin cases,benign,512,512,RGB,4189e0fcf90cba637af85ecd721a40c7
C:\Users\Usuario\.cache\kagglehub\datasets\adityamahimkar\iqothnccd-lung-cancer-dataset\versions\2\The IQ-OTHNCCD lung cancer dataset\The IQ-OTHNCCD lung cancer dataset\Bengin cases\Bengin case (43).jpg,Bengin case (43).jpg,Bengin cases,benign,512,512,RGB,19f54ee190b2e84310bba97e770bfb82
C:\Users\Usuario\.cache\kagglehub\datasets\adityamahimkar\iqothnccd-lung-cancer-dataset\versions\2\The IQ-OTHNCCD lung cancer dataset\The IQ-OTHNCCD lung cancer dataset\Bengin cases\Bengin case (44).jpg,Bengin case (44).jpg,Bengin cases,benign,512,512,RGB,6fa9340bb910cb519aeec136d0658405
C:\Users\Usuario\.cache\kagglehub\datasets\adityamahimkar\iqothnccd-lung-cancer-dataset\versions\2\The IQ-OTHNCCD lung cancer dataset\The IQ-OTHNCCD lung cancer dataset\Bengin cases\Bengin case (45).jpg,Bengin case (45).jpg,Bengin cases,benign,512,512,RGB,6dad4dfe2a74d6d1324692ece73be513
C:\Users\Usuario\.cache\kagglehub\datasets\adityamahimkar\iqothnccd-lung-cancer-dataset\versions\2\The IQ-OTHNCCD lung cancer dataset\The IQ-OTHNCCD lung cancer dataset\Bengin cases\Bengin case (46).jpg,Bengin case (46).jpg,Bengin cases,benign,512,512,RGB,180a278ece10d728474e0faab02e9741
C:\Users\Usuario\.cache\kagglehub\datasets\adityamahimkar\iqothnccd-lung-cancer-dataset\versions\2\The IQ-OTHNCCD lung cancer dataset\The IQ-OTHNCCD lung cancer dataset\Bengin cases\Bengin case (47).jpg,Bengin case (47).jpg,Bengin cases,benign,512,512,RGB,c958130c1506147af4c7e0868c53dd23
C:\Users\Usuario\.cache\kagglehub\datasets\adityamahimkar\iqothnccd-lung-cancer-dataset\versions\2\The IQ-OTHNCCD lung cancer dataset\The IQ-OTHNCCD lung cancer dataset\Bengin cases\Bengin case (48).jpg,Bengin case (48).jpg,Bengin cases,benign,512,512,RGB,33d511b36655eed650b0304d85d5c227
C:\Users\Usuario\.cache\kagglehub\datasets\adityamahimkar\iqothnccd-lung-cancer-dataset\versions\2\The IQ-OTHNCCD lung cancer dataset\The IQ-OTHNCCD lung cancer dataset\Bengin cases\Bengin case (49).jpg,Bengin case (49).jpg,Bengin cases,benign,512,512,RGB,2e4931322a6b58f767115509466d992c
C:\Users\Usuario\.cache\kagglehub\datasets\adityamahimkar\iqothnccd-lung-cancer-dataset\versions\2\The IQ-OTHNCCD lung cancer dataset\The IQ-OTHNCCD lung cancer dataset\Bengin cases\Bengin case (5).jpg,Bengin case (5).jpg,Bengin cases,benign,512,512,RGB,7a2b1289845a1d6ff2224dc90ed6e478
C:\Users\Usuario\.cache\kagglehub\datasets\adityamahimkar\iqothnccd-lung-cancer-dataset\versions\2\The IQ-OTHNCCD lung cancer dataset\The IQ-OTHNCCD lung cancer dataset\Bengin cases\Bengin case (50).jpg,Bengin case (50).jpg,Bengin cases,benign,512,512,RGB,f7a55fc5bbcbfbcaa086b5e9d4ddffbb
C:\Users\Usuario\.cache\kagglehub\datasets\adityamahimkar\iqothnccd-lung-cancer-dataset\versions\2\The IQ-OTHNCCD lung cancer dataset\The IQ-OTHNCCD lung cancer dataset\Bengin cases\Bengin case (51).jpg,Bengin case (51).jpg,Bengin cases,benign,512,512,RGB,41ce8acbb4f817d7a075d285022646c6
C:\Users\Usuario\.cache\kagglehub\datasets\adityamahimkar\iqothnccd-lung-cancer-dataset\versions\2\The IQ-OTHNCCD lung cancer dataset\The IQ-OTHNCCD lung cancer dataset\Bengin cases\Bengin case (52).jpg,Bengin case (52).jpg,Bengin cases,benign,512,512,RGB,e59e07b97d6dce5427aaf88367afb7dd
C:\Users\Usuario\.cache\kagglehub\datasets\adityamahimkar\iqothnccd-lung-cancer-dataset\versions\2\The IQ-OTHNCCD lung cancer dataset\The IQ-OTHNCCD lung cancer dataset\Bengin cases\Bengin case (53).jpg,Bengin case (53).jpg,Bengin cases,benign,512,512,RGB,d849b325f8a24665dc2e886ebb5ab674
C:\Users\Usuario\.cache\kagglehub\datasets\adityamahimkar\iqothnccd-lung-cancer-dataset\versions\2\The IQ-OTHNCCD lung cancer dataset\The IQ-OTHNCCD lung cancer dataset\Bengin cases\Bengin case (54).jpg,Bengin case (54).jpg,Bengin cases,benign,512,512,RGB,8103b339022b67a928f3a1d123f2084d
C:\Users\Usuario\.cache\kagglehub\datasets\adityamahimkar\iqothnccd-lung-cancer-dataset\versions\2\The IQ-OTHNCCD lung cancer dataset\The IQ-OTHNCCD lung cancer dataset\Bengin cases\Bengin case (55).jpg,Bengin case (55).jpg,Bengin cases,benign,512,512,RGB,70ffb66633ddaf50e4ed60fc2a68691e
C:\Users\Usuario\.cache\kagglehub\datasets\adityamahimkar\iqothnccd-lung-cancer-dataset\versions\2\The IQ-OTHNCCD lung cancer dataset\The IQ-OTHNCCD lung cancer dataset\Bengin cases\Bengin case (56).jpg,Bengin case (56).jpg,Bengin cases,benign,512,512,RGB,d697e4700b11a9ff803e25055e38c20b
C:\Users\Usuario\.cache\kagglehub\datasets\adityamahimkar\iqothnccd-lung-cancer-dataset\versions\2\The IQ-OTHNCCD lung cancer dataset\The IQ-OTHNCCD lung cancer dataset\Bengin cases\Bengin case (57).jpg,Bengin case (57).jpg,Bengin cases,benign,512,512,RGB,f4a76b575cf6e32ed57db543f04265ba
C:\Users\Usuario\.cache\kagglehub\datasets\adityamahimkar\iqothnccd-lung-cancer-dataset\versions\2\The IQ-OTHNCCD lung cancer dataset\The IQ-OTHNCCD lung cancer dataset\Bengin cases\Bengin case (58).jpg,Bengin case (58).jpg,Bengin cases,benign,512,512,RGB,025329b2c0940101b4d3dcd8b30263ba
C:\Users\Usuario\.cache\kagglehub\datasets\adityamahimkar\iqothnccd-lung-cancer-dataset\versions\2\The IQ-OTHNCCD lung cancer dataset\The IQ-OTHNCCD lung cancer dataset\Bengin cases\Bengin case (59).jpg,Bengin case (59).jpg,Bengin cases,benign,512,512,RGB,3236c492a17c87dd6c93796029845d09
C:\Users\Usuario\.cache\kagglehub\datasets\adityamahimkar\iqothnccd-lung-cancer-dataset\versions\2\The IQ-OTHNCCD lung cancer dataset\The IQ-OTHNCCD lung cancer dataset\Bengin cases\Bengin case (6).jpg,Bengin case (6).jpg,Bengin cases,benign,512,512,RGB,6867f03db98dd96bdf62b6b00716f8d2
C:\Users\Usuario\.cache\kagglehub\datasets\adityamahimkar\iqothnccd-lung-cancer-dataset\versions\2\The IQ-OTHNCCD lung cancer dataset\The IQ-OTHNCCD lung cancer dataset\Bengin cases\Bengin case (60).jpg,Bengin case (60).jpg,Bengin cases,benign,512,512,RGB,268bfe92b8ba4a184de3ef40633fba77
C:\Users\Usuario\.cache\kagglehub\datasets\adityamahimkar\iqothnccd-lung-cancer-dataset\versions\2\The IQ-OTHNCCD lung cancer dataset\The IQ-OTHNCCD lung cancer dataset\Bengin cases\Bengin case (61).jpg,Bengin case (61).jpg,Bengin cases,benign,512,512,RGB,7b10799ed6b2b37fbf254f06fd3d2957
C:\Users\Usuario\.cache\kagglehub\datasets\adityamahimkar\iqothnccd-lung-cancer-dataset\versions\2\The IQ-OTHNCCD lung cancer dataset\The IQ-OTHNCCD lung cancer dataset\Bengin cases\Bengin case (62).jpg,Bengin case (62).jpg,Bengin cases,benign,512,512,RGB,c1dad3237f9966c2adb2fe588cdf6120
C:\Users\Usuario\.cache\kagglehub\datasets\adityamahimkar\iqothnccd-lung-cancer-dataset\versions\2\The IQ-OTHNCCD lung cancer dataset\The IQ-OTHNCCD lung cancer dataset\Bengin cases\Bengin case (64).jpg,Bengin case (64).jpg,Bengin cases,benign,512,512,RGB,072e07b5986c5f1c04a74bb6d1ff45db
C:\Users\Usuario\.cache\kagglehub\datasets\adityamahimkar\iqothnccd-lung-cancer-dataset\versions\2\The IQ-OTHNCCD lung cancer dataset\The IQ-OTHNCCD lung cancer dataset\Bengin cases\Bengin case (66).jpg,Bengin case (66).jpg,Bengin cases,benign,512,512,RGB,2a2cafb516aa1f4f994f445e17a8ed10
C:\Users\Usuario\.cache\kagglehub\datasets\adityamahimkar\iqothnccd-lung-cancer-dataset\versions\2\The IQ-OTHNCCD lung cancer dataset\The IQ-OTHNCCD lung cancer dataset\Bengin cases\Bengin case (67).jpg,Bengin case (67).jpg,Bengin cases,benign,512,512,RGB,e908c08f8d85d3aac5f928d0e0ce4514
C:\Users\Usuario\.cache\kagglehub\datasets\adityamahimkar\iqothnccd-lung-cancer-dataset\versions\2\The IQ-OTHNCCD lung cancer dataset\The IQ-OTHNCCD lung cancer dataset\Bengin cases\Bengin case (68).jpg,Bengin case (68).jpg,Bengin cases,benign,512,512,RGB,807c032e771d3df3ccdb639d6d8b2c17
C:\Users\Usuario\.cache\kagglehub\datasets\adityamahimkar\iqothnccd-lung-cancer-dataset\versions\2\The IQ-OTHNCCD lung cancer dataset\The IQ-OTHNCCD lung cancer dataset\Bengin cases\Bengin case (69).jpg,Bengin case (69).jpg,Bengin cases,benign,512,512,RGB,ea108d24a314d20f616c44eea8a64daa
C:\Users\Usuario\.cache\kagglehub\datasets\adityamahimkar\iqothnccd-lung-cancer-dataset\versions\2\The IQ-OTHNCCD lung cancer dataset\The IQ-OTHNCCD lung cancer dataset\Bengin cases\Bengin case (7).jpg,Bengin case (7).jpg,Bengin cases,benign,512,512,RGB,be53a2dc3b6b993c3f26beae4f486fa5
C:\Users\Usuario\.cache\kagglehub\datasets\adityamahimkar\iqothnccd-lung-cancer-dataset\versions\2\The IQ-OTHNCCD lung cancer dataset\The IQ-OTHNCCD lung cancer dataset\Bengin cases\Bengin case (70).jpg,Bengin case (70).jpg,Bengin cases,benign,512,512,RGB,bdb8e1c3244235d04a2f7512f69a40e2
C:\Users\Usuario\.cache\kagglehub\datasets\adityamahimkar\iqothnccd-lung-cancer-dataset\versions\2\The IQ-OTHNCCD lung cancer dataset\The IQ-OTHNCCD lung cancer dataset\Bengin cases\Bengin case (71).jpg,Bengin case (71).jpg,Bengin cases,benign,512,512,RGB,5352be9718c77e63087503e197f9592e
C:\Users\Usuario\.cache\kagglehub\datasets\adityamahimkar\iqothnccd-lung-cancer-dataset\versions\2\The IQ-OTHNCCD lung cancer dataset\The IQ-OTHNCCD lung cancer dataset\Bengin cases\Bengin case (73).jpg,Bengin case (73).jpg,Bengin cases,benign,512,512,RGB,1439fe5f46477178d5f5ebe934576dc4
C:\Users\Usuario\.cache\kagglehub\datasets\adityamahimkar\iqothnccd-lung-cancer-dataset\versions\2\The IQ-OTHNCCD lung cancer dataset\The IQ-OTHNCCD lung cancer dataset\Bengin cases\Bengin case (74).jpg,Bengin case (74).jpg,Bengin cases,benign,512,512,RGB,304bc5232da6e3ae59fc84950e828e13
C:\Users\Usuario\.cache\kagglehub\datasets\adityamahimkar\iqothnccd-lung-cancer-dataset\versions\2\The IQ-OTHNCCD lung cancer dataset\The IQ-OTHNCCD lung cancer dataset\Bengin cases\Bengin case (76).jpg,Bengin case (76).jpg,Bengin cases,benign,512,512,RGB,eaff943ea5b2b13512fa07009dbe3291
C:\Users\Usuario\.cache\kagglehub\datasets\adityamahimkar\iqothnccd-lung-cancer-dataset\versions\2\The IQ-OTHNCCD lung cancer dataset\The IQ-OTHNCCD lung cancer dataset\Bengin cases\Bengin case (77).jpg,Bengin case (77).jpg,Bengin cases,benign,512,512,RGB,225e5c0066a5b06d6d6ad54be840dd4d
C:\Users\Usuario\.cache\kagglehub\datasets\adityamahimkar\iqothnccd-lung-cancer-dataset\versions\2\The IQ-OTHNCCD lung cancer dataset\The IQ-OTHNCCD lung cancer dataset\Bengin cases\Bengin case (78).jpg,Bengin case (78).jpg,Bengin cases,benign,512,512,RGB,6257529efad3a734c54a0c68167d7027
C:\Users\Usuario\.cache\kagglehub\datasets\adityamahimkar\iqothnccd-lung-cancer-dataset\versions\2\The IQ-OTHNCCD lung cancer dataset\The IQ-OTHNCCD lung cancer dataset\Bengin cases\Bengin case (79).jpg,Bengin case (79).jpg,Bengin cases,benign,512,512,RGB,41a567eb32cf8194e59ce1fc42200bbd
C:\Users\Usuario\.cache\kagglehub\datasets\adityamahimkar\iqothnccd-lung-cancer-dataset\versions\2\The IQ-OTHNCCD lung cancer dataset\The IQ-OTHNCCD lung cancer dataset\Bengin cases\Bengin case (80).jpg,Bengin case (80).jpg,Bengin cases,benign,512,512,RGB,9b57e310be166f5545f121ca6b2e91b1
C:\Users\Usuario\.cache\kagglehub\datasets\adityamahimkar\iqothnccd-lung-cancer-dataset\versions\2\The IQ-OTHNCCD lung cancer dataset\The IQ-OTHNCCD lung cancer dataset\Bengin cases\Bengin case (81).jpg,Bengin case (81).jpg,Bengin cases,benign,512,512,RGB,c609bca5dcd25a990d8f63d464a0e3ba
C:\Users\Usuario\.cache\kagglehub\datasets\adityamahimkar\iqothnccd-lung-cancer-dataset\versions\2\The IQ-OTHNCCD lung cancer dataset\The IQ-OTHNCCD lung cancer dataset\Bengin cases\Bengin case (82).jpg,Bengin case (82).jpg,Bengin cases,benign,512,512,RGB,5857736323f7c1e7926e68d8082d9975
C:\Users\Usuario\.cache\kagglehub\datasets\adityamahimkar\iqothnccd-lung-cancer-dataset\versions\2\The IQ-OTHNCCD lung cancer dataset\The IQ-OTHNCCD lung cancer dataset\Bengin cases\Bengin case (83).jpg,Bengin case (83).jpg,Bengin cases,benign,512,512,RGB,b14068448573d875a0af0c70b027b644
C:\Users\Usuario\.cache\kagglehub\datasets\adityamahimkar\iqothnccd-lung-cancer-dataset\versions\2\The IQ-OTHNCCD lung cancer dataset\The IQ-OTHNCCD lung cancer dataset\Bengin cases\Bengin case (84).jpg,Bengin case (84).jpg,Bengin cases,benign,512,512,RGB,e9a03f5de5d8e422302ca9a3ade39556
C:\Users\Usuario\.cache\kagglehub\datasets\adityamahimkar\iqothnccd-lung-cancer-dataset\versions\2\The IQ-OTHNCCD lung cancer dataset\The IQ-OTHNCCD lung cancer dataset\Bengin cases\Bengin case (86).jpg,Bengin case (86).jpg,Bengin cases,benign,512,512,RGB,8b4053b0a704ebde34138366a92c1dc5
C:\Users\Usuario\.cache\kagglehub\datasets\adityamahimkar\iqothnccd-lung-cancer-dataset\versions\2\The IQ-OTHNCCD lung cancer dataset\The IQ-OTHNCCD lung cancer dataset\Bengin cases\Bengin case (87).jpg,Bengin case (87).jpg,Bengin cases,benign,512,512,RGB,c7fcb7f8e711e883a42c638311603bc9
C:\Users\Usuario\.cache\kagglehub\datasets\adityamahimkar\iqothnccd-lung-cancer-dataset\versions\2\The IQ-OTHNCCD lung cancer dataset\The IQ-OTHNCCD lung cancer dataset\Bengin cases\Bengin case (88).jpg,Bengin case (88).jpg,Bengin cases,benign,512,512,RGB,5c9e61cc656d7c8ac31aa05774f801b3
C:\Users\Usuario\.cache\kagglehub\datasets\adityamahimkar\iqothnccd-lung-cancer-dataset\versions\2\The IQ-OTHNCCD lung cancer dataset\The IQ-OTHNCCD lung cancer dataset\Bengin cases\Bengin case (89).jpg,Bengin case (89).jpg,Bengin cases,benign,512,512,RGB,db09396211821ebaaf8e1b9a1e154ff7
C:\Users\Usuario\.cache\kagglehub\datasets\adityamahimkar\iqothnccd-lung-cancer-dataset\versions\2\The IQ-OTHNCCD lung cancer dataset\The IQ-OTHNCCD lung cancer dataset\Bengin cases\Bengin case (90).jpg,Bengin case (90).jpg,Bengin cases,benign,512,512,RGB,c78bc87779a18fabef1ae1f4f330ae05
C:\Users\Usuario\.cache\kagglehub\datasets\adityamahimkar\iqothnccd-lung-cancer-dataset\versions\2\The IQ-OTHNCCD lung cancer dataset\The IQ-OTHNCCD lung cancer dataset\Bengin cases\Bengin case (92).jpg,Bengin case (92).jpg,Bengin cases,benign,512,512,RGB,f2bb243ba314249c90d85eacec1b31c5
C:\Users\Usuario\.cache\kagglehub\datasets\adityamahimkar\iqothnccd-lung-cancer-dataset\versions\2\The IQ-OTHNCCD lung cancer dataset\The IQ-OTHNCCD lung cancer dataset\Bengin cases\Bengin case (93).jpg,Bengin case (93).jpg,Bengin cases,benign,512,512,RGB,10a61b19b4acb35d2900a09079d8dfed
C:\Users\Usuario\.cache\kagglehub\datasets\adityamahimkar\iqothnccd-lung-cancer-dataset\versions\2\The IQ-OTHNCCD lung cancer dataset\The IQ-OTHNCCD lung cancer dataset\Bengin cases\Bengin case (94).jpg,Bengin case (94).jpg,Bengin cases,benign,512,512,RGB,8651c6766466e0188761ef8fb17680a5
C:\Users\Usuario\.cache\kagglehub\datasets\adityamahimkar\iqothnccd-lung-cancer-dataset\versions\2\The IQ-OTHNCCD lung cancer dataset\The IQ-OTHNCCD lung cancer dataset\Bengin cases\Bengin case (96).jpg,Bengin case (96).jpg,Bengin cases,benign,512,512,RGB,fd7e7f0469bd6d91c6a7122a9f647f37
C:\Users\Usuario\.cache\kagglehub\datasets\adityamahimkar\iqothnccd-lung-cancer-dataset\versions\2\The IQ-OTHNCCD lung cancer dataset\The IQ-OTHNCCD lung cancer dataset\Bengin cases\Bengin case (98).jpg,Bengin case (98).jpg,Bengin cases,benign,512,512,RGB,6bd9725a829313b4e7e642f3d1eabde0
C:\Users\Usuario\.cache\kagglehub\datasets\adityamahimkar\iqothnccd-lung-cancer-dataset\versions\2\The IQ-OTHNCCD lung cancer dataset\The IQ-OTHNCCD lung cancer dataset\Bengin cases\Bengin case (99).jpg,Bengin case (99).jpg,Bengin cases,benign,512,512,RGB,933d4908d0cf25e2fa6429377bf14b82
C:\Users\Usuario\.cache\kagglehub\datasets\adityamahimkar\iqothnccd-lung-cancer-dataset\versions\2\The IQ-OTHNCCD lung cancer dataset\The IQ-OTHNCCD lung cancer dataset\Malignant cases\Malignant case (1).jpg,Malignant case (1).jpg,Malignant cases,malignant,512,512,RGB,b6ee9ff58d52dca2b7b501d400633a18
C:\Users\Usuario\.cache\kagglehub\datasets\adityamahimkar\iqothnccd-lung-cancer-dataset\versions\2\The IQ-OTHNCCD lung cancer dataset\The IQ-OTHNCCD lung cancer dataset\Malignant cases\Malignant case (10).jpg,Malignant case (10).jpg,Malignant cases,malignant,512,512,RGB,284e7e6563b7468534a80a20fa84983a
C:\Users\Usuario\.cache\kagglehub\datasets\adityamahimkar\iqothnccd-lung-cancer-dataset\versions\2\The IQ-OTHNCCD lung cancer dataset\The IQ-OTHNCCD lung cancer dataset\Malignant cases\Malignant case (100).jpg,Malignant case (100).jpg,Malignant cases,malignant,512,512,RGB,9fb752a967b93d2947ce97b1d28c92c3
C:\Users\Usuario\.cache\kagglehub\datasets\adityamahimkar\iqothnccd-lung-cancer-dataset\versions\2\The IQ-OTHNCCD lung cancer dataset\The IQ-OTHNCCD lung cancer dataset\Malignant cases\Malignant case (101).jpg,Malignant case (101).jpg,Malignant cases,malignant,512,512,RGB,459ed6537a2e6ebb53c2217d693d779d
C:\Users\Usuario\.cache\kagglehub\datasets\adityamahimkar\iqothnccd-lung-cancer-dataset\versions\2\The IQ-OTHNCCD lung cancer dataset\The IQ-OTHNCCD lung cancer dataset\Malignant cases\Malignant case (102).jpg,Malignant case (102).jpg,Malignant cases,malignant,512,512,RGB,4f851233e69af3e4107264ea8a110ae7
C:\Users\Usuario\.cache\kagglehub\datasets\adityamahimkar\iqothnccd-lung-cancer-dataset\versions\2\The IQ-OTHNCCD lung cancer dataset\The IQ-OTHNCCD lung cancer dataset\Malignant cases\Malignant case (103).jpg,Malignant case (103).jpg,Malignant cases,malignant,512,512,RGB,20539a2b9898d8db0337ba04f994a40a
C:\Users\Usuario\.cache\kagglehub\datasets\adityamahimkar\iqothnccd-lung-cancer-dataset\versions\2\The IQ-OTHNCCD lung cancer dataset\The IQ-OTHNCCD lung cancer dataset\Malignant cases\Malignant case (104).jpg,Malignant case (104).jpg,Malignant cases,malignant,512,512,RGB,1bc86e8e7591ca63f7eeacdedde21d08
C:\Users\Usuario\.cache\kagglehub\datasets\adityamahimkar\iqothnccd-lung-cancer-dataset\versions\2\The IQ-OTHNCCD lung cancer dataset\The IQ-OTHNCCD lung cancer dataset\Malignant cases\Malignant case (105).jpg,Malignant case (105).jpg,Malignant cases,malignant,512,512,RGB,d23ab879363e158eb2a60c400a6beff5
C:\Users\Usuario\.cache\kagglehub\datasets\adityamahimkar\iqothnccd-lung-cancer-dataset\versions\2\The IQ-OTHNCCD lung cancer dataset\The IQ-OTHNCCD lung cancer dataset\Malignant cases\Malignant case (106).jpg,Malignant case (106).jpg,Malignant cases,malignant,512,512,RGB,088223169d4fb8417b3a61dd961ac679
C:\Users\Usuario\.cache\kagglehub\datasets\adityamahimkar\iqothnccd-lung-cancer-dataset\versions\2\The IQ-OTHNCCD lung cancer dataset\The IQ-OTHNCCD lung cancer dataset\Malignant cases\Malignant case (107).jpg,Malignant case (107).jpg,Malignant cases,malignant,512,512,RGB,9318f2dcf7a827321a15ed28ef318140
C:\Users\Usuario\.cache\kagglehub\datasets\adityamahimkar\iqothnccd-lung-cancer-dataset\versions\2\The IQ-OTHNCCD lung cancer dataset\The IQ-OTHNCCD lung cancer dataset\Malignant cases\Malignant case (108).jpg,Malignant case (108).jpg,Malignant cases,malignant,512,512,RGB,042412ba929ca3b31ef86c4292da5ca4
C:\Users\Usuario\.cache\kagglehub\datasets\adityamahimkar\iqothnccd-lung-cancer-dataset\versions\2\The IQ-OTHNCCD lung cancer dataset\The IQ-OTHNCCD lung cancer dataset\Malignant cases\Malignant case (109).jpg,Malignant case (109).jpg,Malignant cases,malignant,512,512,RGB,94061f231ff14ec55bf41aa3449b6bd4
C:\Users\Usuario\.cache\kagglehub\datasets\adityamahimkar\iqothnccd-lung-cancer-dataset\versions\2\The IQ-OTHNCCD lung cancer dataset\The IQ-OTHNCCD lung cancer dataset\Malignant cases\Malignant case (11).jpg,Malignant case (11).jpg,Malignant cases,malignant,512,512,RGB,bdf83d479a5da9672d03bd2025a63c26
C:\Users\Usuario\.cache\kagglehub\datasets\adityamahimkar\iqothnccd-lung-cancer-dataset\versions\2\The IQ-OTHNCCD lung cancer dataset\The IQ-OTHNCCD lung cancer dataset\Malignant cases\Malignant case (110).jpg,Malignant case (110).jpg,Malignant cases,malignant,512,512,RGB,df90fb29f6dcb2b1dfadefa699077c34
C:\Users\Usuario\.cache\kagglehub\datasets\adityamahimkar\iqothnccd-lung-cancer-dataset\versions\2\The IQ-OTHNCCD lung cancer dataset\The IQ-OTHNCCD lung cancer dataset\Malignant cases\Malignant case (111).jpg,Malignant case (111).jpg,Malignant cases,malignant,512,512,RGB,52ded481f2464d94890597da5ea93cb8
C:\Users\Usuario\.cache\kagglehub\datasets\adityamahimkar\iqothnccd-lung-cancer-dataset\versions\2\The IQ-OTHNCCD lung cancer dataset\The IQ-OTHNCCD lung cancer dataset\Malignant cases\Malignant case (112).jpg,Malignant case (112).jpg,Malignant cases,malignant,512,512,RGB,2ca4d8b685b5adc674609da88a5866cc
C:\Users\Usuario\.cache\kagglehub\datasets\adityamahimkar\iqothnccd-lung-cancer-dataset\versions\2\The IQ-OTHNCCD lung cancer dataset\The IQ-OTHNCCD lung cancer dataset\Malignant cases\Malignant case (113).jpg,Malignant case (113).jpg,Malignant cases,malignant,512,512,RGB,98d146b2ab8f0b985a4a448e0b1b9a58
C:\Users\Usuario\.cache\kagglehub\datasets\adityamahimkar\iqothnccd-lung-cancer-dataset\versions\2\The IQ-OTHNCCD lung cancer dataset\The IQ-OTHNCCD lung cancer dataset\Malignant cases\Malignant case (114).jpg,Malignant case (114).jpg,Malignant cases,malignant,512,512,RGB,0f7b58fa5d62a47b8d2e3055dc959aaa
C:\Users\Usuario\.cache\kagglehub\datasets\adityamahimkar\iqothnccd-lung-cancer-dataset\versions\2\The IQ-OTHNCCD lung cancer dataset\The IQ-OTHNCCD lung cancer dataset\Malignant cases\Malignant case (115).jpg,Malignant case (115).jpg,Malignant cases,malignant,512,512,RGB,1719834a14ad8dd1f8cdfbe5d91eee11
C:\Users\Usuario\.cache\kagglehub\datasets\adityamahimkar\iqothnccd-lung-cancer-dataset\versions\2\The IQ-OTHNCCD lung cancer dataset\The IQ-OTHNCCD lung cancer dataset\Malignant cases\Malignant case (116).jpg,Malignant case (116).jpg,Malignant cases,malignant,512,512,RGB,b9b0d02062d808ffc3215ab610bc5ff0
C:\Users\Usuario\.cache\kagglehub\datasets\adityamahimkar\iqothnccd-lung-cancer-dataset\versions\2\The IQ-OTHNCCD lung cancer dataset\The IQ-OTHNCCD lung cancer dataset\Malignant cases\Malignant case (117).jpg,Malignant case (117).jpg,Malignant cases,malignant,512,512,RGB,1351a1e8b427b3628ce72c9a0d1d97c3
C:\Users\Usuario\.cache\kagglehub\datasets\adityamahimkar\iqothnccd-lung-cancer-dataset\versions\2\The IQ-OTHNCCD lung cancer dataset\The IQ-OTHNCCD lung cancer dataset\Malignant cases\Malignant case (118).jpg,Malignant case (118).jpg,Malignant cases,malignant,512,512,RGB,3396a9a70fba039487a7d02bd31e9bbd
C:\Users\Usuario\.cache\kagglehub\datasets\adityamahimkar\iqothnccd-lung-cancer-dataset\versions\2\The IQ-OTHNCCD lung cancer dataset\The IQ-OTHNCCD lung cancer dataset\Malignant cases\Malignant case (119).jpg,Malignant case (119).jpg,Malignant cases,malignant,512,512,RGB,0ffe2ec528e452e671ba50d3bec7230a
C:\Users\Usuario\.cache\kagglehub\datasets\adityamahimkar\iqothnccd-lung-cancer-dataset\versions\2\The IQ-OTHNCCD lung cancer dataset\The IQ-OTHNCCD lung cancer dataset\Malignant cases\Malignant case (12).jpg,Malignant case (12).jpg,Malignant cases,malignant,512,512,RGB,25f94e549a12ae719938d3a161e713ba
C:\Users\Usuario\.cache\kagglehub\datasets\adityamahimkar\iqothnccd-lung-cancer-dataset\versions\2\The IQ-OTHNCCD lung cancer dataset\The IQ-OTHNCCD lung cancer dataset\Malignant cases\Malignant case (120).jpg,Malignant case (120).jpg,Malignant cases,malignant,512,512,RGB,0cc7df53cf4131915e8d524c91d33bb2
C:\Users\Usuario\.cache\kagglehub\datasets\adityamahimkar\iqothnccd-lung-cancer-dataset\versions\2\The IQ-OTHNCCD lung cancer dataset\The IQ-OTHNCCD lung cancer dataset\Malignant cases\Malignant case (121).jpg,Malignant case (121).jpg,Malignant cases,malignant,512,512,RGB,c3ab97fe9b7ac0f37f0b0606d2f3e4e2
C:\Users\Usuario\.cache\kagglehub\datasets\adityamahimkar\iqothnccd-lung-cancer-dataset\versions\2\The IQ-OTHNCCD lung cancer dataset\The IQ-OTHNCCD lung cancer dataset\Malignant cases\Malignant case (122).jpg,Malignant case (122).jpg,Malignant cases,malignant,512,512,RGB,c45c3b21ca4fa3c9659495f8436de352
C:\Users\Usuario\.cache\kagglehub\datasets\adityamahimkar\iqothnccd-lung-cancer-dataset\versions\2\The IQ-OTHNCCD lung cancer dataset\The IQ-OTHNCCD lung cancer dataset\Malignant cases\Malignant case (123).jpg,Malignant case (123).jpg,Malignant cases,malignant,512,512,RGB,50af0371dd416e494b7c5f6a79cbce70
C:\Users\Usuario\.cache\kagglehub\datasets\adityamahimkar\iqothnccd-lung-cancer-dataset\versions\2\The IQ-OTHNCCD lung cancer dataset\The IQ-OTHNCCD lung cancer dataset\Malignant cases\Malignant case (124).jpg,Malignant case (124).jpg,Malignant cases,malignant,512,512,RGB,c49ebedc982c966cb70fbbca39778d21
C:\Users\Usuario\.cache\kagglehub\datasets\adityamahimkar\iqothnccd-lung-cancer-dataset\versions\2\The IQ-OTHNCCD lung cancer dataset\The IQ-OTHNCCD lung cancer dataset\Malignant cases\Malignant case (125).jpg,Malignant case (125).jpg,Malignant cases,malignant,512,512,RGB,3db749b78169503d478b1aa8924bb6ca
C:\Users\Usuario\.cache\kagglehub\datasets\adityamahimkar\iqothnccd-lung-cancer-dataset\versions\2\The IQ-OTHNCCD lung cancer dataset\The IQ-OTHNCCD lung cancer dataset\Malignant cases\Malignant case (126).jpg,Malignant case (126).jpg,Malignant cases,malignant,512,512,RGB,97381f16a05204f2db378d9ba2b7b743
C:\Users\Usuario\.cache\kagglehub\datasets\adityamahimkar\iqothnccd-lung-cancer-dataset\versions\2\The IQ-OTHNCCD lung cancer dataset\The IQ-OTHNCCD lung cancer dataset\Malignant cases\Malignant case (127).jpg,Malignant case (127).jpg,Malignant cases,malignant,512,512,RGB,dfe233488ec8388b9d7f434529d9bc3c
C:\Users\Usuario\.cache\kagglehub\datasets\adityamahimkar\iqothnccd-lung-cancer-dataset\versions\2\The IQ-OTHNCCD lung cancer dataset\The IQ-OTHNCCD lung cancer dataset\Malignant cases\Malignant case (128).jpg,Malignant case (128).jpg,Malignant cases,malignant,512,512,RGB,194b09cec543de49d980c4407b94fab7
C:\Users\Usuario\.cache\kagglehub\datasets\adityamahimkar\iqothnccd-lung-cancer-dataset\versions\2\The IQ-OTHNCCD lung cancer dataset\The IQ-OTHNCCD lung cancer dataset\Malignant cases\Malignant case (129).jpg,Malignant case (129).jpg,Malignant cases,malignant,512,512,RGB,fb7d806b6738c831aa5ab34278e3083d
C:\Users\Usuario\.cache\kagglehub\datasets\adityamahimkar\iqothnccd-lung-cancer-dataset\versions\2\The IQ-OTHNCCD lung cancer dataset\The IQ-OTHNCCD lung cancer dataset\Malignant cases\Malignant case (13).jpg,Malignant case (13).jpg,Malignant cases,malignant,512,512,RGB,2a86087844abccc0fda69d30261c6a89
C:\Users\Usuario\.cache\kagglehub\datasets\adityamahimkar\iqothnccd-lung-cancer-dataset\versions\2\The IQ-OTHNCCD lung cancer dataset\The IQ-OTHNCCD lung cancer dataset\Malignant cases\Malignant case (130).jpg,Malignant case (130).jpg,Malignant cases,malignant,512,512,RGB,f2a6cc2ce8a7aa43be8daf53bf996fa6
C:\Users\Usuario\.cache\kagglehub\datasets\adityamahimkar\iqothnccd-lung-cancer-dataset\versions\2\The IQ-OTHNCCD lung cancer dataset\The IQ-OTHNCCD lung cancer dataset\Malignant cases\Malignant case (131).jpg,Malignant case (131).jpg,Malignant cases,malignant,512,512,RGB,6b7d77628b30f4b4efecd1c90fb91426
C:\Users\Usuario\.cache\kagglehub\datasets\adityamahimkar\iqothnccd-lung-cancer-dataset\versions\2\The IQ-OTHNCCD lung cancer dataset\The IQ-OTHNCCD lung cancer dataset\Malignant cases\Malignant case (132).jpg,Malignant case (132).jpg,Malignant cases,malignant,512,512,RGB,e01f489ae516e7398b90e6a350495328
C:\Users\Usuario\.cache\kagglehub\datasets\adityamahimkar\iqothnccd-lung-cancer-dataset\versions\2\The IQ-OTHNCCD lung cancer dataset\The IQ-OTHNCCD lung cancer dataset\Malignant cases\Malignant case (133).jpg,Malignant case (133).jpg,Malignant cases,malignant,512,512,RGB,2493ed6ee26251e378901b59ec7087de
C:\Users\Usuario\.cache\kagglehub\datasets\adityamahimkar\iqothnccd-lung-cancer-dataset\versions\2\The IQ-OTHNCCD lung cancer dataset\The IQ-OTHNCCD lung cancer dataset\Malignant cases\Malignant case (134).jpg,Malignant case (134).jpg,Malignant cases,malignant,512,512,RGB,fefeb1d5315669f80af626c4378026dc
C:\Users\Usuario\.cache\kagglehub\datasets\adityamahimkar\iqothnccd-lung-cancer-dataset\versions\2\The IQ-OTHNCCD lung cancer dataset\The IQ-OTHNCCD lung cancer dataset\Malignant cases\Malignant case (135).jpg,Malignant case (135).jpg,Malignant cases,malignant,512,512,RGB,2e212eb1a95b4bba1a602e83bd8c8685
C:\Users\Usuario\.cache\kagglehub\datasets\adityamahimkar\iqothnccd-lung-cancer-dataset\versions\2\The IQ-OTHNCCD lung cancer dataset\The IQ-OTHNCCD lung cancer dataset\Malignant cases\Malignant case (136).jpg,Malignant case (136).jpg,Malignant cases,malignant,512,512,RGB,18a3242f9519e30023e899986d16b232
C:\Users\Usuario\.cache\kagglehub\datasets\adityamahimkar\iqothnccd-lung-cancer-dataset\versions\2\The IQ-OTHNCCD lung cancer dataset\The IQ-OTHNCCD lung cancer dataset\Malignant cases\Malignant case (137).jpg,Malignant case (137).jpg,Malignant cases,malignant,512,512,RGB,7c7e1195d28979d5d579f8c3e893d3df
C:\Users\Usuario\.cache\kagglehub\datasets\adityamahimkar\iqothnccd-lung-cancer-dataset\versions\2\The IQ-OTHNCCD lung cancer dataset\The IQ-OTHNCCD lung cancer dataset\Malignant cases\Malignant case (14).jpg,Malignant case (14).jpg,Malignant cases,malignant,512,512,RGB,0fb9ea60c4be3dd91f1f712a1d8c8797
C:\Users\Usuario\.cache\kagglehub\datasets\adityamahimkar\iqothnccd-lung-cancer-dataset\versions\2\The IQ-OTHNCCD lung cancer dataset\The IQ-OTHNCCD lung cancer dataset\Malignant cases\Malignant case (142).jpg,Malignant case (142).jpg,Malignant cases,malignant,512,512,RGB,e55e906c70e040722d5b61d2467c4bee
C:\Users\Usuario\.cache\kagglehub\datasets\adityamahimkar\iqothnccd-lung-cancer-dataset\versions\2\The IQ-OTHNCCD lung cancer dataset\The IQ-OTHNCCD lung cancer dataset\Malignant cases\Malignant case (143).jpg,Malignant case (143).jpg,Malignant cases,malignant,512,512,RGB,e0bda6103416d1a29ca88dce9e18072a
C:\Users\Usuario\.cache\kagglehub\datasets\adityamahimkar\iqothnccd-lung-cancer-dataset\versions\2\The IQ-OTHNCCD lung cancer dataset\The IQ-OTHNCCD lung cancer dataset\Malignant cases\Malignant case (144).jpg,Malignant case (144).jpg,Malignant cases,malignant,512,512,RGB,65ef94bb4c290ead1f2f6acfff639fea
C:\Users\Usuario\.cache\kagglehub\datasets\adityamahimkar\iqothnccd-lung-cancer-dataset\versions\2\The IQ-OTHNCCD lung cancer dataset\The IQ-OTHNCCD lung cancer dataset\Malignant cases\Malignant case (145).jpg,Malignant case (145).jpg,Malignant cases,malignant,512,512,RGB,1e1f35c2eede3cc57dcc3223eeeb64fa
C:\Users\Usuario\.cache\kagglehub\datasets\adityamahimkar\iqothnccd-lung-cancer-dataset\versions\2\The IQ-OTHNCCD lung cancer dataset\The IQ-OTHNCCD lung cancer dataset\Malignant cases\Malignant case (146).jpg,Malignant case (146).jpg,Malignant cases,malignant,512,512,RGB,f025fbe6b0843291cf2d9a7e136d0df8
C:\Users\Usuario\.cache\kagglehub\datasets\adityamahimkar\iqothnccd-lung-cancer-dataset\versions\2\The IQ-OTHNCCD lung cancer dataset\The IQ-OTHNCCD lung cancer dataset\Malignant cases\Malignant case (147).jpg,Malignant case (147).jpg,Malignant cases,malignant,512,512,RGB,56e497939df3205fcf5707ba2c2d182c
C:\Users\Usuario\.cache\kagglehub\datasets\adityamahimkar\iqothnccd-lung-cancer-dataset\versions\2\The IQ-OTHNCCD lung cancer dataset\The IQ-OTHNCCD lung cancer dataset\Malignant cases\Malignant case (149).jpg,Malignant case (149).jpg,Malignant cases,malignant,512,512,RGB,e5390a7e68775db73b59ba9ec2e3cc23
C:\Users\Usuario\.cache\kagglehub\datasets\adityamahimkar\iqothnccd-lung-cancer-dataset\versions\2\The IQ-OTHNCCD lung cancer dataset\The IQ-OTHNCCD lung cancer dataset\Malignant cases\Malignant case (15).jpg,Malignant case (15).jpg,Malignant cases,malignant,512,512,RGB,ea017012b432e4bcfe1df5a93b55613d
C:\Users\Usuario\.cache\kagglehub\datasets\adityamahimkar\iqothnccd-lung-cancer-dataset\versions\2\The IQ-OTHNCCD lung cancer dataset\The IQ-OTHNCCD lung cancer dataset\Malignant cases\Malignant case (150).jpg,Malignant case (150).jpg,Malignant cases,malignant,512,512,RGB,3694e15ef7a58938629cc79d26be1ad3
C:\Users\Usuario\.cache\kagglehub\datasets\adityamahimkar\iqothnccd-lung-cancer-dataset\versions\2\The IQ-OTHNCCD lung cancer dataset\The IQ-OTHNCCD lung cancer dataset\Malignant cases\Malignant case (151).jpg,Malignant case (151).jpg,Malignant cases,malignant,512,512,RGB,91a42a69ad59e8710fc4c0d2ba46543e
C:\Users\Usuario\.cache\kagglehub\datasets\adityamahimkar\iqothnccd-lung-cancer-dataset\versions\2\The IQ-OTHNCCD lung cancer dataset\The IQ-OTHNCCD lung cancer dataset\Malignant cases\Malignant case (153).jpg,Malignant case (153).jpg,Malignant cases,malignant,512,512,RGB,35fe7a4cae2010bb4528740bcdfd4083
C:\Users\Usuario\.cache\kagglehub\datasets\adityamahimkar\iqothnccd-lung-cancer-dataset\versions\2\The IQ-OTHNCCD lung cancer dataset\The IQ-OTHNCCD lung cancer dataset\Malignant cases\Malignant case (154).jpg,Malignant case (154).jpg,Malignant cases,malignant,512,512,RGB,6265bf9a5e1db51f98208ca299665882
C:\Users\Usuario\.cache\kagglehub\datasets\adityamahimkar\iqothnccd-lung-cancer-dataset\versions\2\The IQ-OTHNCCD lung cancer dataset\The IQ-OTHNCCD lung cancer dataset\Malignant cases\Malignant case (155).jpg,Malignant case (155).jpg,Malignant cases,malignant,512,512,RGB,2af56273e445ba9b5d34f7deded968b5
C:\Users\Usuario\.cache\kagglehub\datasets\adityamahimkar\iqothnccd-lung-cancer-dataset\versions\2\The IQ-OTHNCCD lung cancer dataset\The IQ-OTHNCCD lung cancer dataset\Malignant cases\Malignant case (156).jpg,Malignant case (156).jpg,Malignant cases,malignant,512,512,RGB,c2c40dfba8db0c87c7e0dfdf0933c5a3
C:\Users\Usuario\.cache\kagglehub\datasets\adityamahimkar\iqothnccd-lung-cancer-dataset\versions\2\The IQ-OTHNCCD lung cancer dataset\The IQ-OTHNCCD lung cancer dataset\Malignant cases\Malignant case (157).jpg,Malignant case (157).jpg,Malignant cases,malignant,512,512,RGB,16ffbe44d2eaf0fd6a9b106b22928e3a
C:\Users\Usuario\.cache\kagglehub\datasets\adityamahimkar\iqothnccd-lung-cancer-dataset\versions\2\The IQ-OTHNCCD lung cancer dataset\The IQ-OTHNCCD lung cancer dataset\Malignant cases\Malignant case (158).jpg,Malignant case (158).jpg,Malignant cases,malignant,512,512,RGB,34d6f4e9fe0fe2fc2989df82deeaf9d0
C:\Users\Usuario\.cache\kagglehub\datasets\adityamahimkar\iqothnccd-lung-cancer-dataset\versions\2\The IQ-OTHNCCD lung cancer dataset\The IQ-OTHNCCD lung cancer dataset\Malignant cases\Malignant case (159).jpg,Malignant case (159).jpg,Malignant cases,malignant,512,512,RGB,19a54eda702c44e0bdcc0be22e0bfa29
C:\Users\Usuario\.cache\kagglehub\datasets\adityamahimkar\iqothnccd-lung-cancer-dataset\versions\2\The IQ-OTHNCCD lung cancer dataset\The IQ-OTHNCCD lung cancer dataset\Malignant cases\Malignant case (16).jpg,Malignant case (16).jpg,Malignant cases,malignant,512,512,RGB,eccae0dff32916e4c60d80269ef8505a
C:\Users\Usuario\.cache\kagglehub\datasets\adityamahimkar\iqothnccd-lung-cancer-dataset\versions\2\The IQ-OTHNCCD lung cancer dataset\The IQ-OTHNCCD lung cancer dataset\Malignant cases\Malignant case (160).jpg,Malignant case (160).jpg,Malignant cases,malignant,512,512,RGB,03203e57dffced896a957feb4ed61e2d
C:\Users\Usuario\.cache\kagglehub\datasets\adityamahimkar\iqothnccd-lung-cancer-dataset\versions\2\The IQ-OTHNCCD lung cancer dataset\The IQ-OTHNCCD lung cancer dataset\Malignant cases\Malignant case (161).jpg,Malignant case (161).jpg,Malignant cases,malignant,512,512,RGB,fda73f29df6ac6d4b6d7dd270c2009c7
C:\Users\Usuario\.cache\kagglehub\datasets\adityamahimkar\iqothnccd-lung-cancer-dataset\versions\2\The IQ-OTHNCCD lung cancer dataset\The IQ-OTHNCCD lung cancer dataset\Malignant cases\Malignant case (162).jpg,Malignant case (162).jpg,Malignant cases,malignant,512,512,RGB,49d5120a8bb7c045ee1a00c9542c7305
C:\Users\Usuario\.cache\kagglehub\datasets\adityamahimkar\iqothnccd-lung-cancer-dataset\versions\2\The IQ-OTHNCCD lung cancer dataset\The IQ-OTHNCCD lung cancer dataset\Malignant cases\Malignant case (163).jpg,Malignant case (163).jpg,Malignant cases,malignant,512,512,RGB,8140929965488372c7317210073fc36d
C:\Users\Usuario\.cache\kagglehub\datasets\adityamahimkar\iqothnccd-lung-cancer-dataset\versions\2\The IQ-OTHNCCD lung cancer dataset\The IQ-OTHNCCD lung cancer dataset\Malignant cases\Malignant case (164).jpg,Malignant case (164).jpg,Malignant cases,malignant,512,512,RGB,d9c8a62866ff99fb280251773fed4786
C:\Users\Usuario\.cache\kagglehub\datasets\adityamahimkar\iqothnccd-lung-cancer-dataset\versions\2\The IQ-OTHNCCD lung cancer dataset\The IQ-OTHNCCD lung cancer dataset\Malignant cases\Malignant case (165).jpg,Malignant case (165).jpg,Malignant cases,malignant,512,512,RGB,7abf4a9b78bd0d926555ad3a90669646
C:\Users\Usuario\.cache\kagglehub\datasets\adityamahimkar\iqothnccd-lung-cancer-dataset\versions\2\The IQ-OTHNCCD lung cancer dataset\The IQ-OTHNCCD lung cancer dataset\Malignant cases\Malignant case (166).jpg,Malignant case (166).jpg,Malignant cases,malignant,512,512,RGB,ff51bee4586eb2df800e0ddb46aa2e59
C:\Users\Usuario\.cache\kagglehub\datasets\adityamahimkar\iqothnccd-lung-cancer-dataset\versions\2\The IQ-OTHNCCD lung cancer dataset\The IQ-OTHNCCD lung cancer dataset\Malignant cases\Malignant case (167).jpg,Malignant case (167).jpg,Malignant cases,malignant,512,512,RGB,842a5feca80210f236df07f1c7d86401
C:\Users\Usuario\.cache\kagglehub\datasets\adityamahimkar\iqothnccd-lung-cancer-dataset\versions\2\The IQ-OTHNCCD lung cancer dataset\The IQ-OTHNCCD lung cancer dataset\Malignant cases\Malignant case (168).jpg,Malignant case (168).jpg,Malignant cases,malignant,512,512,RGB,c5422e52530bad93a00fa43d50bd1627
C:\Users\Usuario\.cache\kagglehub\datasets\adityamahimkar\iqothnccd-lung-cancer-dataset\versions\2\The IQ-OTHNCCD lung cancer dataset\The IQ-OTHNCCD lung cancer dataset\Malignant cases\Malignant case (169).jpg,Malignant case (169).jpg,Malignant cases,malignant,512,512,RGB,014dc346e35ac9f4d4679ae3bc91af75
C:\Users\Usuario\.cache\kagglehub\datasets\adityamahimkar\iqothnccd-lung-cancer-dataset\versions\2\The IQ-OTHNCCD lung cancer dataset\The IQ-OTHNCCD lung cancer dataset\Malignant cases\Malignant case (17).jpg,Malignant case (17).jpg,Malignant cases,malignant,512,512,RGB,c44dec2bc567e20cd8617e2cca23b5c0
C:\Users\Usuario\.cache\kagglehub\datasets\adityamahimkar\iqothnccd-lung-cancer-dataset\versions\2\The IQ-OTHNCCD lung cancer dataset\The IQ-OTHNCCD lung cancer dataset\Malignant cases\Malignant case (170).jpg,Malignant case (170).jpg,Malignant cases,malignant,512,512,RGB,ef76736ce03b05d085bb4628e02a232f
C:\Users\Usuario\.cache\kagglehub\datasets\adityamahimkar\iqothnccd-lung-cancer-dataset\versions\2\The IQ-OTHNCCD lung cancer dataset\The IQ-OTHNCCD lung cancer dataset\Malignant cases\Malignant case (171).jpg,Malignant case (171).jpg,Malignant cases,malignant,512,512,RGB,95db77099400a92418c1a4499a003ebd
C:\Users\Usuario\.cache\kagglehub\datasets\adityamahimkar\iqothnccd-lung-cancer-dataset\versions\2\The IQ-OTHNCCD lung cancer dataset\The IQ-OTHNCCD lung cancer dataset\Malignant cases\Malignant case (172).jpg,Malignant case (172).jpg,Malignant cases,malignant,512,512,RGB,eccc8601531c6cf98b48d20d9c12ac8e
C:\Users\Usuario\.cache\kagglehub\datasets\adityamahimkar\iqothnccd-lung-cancer-dataset\versions\2\The IQ-OTHNCCD lung cancer dataset\The IQ-OTHNCCD lung cancer dataset\Malignant cases\Malignant case (173).jpg,Malignant case (173).jpg,Malignant cases,malignant,512,512,RGB,01a0b3aeaa202ef55dbf1695528754ab
C:\Users\Usuario\.cache\kagglehub\datasets\adityamahimkar\iqothnccd-lung-cancer-dataset\versions\2\The IQ-OTHNCCD lung cancer dataset\The IQ-OTHNCCD lung cancer dataset\Malignant cases\Malignant case (174).jpg,Malignant case (174).jpg,Malignant cases,malignant,512,512,RGB,e0f3f1bfff46be70ca1c0a60d31d981d
C:\Users\Usuario\.cache\kagglehub\datasets\adityamahimkar\iqothnccd-lung-cancer-dataset\versions\2\The IQ-OTHNCCD lung cancer dataset\The IQ-OTHNCCD lung cancer dataset\Malignant cases\Malignant case (175).jpg,Malignant case (175).jpg,Malignant cases,malignant,512,512,RGB,70dd5a59fd7a9cc6fe9856998ff55cf9
C:\Users\Usuario\.cache\kagglehub\datasets\adityamahimkar\iqothnccd-lung-cancer-dataset\versions\2\The IQ-OTHNCCD lung cancer dataset\The IQ-OTHNCCD lung cancer dataset\Malignant cases\Malignant case (176).jpg,Malignant case (176).jpg,Malignant cases,malignant,512,512,RGB,77da198f1e47ab65df85550c90d97267
C:\Users\Usuario\.cache\kagglehub\datasets\adityamahimkar\iqothnccd-lung-cancer-dataset\versions\2\The IQ-OTHNCCD lung cancer dataset\The IQ-OTHNCCD lung cancer dataset\Malignant cases\Malignant case (177).jpg,Malignant case (177).jpg,Malignant cases,malignant,512,512,RGB,b2e6b4c1a44094ea80613d094f37e7c6
C:\Users\Usuario\.cache\kagglehub\datasets\adityamahimkar\iqothnccd-lung-cancer-dataset\versions\2\The IQ-OTHNCCD lung cancer dataset\The IQ-OTHNCCD lung cancer dataset\Malignant cases\Malignant case (178).jpg,Malignant case (178).jpg,Malignant cases,malignant,512,512,RGB,09cb50cd61af3ea68609f36a39ffd6c8
C:\Users\Usuario\.cache\kagglehub\datasets\adityamahimkar\iqothnccd-lung-cancer-dataset\versions\2\The IQ-OTHNCCD lung cancer dataset\The IQ-OTHNCCD lung cancer dataset\Malignant cases\Malignant case (179).jpg,Malignant case (179).jpg,Malignant cases,malignant,512,512,RGB,b4ad29f95168c7c7c5f42d04351b8d0a
C:\Users\Usuario\.cache\kagglehub\datasets\adityamahimkar\iqothnccd-lung-cancer-dataset\versions\2\The IQ-OTHNCCD lung cancer dataset\The IQ-OTHNCCD lung cancer dataset\Malignant cases\Malignant case (18).jpg,Malignant case (18).jpg,Malignant cases,malignant,512,512,RGB,f1c1f3689b94a033831ccc774d7a5c17
C:\Users\Usuario\.cache\kagglehub\datasets\adityamahimkar\iqothnccd-lung-cancer-dataset\versions\2\The IQ-OTHNCCD lung cancer dataset\The IQ-OTHNCCD lung cancer dataset\Malignant cases\Malignant case (180).jpg,Malignant case (180).jpg,Malignant cases,malignant,511,404,RGB,0c9ffffd1fc0453c1dcf10cd78a46969
C:\Users\Usuario\.cache\kagglehub\datasets\adityamahimkar\iqothnccd-lung-cancer-dataset\versions\2\The IQ-OTHNCCD lung cancer dataset\The IQ-OTHNCCD lung cancer dataset\Malignant cases\Malignant case (181).jpg,Malignant case (181).jpg,Malignant cases,malignant,512,512,RGB,e57730c000d29615f82c6b1af1f942b0
C:\Users\Usuario\.cache\kagglehub\datasets\adityamahimkar\iqothnccd-lung-cancer-dataset\versions\2\The IQ-OTHNCCD lung cancer dataset\The IQ-OTHNCCD lung cancer dataset\Malignant cases\Malignant case (182).jpg,Malignant case (182).jpg,Malignant cases,malignant,512,512,RGB,18066c57b50881557690036dbfe9a5d3
C:\Users\Usuario\.cache\kagglehub\datasets\adityamahimkar\iqothnccd-lung-cancer-dataset\versions\2\The IQ-OTHNCCD lung cancer dataset\The IQ-OTHNCCD lung cancer dataset\Malignant cases\Malignant case (183).jpg,Malignant case (183).jpg,Malignant cases,malignant,512,512,RGB,934c2316e85fab3a712ef861da9ce8c1
C:\Users\Usuario\.cache\kagglehub\datasets\adityamahimkar\iqothnccd-lung-cancer-dataset\versions\2\The IQ-OTHNCCD lung cancer dataset\The IQ-OTHNCCD lung cancer dataset\Malignant cases\Malignant case (184).jpg,Malignant case (184).jpg,Malignant cases,malignant,512,512,RGB,437bcfb2cf7c66d40a42e02804388f9f
C:\Users\Usuario\.cache\kagglehub\datasets\adityamahimkar\iqothnccd-lung-cancer-dataset\versions\2\The IQ-OTHNCCD lung cancer dataset\The IQ-OTHNCCD lung cancer dataset\Malignant cases\Malignant case (185).jpg,Malignant case (185).jpg,Malignant cases,malignant,512,512,RGB,542b2bee29059bce84eb29b4dcd7144f
C:\Users\Usuario\.cache\kagglehub\datasets\adityamahimkar\iqothnccd-lung-cancer-dataset\versions\2\The IQ-OTHNCCD lung cancer dataset\The IQ-OTHNCCD lung cancer dataset\Malignant cases\Malignant case (186).jpg,Malignant case (186).jpg,Malignant cases,malignant,512,512,RGB,768504526b35805a6f974c471cf4f620
C:\Users\Usuario\.cache\kagglehub\datasets\adityamahimkar\iqothnccd-lung-cancer-dataset\versions\2\The IQ-OTHNCCD lung cancer dataset\The IQ-OTHNCCD lung cancer dataset\Malignant cases\Malignant case (187).jpg,Malignant case (187).jpg,Malignant cases,malignant,512,512,RGB,e23b97cec401efca4e67c4c12b8d60a2
C:\Users\Usuario\.cache\kagglehub\datasets\adityamahimkar\iqothnccd-lung-cancer-dataset\versions\2\The IQ-OTHNCCD lung cancer dataset\The IQ-OTHNCCD lung cancer dataset\Malignant cases\Malignant case (188).jpg,Malignant case (188).jpg,Malignant cases,malignant,512,512,RGB,8320c3165d17e4b1f132cc8bb79b4266
C:\Users\Usuario\.cache\kagglehub\datasets\adityamahimkar\iqothnccd-lung-cancer-dataset\versions\2\The IQ-OTHNCCD lung cancer dataset\The IQ-OTHNCCD lung cancer dataset\Malignant cases\Malignant case (189).jpg,Malignant case (189).jpg,Malignant cases,malignant,512,512,RGB,13e404dba9b8b70fb32214dfe5f8f8b8
C:\Users\Usuario\.cache\kagglehub\datasets\adityamahimkar\iqothnccd-lung-cancer-dataset\versions\2\The IQ-OTHNCCD lung cancer dataset\The IQ-OTHNCCD lung cancer dataset\Malignant cases\Malignant case (19).jpg,Malignant case (19).jpg,Malignant cases,malignant,512,512,RGB,57bcc4261e27e0e6f6376631abd03e0a
C:\Users\Usuario\.cache\kagglehub\datasets\adityamahimkar\iqothnccd-lung-cancer-dataset\versions\2\The IQ-OTHNCCD lung cancer dataset\The IQ-OTHNCCD lung cancer dataset\Malignant cases\Malignant case (190).jpg,Malignant case (190).jpg,Malignant cases,malignant,512,512,RGB,81612ae02993f1db9da7db5c7a2bc86f
C:\Users\Usuario\.cache\kagglehub\datasets\adityamahimkar\iqothnccd-lung-cancer-dataset\versions\2\The IQ-OTHNCCD lung cancer dataset\The IQ-OTHNCCD lung cancer dataset\Malignant cases\Malignant case (191).jpg,Malignant case (191).jpg,Malignant cases,malignant,512,512,RGB,2f5eb09745d6be2d997fbe9a236a6977
C:\Users\Usuario\.cache\kagglehub\datasets\adityamahimkar\iqothnccd-lung-cancer-dataset\versions\2\The IQ-OTHNCCD lung cancer dataset\The IQ-OTHNCCD lung cancer dataset\Malignant cases\Malignant case (192).jpg,Malignant case (192).jpg,Malignant cases,malignant,512,512,RGB,d211f04105e31802f33ca15fb8d4fbbe
C:\Users\Usuario\.cache\kagglehub\datasets\adityamahimkar\iqothnccd-lung-cancer-dataset\versions\2\The IQ-OTHNCCD lung cancer dataset\The IQ-OTHNCCD lung cancer dataset\Malignant cases\Malignant case (193).jpg,Malignant case (193).jpg,Malignant cases,malignant,512,512,RGB,07c4908d1904db825de5c4a0ea2a7f3f
C:\Users\Usuario\.cache\kagglehub\datasets\adityamahimkar\iqothnccd-lung-cancer-dataset\versions\2\The IQ-OTHNCCD lung cancer dataset\The IQ-OTHNCCD lung cancer dataset\Malignant cases\Malignant case (194).jpg,Malignant case (194).jpg,Malignant cases,malignant,512,512,RGB,69c11085965ee6f06f8503ec3acbc7bf
C:\Users\Usuario\.cache\kagglehub\datasets\adityamahimkar\iqothnccd-lung-cancer-dataset\versions\2\The IQ-OTHNCCD lung cancer dataset\The IQ-OTHNCCD lung cancer dataset\Malignant cases\Malignant case (195).jpg,Malignant case (195).jpg,Malignant cases,malignant,512,512,RGB,a12f3455a94c47836f315f4d8897f8f8
C:\Users\Usuario\.cache\kagglehub\datasets\adityamahimkar\iqothnccd-lung-cancer-dataset\versions\2\The IQ-OTHNCCD lung cancer dataset\The IQ-OTHNCCD lung cancer dataset\Malignant cases\Malignant case (196).jpg,Malignant case (196).jpg,Malignant cases,malignant,512,512,RGB,a94a0e296c72fcf29938b9dde5e3b528
C:\Users\Usuario\.cache\kagglehub\datasets\adityamahimkar\iqothnccd-lung-cancer-dataset\versions\2\The IQ-OTHNCCD lung cancer dataset\The IQ-OTHNCCD lung cancer dataset\Malignant cases\Malignant case (197).jpg,Malignant case (197).jpg,Malignant cases,malignant,512,512,RGB,8cb423d60bc8e83b6423c8ebdbc9e7a3
C:\Users\Usuario\.cache\kagglehub\datasets\adityamahimkar\iqothnccd-lung-cancer-dataset\versions\2\The IQ-OTHNCCD lung cancer dataset\The IQ-OTHNCCD lung cancer dataset\Malignant cases\Malignant case (198).jpg,Malignant case (198).jpg,Malignant cases,malignant,512,512,RGB,bebf2ba35ce64edc88f42b8ba4bc662e
C:\Users\Usuario\.cache\kagglehub\datasets\adityamahimkar\iqothnccd-lung-cancer-dataset\versions\2\The IQ-OTHNCCD lung cancer dataset\The IQ-OTHNCCD lung cancer dataset\Malignant cases\Malignant case (199).jpg,Malignant case (199).jpg,Malignant cases,malignant,512,512,RGB,151f02e4d55e3285f485bc65c954edee
C:\Users\Usuario\.cache\kagglehub\datasets\adityamahimkar\iqothnccd-lung-cancer-dataset\versions\2\The IQ-OTHNCCD lung cancer dataset\The IQ-OTHNCCD lung cancer dataset\Malignant cases\Malignant case (2).jpg,Malignant case (2).jpg,Malignant cases,malignant,512,512,RGB,44877cbe779a2e6b452135dea0fd3b5e
C:\Users\Usuario\.cache\kagglehub\datasets\adityamahimkar\iqothnccd-lung-cancer-dataset\versions\2\The IQ-OTHNCCD lung cancer dataset\The IQ-OTHNCCD lung cancer dataset\Malignant cases\Malignant case (20).jpg,Malignant case (20).jpg,Malignant cases,malignant,512,512,RGB,9726f977a4342967398a1adb42c971b5
C:\Users\Usuario\.cache\kagglehub\datasets\adityamahimkar\iqothnccd-lung-cancer-dataset\versions\2\The IQ-OTHNCCD lung cancer dataset\The IQ-OTHNCCD lung cancer dataset\Malignant cases\Malignant case (200).jpg,Malignant case (200).jpg,Malignant cases,malignant,801,512,RGB,993eaa1b303d7557b9c4dbf532cb943c
C:\Users\Usuario\.cache\kagglehub\datasets\adityamahimkar\iqothnccd-lung-cancer-dataset\versions\2\The IQ-OTHNCCD lung cancer dataset\The IQ-OTHNCCD lung cancer dataset\Malignant cases\Malignant case (201).jpg,Malignant case (201).jpg,Malignant cases,malignant,801,512,RGB,25f4449ba26b5171d3c17ee60d86da54
C:\Users\Usuario\.cache\kagglehub\datasets\adityamahimkar\iqothnccd-lung-cancer-dataset\versions\2\The IQ-OTHNCCD lung cancer dataset\The IQ-OTHNCCD lung cancer dataset\Malignant cases\Malignant case (202).jpg,Malignant case (202).jpg,Malignant cases,malignant,801,512,RGB,aab6b69ced7e33f9b954a58e3d977e6d
C:\Users\Usuario\.cache\kagglehub\datasets\adityamahimkar\iqothnccd-lung-cancer-dataset\versions\2\The IQ-OTHNCCD lung cancer dataset\The IQ-OTHNCCD lung cancer dataset\Malignant cases\Malignant case (203).jpg,Malignant case (203).jpg,Malignant cases,malignant,801,512,RGB,57eb18e197e0a8a8587d1f8e49df8752
C:\Users\Usuario\.cache\kagglehub\datasets\adityamahimkar\iqothnccd-lung-cancer-dataset\versions\2\The IQ-OTHNCCD lung cancer dataset\The IQ-OTHNCCD lung cancer dataset\Malignant cases\Malignant case (204).jpg,Malignant case (204).jpg,Malignant cases,malignant,801,512,RGB,483fca734f2c4e50ab3fa0b4b699982e
C:\Users\Usuario\.cache\kagglehub\datasets\adityamahimkar\iqothnccd-lung-cancer-dataset\versions\2\The IQ-OTHNCCD lung cancer dataset\The IQ-OTHNCCD lung cancer dataset\Malignant cases\Malignant case (205).jpg,Malignant case (205).jpg,Malignant cases,malignant,801,512,RGB,35e42dcdf264aadc7ab819906e071bd1
C:\Users\Usuario\.cache\kagglehub\datasets\adityamahimkar\iqothnccd-lung-cancer-dataset\versions\2\The IQ-OTHNCCD lung cancer dataset\The IQ-OTHNCCD lung cancer dataset\Malignant cases\Malignant case (206).jpg,Malignant case (206).jpg,Malignant cases,malignant,801,512,RGB,bb2c21e17d188628d78d6f752a13438a
C:\Users\Usuario\.cache\kagglehub\datasets\adityamahimkar\iqothnccd-lung-cancer-dataset\versions\2\The IQ-OTHNCCD lung cancer dataset\The IQ-OTHNCCD lung cancer dataset\Malignant cases\Malignant case (207).jpg,Malignant case (207).jpg,Malignant cases,malignant,801,512,RGB,85225f8c4826bbd56c64ca902b28d89f
C:\Users\Usuario\.cache\kagglehub\datasets\adityamahimkar\iqothnccd-lung-cancer-dataset\versions\2\The IQ-OTHNCCD lung cancer dataset\The IQ-OTHNCCD lung cancer dataset\Malignant cases\Malignant case (208).jpg,Malignant case (208).jpg,Malignant cases,malignant,801,512,RGB,8db86bf33b451a10b10657b206960e8e
C:\Users\Usuario\.cache\kagglehub\datasets\adityamahimkar\iqothnccd-lung-cancer-dataset\versions\2\The IQ-OTHNCCD lung cancer dataset\The IQ-OTHNCCD lung cancer dataset\Malignant cases\Malignant case (209).jpg,Malignant case (209).jpg,Malignant cases,malignant,801,512,RGB,ef53eeeedf1d0989e07339d7cac3c0d2
C:\Users\Usuario\.cache\kagglehub\datasets\adityamahimkar\iqothnccd-lung-cancer-dataset\versions\2\The IQ-OTHNCCD lung cancer dataset\The IQ-OTHNCCD lung cancer dataset\Malignant cases\Malignant case (21).jpg,Malignant case (21).jpg,Malignant cases,malignant,512,512,RGB,718dd352cb543db362691be1741db29c
C:\Users\Usuario\.cache\kagglehub\datasets\adityamahimkar\iqothnccd-lung-cancer-dataset\versions\2\The IQ-OTHNCCD lung cancer dataset\The IQ-OTHNCCD lung cancer dataset\Malignant cases\Malignant case (210).jpg,Malignant case (210).jpg,Malignant cases,malignant,801,512,RGB,c6111c73daf5a1e5d17ee2e41f2307cf
C:\Users\Usuario\.cache\kagglehub\datasets\adityamahimkar\iqothnccd-lung-cancer-dataset\versions\2\The IQ-OTHNCCD lung cancer dataset\The IQ-OTHNCCD lung cancer dataset\Malignant cases\Malignant case (211).jpg,Malignant case (211).jpg,Malignant cases,malignant,801,512,RGB,5bbe2cb6a56c9e3d6b9d23628d6ea334
C:\Users\Usuario\.cache\kagglehub\datasets\adityamahimkar\iqothnccd-lung-cancer-dataset\versions\2\The IQ-OTHNCCD lung cancer dataset\The IQ-OTHNCCD lung cancer dataset\Malignant cases\Malignant case (212).jpg,Malignant case (212).jpg,Malignant cases,malignant,801,512,RGB,9a7fc962468f99fd5b06c12eb66fdacb
C:\Users\Usuario\.cache\kagglehub\datasets\adityamahimkar\iqothnccd-lung-cancer-dataset\versions\2\The IQ-OTHNCCD lung cancer dataset\The IQ-OTHNCCD lung cancer dataset\Malignant cases\Malignant case (213).jpg,Malignant case (213).jpg,Malignant cases,malignant,801,512,RGB,011e567b9e02fec0ee4bcf7711ce4ea0
C:\Users\Usuario\.cache\kagglehub\datasets\adityamahimkar\iqothnccd-lung-cancer-dataset\versions\2\The IQ-OTHNCCD lung cancer dataset\The IQ-OTHNCCD lung cancer dataset\Malignant cases\Malignant case (214).jpg,Malignant case (214).jpg,Malignant cases,malignant,801,512,RGB,60194f2f7cf42dc4e88e41807a26d4fd
C:\Users\Usuario\.cache\kagglehub\datasets\adityamahimkar\iqothnccd-lung-cancer-dataset\versions\2\The IQ-OTHNCCD lung cancer dataset\The IQ-OTHNCCD lung cancer dataset\Malignant cases\Malignant case (215).jpg,Malignant case (215).jpg,Malignant cases,malignant,801,512,RGB,804e4a4138b9c677e7821102dc913b75
C:\Users\Usuario\.cache\kagglehub\datasets\adityamahimkar\iqothnccd-lung-cancer-dataset\versions\2\The IQ-OTHNCCD lung cancer dataset\The IQ-OTHNCCD lung cancer dataset\Malignant cases\Malignant case (216).jpg,Malignant case (216).jpg,Malignant cases,malignant,801,512,RGB,af3a9eb4af21a4c28cf909c8ce9712d2
C:\Users\Usuario\.cache\kagglehub\datasets\adityamahimkar\iqothnccd-lung-cancer-dataset\versions\2\The IQ-OTHNCCD lung cancer dataset\The IQ-OTHNCCD lung cancer dataset\Malignant cases\Malignant case (217).jpg,Malignant case (217).jpg,Malignant cases,malignant,801,512,RGB,6d159e8a819b7d306ce683487a80c8c9
C:\Users\Usuario\.cache\kagglehub\datasets\adityamahimkar\iqothnccd-lung-cancer-dataset\versions\2\The IQ-OTHNCCD lung cancer dataset\The IQ-OTHNCCD lung cancer dataset\Malignant cases\Malignant case (218).jpg,Malignant case (218).jpg,Malignant cases,malignant,801,512,RGB,35cd5a3c4c46ceb2780ed56b4885a19c
C:\Users\Usuario\.cache\kagglehub\datasets\adityamahimkar\iqothnccd-lung-cancer-dataset\versions\2\The IQ-OTHNCCD lung cancer dataset\The IQ-OTHNCCD lung cancer dataset\Malignant cases\Malignant case (219).jpg,Malignant case (219).jpg,Malignant cases,malignant,801,512,RGB,f8a00f577eb5e6c52a7cdde3d9e7806d
C:\Users\Usuario\.cache\kagglehub\datasets\adityamahimkar\iqothnccd-lung-cancer-dataset\versions\2\The IQ-OTHNCCD lung cancer dataset\The IQ-OTHNCCD lung cancer dataset\Malignant cases\Malignant case (22).jpg,Malignant case (22).jpg,Malignant cases,malignant,512,512,RGB,e3a8ec05b2f9b9ed9836939afe5d2f7b
C:\Users\Usuario\.cache\kagglehub\datasets\adityamahimkar\iqothnccd-lung-cancer-dataset\versions\2\The IQ-OTHNCCD lung cancer dataset\The IQ-OTHNCCD lung cancer dataset\Malignant cases\Malignant case (220).jpg,Malignant case (220).jpg,Malignant cases,malignant,801,512,RGB,e9495bdbaee689f0e92f0a46dcb64ba2
C:\Users\Usuario\.cache\kagglehub\datasets\adityamahimkar\iqothnccd-lung-cancer-dataset\versions\2\The IQ-OTHNCCD lung cancer dataset\The IQ-OTHNCCD lung cancer dataset\Malignant cases\Malignant case (221).jpg,Malignant case (221).jpg,Malignant cases,malignant,801,512,RGB,e775304fd1b9b21dbad251eb13e89024
C:\Users\Usuario\.cache\kagglehub\datasets\adityamahimkar\iqothnccd-lung-cancer-dataset\versions\2\The IQ-OTHNCCD lung cancer dataset\The IQ-OTHNCCD lung cancer dataset\Malignant cases\Malignant case (222).jpg,Malignant case (222).jpg,Malignant cases,malignant,801,512,RGB,9e77f2d24188a01b7ea095b6b5288bca
C:\Users\Usuario\.cache\kagglehub\datasets\adityamahimkar\iqothnccd-lung-cancer-dataset\versions\2\The IQ-OTHNCCD lung cancer dataset\The IQ-OTHNCCD lung cancer dataset\Malignant cases\Malignant case (223).jpg,Malignant case (223).jpg,Malignant cases,malignant,801,512,RGB,2cd023088422744d7b3f2a908c6bc0b9
C:\Users\Usuario\.cache\kagglehub\datasets\adityamahimkar\iqothnccd-lung-cancer-dataset\versions\2\The IQ-OTHNCCD lung cancer dataset\The IQ-OTHNCCD lung cancer dataset\Malignant cases\Malignant case (224).jpg,Malignant case (224).jpg,Malignant cases,malignant,801,512,RGB,7653bdbb11670bf090e5b0a819d3b0f1
C:\Users\Usuario\.cache\kagglehub\datasets\adityamahimkar\iqothnccd-lung-cancer-dataset\versions\2\The IQ-OTHNCCD lung cancer dataset\The IQ-OTHNCCD lung cancer dataset\Malignant cases\Malignant case (225).jpg,Malignant case (225).jpg,Malignant cases,malignant,801,512,RGB,3e2d16d07aefed956159cc49e171a973
C:\Users\Usuario\.cache\kagglehub\datasets\adityamahimkar\iqothnccd-lung-cancer-dataset\versions\2\The IQ-OTHNCCD lung cancer dataset\The IQ-OTHNCCD lung cancer dataset\Malignant cases\Malignant case (226).jpg,Malignant case (226).jpg,Malignant cases,malignant,801,512,RGB,0263cb19704a25426ab06c12356bb637
C:\Users\Usuario\.cache\kagglehub\datasets\adityamahimkar\iqothnccd-lung-cancer-dataset\versions\2\The IQ-OTHNCCD lung cancer dataset\The IQ-OTHNCCD lung cancer dataset\Malignant cases\Malignant case (227).jpg,Malignant case (227).jpg,Malignant cases,malignant,801,512,RGB,3b0de1c21111ef52af07efd2c5c6e53f
C:\Users\Usuario\.cache\kagglehub\datasets\adityamahimkar\iqothnccd-lung-cancer-dataset\versions\2\The IQ-OTHNCCD lung cancer dataset\The IQ-OTHNCCD lung cancer dataset\Malignant cases\Malignant case (228).jpg,Malignant case (228).jpg,Malignant cases,malignant,623,512,RGB,eaaf3f7bbf1a22903bd508a5dbd37aa5
C:\Users\Usuario\.cache\kagglehub\datasets\adityamahimkar\iqothnccd-lung-cancer-dataset\versions\2\The IQ-OTHNCCD lung cancer dataset\The IQ-OTHNCCD lung cancer dataset\Malignant cases\Malignant case (229).jpg,Malignant case (229).jpg,Malignant cases,malignant,623,512,RGB,ca7f4f145d5132d659e48436eb12e766
C:\Users\Usuario\.cache\kagglehub\datasets\adityamahimkar\iqothnccd-lung-cancer-dataset\versions\2\The IQ-OTHNCCD lung cancer dataset\The IQ-OTHNCCD lung cancer dataset\Malignant cases\Malignant case (23).jpg,Malignant case (23).jpg,Malignant cases,malignant,512,512,RGB,33f79428b36489df5cd320b699e6f44f
C:\Users\Usuario\.cache\kagglehub\datasets\adityamahimkar\iqothnccd-lung-cancer-dataset\versions\2\The IQ-OTHNCCD lung cancer dataset\The IQ-OTHNCCD lung cancer dataset\Malignant cases\Malignant case (230).jpg,Malignant case (230).jpg,Malignant cases,malignant,623,512,RGB,6e8ee3d7de4562a6d2e414aebf1d2b5a
C:\Users\Usuario\.cache\kagglehub\datasets\adityamahimkar\iqothnccd-lung-cancer-dataset\versions\2\The IQ-OTHNCCD lung cancer dataset\The IQ-OTHNCCD lung cancer dataset\Malignant cases\Malignant case (231).jpg,Malignant case (231).jpg,Malignant cases,malignant,623,512,RGB,aace9429628ff333cef38ed92e22368d
C:\Users\Usuario\.cache\kagglehub\datasets\adityamahimkar\iqothnccd-lung-cancer-dataset\versions\2\The IQ-OTHNCCD lung cancer dataset\The IQ-OTHNCCD lung cancer dataset\Malignant cases\Malignant case (232).jpg,Malignant case (232).jpg,Malignant cases,malignant,623,512,RGB,70b038342e17a5683ed23ab836102bc6
C:\Users\Usuario\.cache\kagglehub\datasets\adityamahimkar\iqothnccd-lung-cancer-dataset\versions\2\The IQ-OTHNCCD lung cancer dataset\The IQ-OTHNCCD lung cancer dataset\Malignant cases\Malignant case (233).jpg,Malignant case (233).jpg,Malignant cases,malignant,623,512,RGB,968fdfeba5d22a19f675cfeb54e38c82
C:\Users\Usuario\.cache\kagglehub\datasets\adityamahimkar\iqothnccd-lung-cancer-dataset\versions\2\The IQ-OTHNCCD lung cancer dataset\The IQ-OTHNCCD lung cancer dataset\Malignant cases\Malignant case (234).jpg,Malignant case (234).jpg,Malignant cases,malignant,623,512,RGB,643b013da4be76ace9306e9bb73495e8
C:\Users\Usuario\.cache\kagglehub\datasets\adityamahimkar\iqothnccd-lung-cancer-dataset\versions\2\The IQ-OTHNCCD lung cancer dataset\The IQ-OTHNCCD lung cancer dataset\Malignant cases\Malignant case (235).jpg,Malignant case (235).jpg,Malignant cases,malignant,623,512,RGB,3d38fce0909c10bce9091f27623b8ce1
C:\Users\Usuario\.cache\kagglehub\datasets\adityamahimkar\iqothnccd-lung-cancer-dataset\versions\2\The IQ-OTHNCCD lung cancer dataset\The IQ-OTHNCCD lung cancer dataset\Malignant cases\Malignant case (236).jpg,Malignant case (236).jpg,Malignant cases,malignant,623,512,RGB,421ab4859fd504bf6a27b14e462d827e
C:\Users\Usuario\.cache\kagglehub\datasets\adityamahimkar\iqothnccd-lung-cancer-dataset\versions\2\The IQ-OTHNCCD lung cancer dataset\The IQ-OTHNCCD lung cancer dataset\Malignant cases\Malignant case (237).jpg,Malignant case (237).jpg,Malignant cases,malignant,623,512,RGB,b71385252285f5249f38cec048679cfd
C:\Users\Usuario\.cache\kagglehub\datasets\adityamahimkar\iqothnccd-lung-cancer-dataset\versions\2\The IQ-OTHNCCD lung cancer dataset\The IQ-OTHNCCD lung cancer dataset\Malignant cases\Malignant case (238).jpg,Malignant case (238).jpg,Malignant cases,malignant,623,512,RGB,3675c95d6c8b861a1694f3674bd7ddcf
C:\Users\Usuario\.cache\kagglehub\datasets\adityamahimkar\iqothnccd-lung-cancer-dataset\versions\2\The IQ-OTHNCCD lung cancer dataset\The IQ-OTHNCCD lung cancer dataset\Malignant cases\Malignant case (239).jpg,Malignant case (239).jpg,Malignant cases,malignant,623,512,RGB,56060e64b29a614c912eee9d35350fe2
C:\Users\Usuario\.cache\kagglehub\datasets\adityamahimkar\iqothnccd-lung-cancer-dataset\versions\2\The IQ-OTHNCCD lung cancer dataset\The IQ-OTHNCCD lung cancer dataset\Malignant cases\Malignant case (24).jpg,Malignant case (24).jpg,Malignant cases,malignant,512,512,RGB,a2899e77d9874d9020ed779ef30c583d
C:\Users\Usuario\.cache\kagglehub\datasets\adityamahimkar\iqothnccd-lung-cancer-dataset\versions\2\The IQ-OTHNCCD lung cancer dataset\The IQ-OTHNCCD lung cancer dataset\Malignant cases\Malignant case (240).jpg,Malignant case (240).jpg,Malignant cases,malignant,623,512,RGB,b5dc08dff2dbbeb09c0e8f4574d301be
C:\Users\Usuario\.cache\kagglehub\datasets\adityamahimkar\iqothnccd-lung-cancer-dataset\versions\2\The IQ-OTHNCCD lung cancer dataset\The IQ-OTHNCCD lung cancer dataset\Malignant cases\Malignant case (241).jpg,Malignant case (241).jpg,Malignant cases,malignant,623,512,RGB,9afc097f537ec2a4cdf70a0ff11b73e1
C:\Users\Usuario\.cache\kagglehub\datasets\adityamahimkar\iqothnccd-lung-cancer-dataset\versions\2\The IQ-OTHNCCD lung cancer dataset\The IQ-OTHNCCD lung cancer dataset\Malignant cases\Malignant case (242).jpg,Malignant case (242).jpg,Malignant cases,malignant,623,512,RGB,59142c006c3a25116868d7893d964302
C:\Users\Usuario\.cache\kagglehub\datasets\adityamahimkar\iqothnccd-lung-cancer-dataset\versions\2\The IQ-OTHNCCD lung cancer dataset\The IQ-OTHNCCD lung cancer dataset\Malignant cases\Malignant case (243).jpg,Malignant case (243).jpg,Malignant cases,malignant,623,512,RGB,164daa0f5cf09330c8ec2756c785414b
C:\Users\Usuario\.cache\kagglehub\datasets\adityamahimkar\iqothnccd-lung-cancer-dataset\versions\2\The IQ-OTHNCCD lung cancer dataset\The IQ-OTHNCCD lung cancer dataset\Malignant cases\Malignant case (244).jpg,Malignant case (244).jpg,Malignant cases,malignant,623,512,RGB,d1c80ff38009981a35a170021a562345
C:\Users\Usuario\.cache\kagglehub\datasets\adityamahimkar\iqothnccd-lung-cancer-dataset\versions\2\The IQ-OTHNCCD lung cancer dataset\The IQ-OTHNCCD lung cancer dataset\Malignant cases\Malignant case (245).jpg,Malignant case (245).jpg,Malignant cases,malignant,623,512,RGB,3d3bc7ace8c5054ee53e6b306d6ca9e6
C:\Users\Usuario\.cache\kagglehub\datasets\adityamahimkar\iqothnccd-lung-cancer-dataset\versions\2\The IQ-OTHNCCD lung cancer dataset\The IQ-OTHNCCD lung cancer dataset\Malignant cases\Malignant case (246).jpg,Malignant case (246).jpg,Malignant cases,malignant,623,512,RGB,47dbbb56090eda672c8b17a9e082ffbb
C:\Users\Usuario\.cache\kagglehub\datasets\adityamahimkar\iqothnccd-lung-cancer-dataset\versions\2\The IQ-OTHNCCD lung cancer dataset\The IQ-OTHNCCD lung cancer dataset\Malignant cases\Malignant case (247).jpg,Malignant case (247).jpg,Malignant cases,malignant,623,512,RGB,4ecad59090d35b79684db0637c2ef271
C:\Users\Usuario\.cache\kagglehub\datasets\adityamahimkar\iqothnccd-lung-cancer-dataset\versions\2\The IQ-OTHNCCD lung cancer dataset\The IQ-OTHNCCD lung cancer dataset\Malignant cases\Malignant case (248).jpg,Malignant case (248).jpg,Malignant cases,malignant,623,512,RGB,5b9a5768a8717f1098dcae8f44fb2479
C:\Users\Usuario\.cache\kagglehub\datasets\adityamahimkar\iqothnccd-lung-cancer-dataset\versions\2\The IQ-OTHNCCD lung cancer dataset\The IQ-OTHNCCD lung cancer dataset\Malignant cases\Malignant case (249).jpg,Malignant case (249).jpg,Malignant cases,malignant,623,512,RGB,efd8d8e2277ad9279a9e17f942d85e40
C:\Users\Usuario\.cache\kagglehub\datasets\adityamahimkar\iqothnccd-lung-cancer-dataset\versions\2\The IQ-OTHNCCD lung cancer dataset\The IQ-OTHNCCD lung cancer dataset\Malignant cases\Malignant case (25).jpg,Malignant case (25).jpg,Malignant cases,malignant,512,512,RGB,2a81ef4013298160319809a1b86e56ff
C:\Users\Usuario\.cache\kagglehub\datasets\adityamahimkar\iqothnccd-lung-cancer-dataset\versions\2\The IQ-OTHNCCD lung cancer dataset\The IQ-OTHNCCD lung cancer dataset\Malignant cases\Malignant case (250).jpg,Malignant case (250).jpg,Malignant cases,malignant,623,512,RGB,eada054fec2a7e15a92644416195792d
C:\Users\Usuario\.cache\kagglehub\datasets\adityamahimkar\iqothnccd-lung-cancer-dataset\versions\2\The IQ-OTHNCCD lung cancer dataset\The IQ-OTHNCCD lung cancer dataset\Malignant cases\Malignant case (251).jpg,Malignant case (251).jpg,Malignant cases,malignant,623,512,RGB,c6fe7e46f25227228fcc743b0c9df82b
C:\Users\Usuario\.cache\kagglehub\datasets\adityamahimkar\iqothnccd-lung-cancer-dataset\versions\2\The IQ-OTHNCCD lung cancer dataset\The IQ-OTHNCCD lung cancer dataset\Malignant cases\Malignant case (252).jpg,Malignant case (252).jpg,Malignant cases,malignant,623,512,RGB,1a548c1ed41dcf438109492121792c29
C:\Users\Usuario\.cache\kagglehub\datasets\adityamahimkar\iqothnccd-lung-cancer-dataset\versions\2\The IQ-OTHNCCD lung cancer dataset\The IQ-OTHNCCD lung cancer dataset\Malignant cases\Malignant case (253).jpg,Malignant case (253).jpg,Malignant cases,malignant,623,512,RGB,33bc5cef96c2d527de144967f81e0748
C:\Users\Usuario\.cache\kagglehub\datasets\adityamahimkar\iqothnccd-lung-cancer-dataset\versions\2\The IQ-OTHNCCD lung cancer dataset\The IQ-OTHNCCD lung cancer dataset\Malignant cases\Malignant case (254).jpg,Malignant case (254).jpg,Malignant cases,malignant,623,512,RGB,e21d006fc498bbd2b69cdb7e4918373c
C:\Users\Usuario\.cache\kagglehub\datasets\adityamahimkar\iqothnccd-lung-cancer-dataset\versions\2\The IQ-OTHNCCD lung cancer dataset\The IQ-OTHNCCD lung cancer dataset\Malignant cases\Malignant case (255).jpg,Malignant case (255).jpg,Malignant cases,malignant,623,512,RGB,dc690285dd0ca5df58320d09e7d0bb84
C:\Users\Usuario\.cache\kagglehub\datasets\adityamahimkar\iqothnccd-lung-cancer-dataset\versions\2\The IQ-OTHNCCD lung cancer dataset\The IQ-OTHNCCD lung cancer dataset\Malignant cases\Malignant case (256).jpg,Malignant case (256).jpg,Malignant cases,malignant,623,512,RGB,6b30fe24384dafb30000652dc236d870
C:\Users\Usuario\.cache\kagglehub\datasets\adityamahimkar\iqothnccd-lung-cancer-dataset\versions\2\The IQ-OTHNCCD lung cancer dataset\The IQ-OTHNCCD lung cancer dataset\Malignant cases\Malignant case (257).jpg,Malignant case (257).jpg,Malignant cases,malignant,623,512,RGB,3805ecc33827976f1d1a96384f77da4f
C:\Users\Usuario\.cache\kagglehub\datasets\adityamahimkar\iqothnccd-lung-cancer-dataset\versions\2\The IQ-OTHNCCD lung cancer dataset\The IQ-OTHNCCD lung cancer dataset\Malignant cases\Malignant case (258).jpg,Malignant case (258).jpg,Malignant cases,malignant,623,512,RGB,dbfc44ae7eb816bce9a43684c7766915
C:\Users\Usuario\.cache\kagglehub\datasets\adityamahimkar\iqothnccd-lung-cancer-dataset\versions\2\The IQ-OTHNCCD lung cancer dataset\The IQ-OTHNCCD lung cancer dataset\Malignant cases\Malignant case (259).jpg,Malignant case (259).jpg,Malignant cases,malignant,512,512,RGB,84ee23039c295c88bd378beb5789bc75
C:\Users\Usuario\.cache\kagglehub\datasets\adityamahimkar\iqothnccd-lung-cancer-dataset\versions\2\The IQ-OTHNCCD lung cancer dataset\The IQ-OTHNCCD lung cancer dataset\Malignant cases\Malignant case (26).jpg,Malignant case (26).jpg,Malignant cases,malignant,512,512,RGB,ff4c58908bfdbf4f12ce02046655c90f
C:\Users\Usuario\.cache\kagglehub\datasets\adityamahimkar\iqothnccd-lung-cancer-dataset\versions\2\The IQ-OTHNCCD lung cancer dataset\The IQ-OTHNCCD lung cancer dataset\Malignant cases\Malignant case (260).jpg,Malignant case (260).jpg,Malignant cases,malignant,512,512,RGB,6390aad8762ed4383cc3731f56566ae2
C:\Users\Usuario\.cache\kagglehub\datasets\adityamahimkar\iqothnccd-lung-cancer-dataset\versions\2\The IQ-OTHNCCD lung cancer dataset\The IQ-OTHNCCD lung cancer dataset\Malignant cases\Malignant case (261).jpg,Malignant case (261).jpg,Malignant cases,malignant,512,512,RGB,6b5d83574d37a4a38c4bdbfe30083401
C:\Users\Usuario\.cache\kagglehub\datasets\adityamahimkar\iqothnccd-lung-cancer-dataset\versions\2\The IQ-OTHNCCD lung cancer dataset\The IQ-OTHNCCD lung cancer dataset\Malignant cases\Malignant case (262).jpg,Malignant case (262).jpg,Malignant cases,malignant,512,512,RGB,451b2fb0cab3351d9b39a0df5ad779bc
C:\Users\Usuario\.cache\kagglehub\datasets\adityamahimkar\iqothnccd-lung-cancer-dataset\versions\2\The IQ-OTHNCCD lung cancer dataset\The IQ-OTHNCCD lung cancer dataset\Malignant cases\Malignant case (263).jpg,Malignant case (263).jpg,Malignant cases,malignant,512,512,RGB,930ce842d7e5d99832b82c1630c45890
C:\Users\Usuario\.cache\kagglehub\datasets\adityamahimkar\iqothnccd-lung-cancer-dataset\versions\2\The IQ-OTHNCCD lung cancer dataset\The IQ-OTHNCCD lung cancer dataset\Malignant cases\Malignant case (264).jpg,Malignant case (264).jpg,Malignant cases,malignant,512,512,RGB,98974355c3b047b60621f7c5dc4f240e
C:\Users\Usuario\.cache\kagglehub\datasets\adityamahimkar\iqothnccd-lung-cancer-dataset\versions\2\The IQ-OTHNCCD lung cancer dataset\The IQ-OTHNCCD lung cancer dataset\Malignant cases\Malignant case (265).jpg,Malignant case (265).jpg,Malignant cases,malignant,512,512,RGB,0141841d37a14661045f7fe2b1ea25aa
C:\Users\Usuario\.cache\kagglehub\datasets\adityamahimkar\iqothnccd-lung-cancer-dataset\versions\2\The IQ-OTHNCCD lung cancer dataset\The IQ-OTHNCCD lung cancer dataset\Malignant cases\Malignant case (266).jpg,Malignant case (266).jpg,Malignant cases,malignant,512,512,RGB,cc27e08e8172e2123ad240c6db095ce8
C:\Users\Usuario\.cache\kagglehub\datasets\adityamahimkar\iqothnccd-lung-cancer-dataset\versions\2\The IQ-OTHNCCD lung cancer dataset\The IQ-OTHNCCD lung cancer dataset\Malignant cases\Malignant case (267).jpg,Malignant case (267).jpg,Malignant cases,malignant,512,512,RGB,cb05d706a3803f60907d5c29543797ff
C:\Users\Usuario\.cache\kagglehub\datasets\adityamahimkar\iqothnccd-lung-cancer-dataset\versions\2\The IQ-OTHNCCD lung cancer dataset\The IQ-OTHNCCD lung cancer dataset\Malignant cases\Malignant case (268).jpg,Malignant case (268).jpg,Malignant cases,malignant,512,512,RGB,671d5f137b6bfa8857adf04e23b6681a
C:\Users\Usuario\.cache\kagglehub\datasets\adityamahimkar\iqothnccd-lung-cancer-dataset\versions\2\The IQ-OTHNCCD lung cancer dataset\The IQ-OTHNCCD lung cancer dataset\Malignant cases\Malignant case (269).jpg,Malignant case (269).jpg,Malignant cases,malignant,512,512,RGB,4459ec9d0dc169f4a3fbd03f2dcd15c4
C:\Users\Usuario\.cache\kagglehub\datasets\adityamahimkar\iqothnccd-lung-cancer-dataset\versions\2\The IQ-OTHNCCD lung cancer dataset\The IQ-OTHNCCD lung cancer dataset\Malignant cases\Malignant case (27).jpg,Malignant case (27).jpg,Malignant cases,malignant,512,512,RGB,1ca6e4ffea4c11f7fd97555470ffe6cd
C:\Users\Usuario\.cache\kagglehub\datasets\adityamahimkar\iqothnccd-lung-cancer-dataset\versions\2\The IQ-OTHNCCD lung cancer dataset\The IQ-OTHNCCD lung cancer dataset\Malignant cases\Malignant case (270).jpg,Malignant case (270).jpg,Malignant cases,malignant,512,512,RGB,9f60b05f4081f8a2101a1cfdba18a6c3
C:\Users\Usuario\.cache\kagglehub\datasets\adityamahimkar\iqothnccd-lung-cancer-dataset\versions\2\The IQ-OTHNCCD lung cancer dataset\The IQ-OTHNCCD lung cancer dataset\Malignant cases\Malignant case (271).jpg,Malignant case (271).jpg,Malignant cases,malignant,512,512,RGB,a52ed151a17ce888010a24e529ce6c67
C:\Users\Usuario\.cache\kagglehub\datasets\adityamahimkar\iqothnccd-lung-cancer-dataset\versions\2\The IQ-OTHNCCD lung cancer dataset\The IQ-OTHNCCD lung cancer dataset\Malignant cases\Malignant case (272).jpg,Malignant case (272).jpg,Malignant cases,malignant,512,512,RGB,bc9ebe2cec613b9179d7c00a93debcc5
C:\Users\Usuario\.cache\kagglehub\datasets\adityamahimkar\iqothnccd-lung-cancer-dataset\versions\2\The IQ-OTHNCCD lung cancer dataset\The IQ-OTHNCCD lung cancer dataset\Malignant cases\Malignant case (273).jpg,Malignant case (273).jpg,Malignant cases,malignant,512,512,RGB,1cd5585bbb6d0ac58108933c3d809f8b
C:\Users\Usuario\.cache\kagglehub\datasets\adityamahimkar\iqothnccd-lung-cancer-dataset\versions\2\The IQ-OTHNCCD lung cancer dataset\The IQ-OTHNCCD lung cancer dataset\Malignant cases\Malignant case (274).jpg,Malignant case (274).jpg,Malignant cases,malignant,512,512,RGB,751702f37ede0d89f1c0eb2dd96d855e
C:\Users\Usuario\.cache\kagglehub\datasets\adityamahimkar\iqothnccd-lung-cancer-dataset\versions\2\The IQ-OTHNCCD lung cancer dataset\The IQ-OTHNCCD lung cancer dataset\Malignant cases\Malignant case (275).jpg,Malignant case (275).jpg,Malignant cases,malignant,512,512,RGB,1e8effa2ff4653f9af1eb9cedf1aaa7d
C:\Users\Usuario\.cache\kagglehub\datasets\adityamahimkar\iqothnccd-lung-cancer-dataset\versions\2\The IQ-OTHNCCD lung cancer dataset\The IQ-OTHNCCD lung cancer dataset\Malignant cases\Malignant case (276).jpg,Malignant case (276).jpg,Malignant cases,malignant,512,512,RGB,ca67209a82d2cbbb11649b5c7b1d1258
C:\Users\Usuario\.cache\kagglehub\datasets\adityamahimkar\iqothnccd-lung-cancer-dataset\versions\2\The IQ-OTHNCCD lung cancer dataset\The IQ-OTHNCCD lung cancer dataset\Malignant cases\Malignant case (277).jpg,Malignant case (277).jpg,Malignant cases,malignant,512,512,RGB,dd2159609f1c152f10f7b201f6a0bbf2
C:\Users\Usuario\.cache\kagglehub\datasets\adityamahimkar\iqothnccd-lung-cancer-dataset\versions\2\The IQ-OTHNCCD lung cancer dataset\The IQ-OTHNCCD lung cancer dataset\Malignant cases\Malignant case (278).jpg,Malignant case (278).jpg,Malignant cases,malignant,512,512,RGB,c3ddc08c75e2a6abd0ca5a3a5d0d3371
C:\Users\Usuario\.cache\kagglehub\datasets\adityamahimkar\iqothnccd-lung-cancer-dataset\versions\2\The IQ-OTHNCCD lung cancer dataset\The IQ-OTHNCCD lung cancer dataset\Malignant cases\Malignant case (279).jpg,Malignant case (279).jpg,Malignant cases,malignant,512,512,RGB,1eb97af25ecd0826305ff3838df9432c
C:\Users\Usuario\.cache\kagglehub\datasets\adityamahimkar\iqothnccd-lung-cancer-dataset\versions\2\The IQ-OTHNCCD lung cancer dataset\The IQ-OTHNCCD lung cancer dataset\Malignant cases\Malignant case (28).jpg,Malignant case (28).jpg,Malignant cases,malignant,512,512,RGB,918d309db9bc4ba2a5b5eeb979bc9716
C:\Users\Usuario\.cache\kagglehub\datasets\adityamahimkar\iqothnccd-lung-cancer-dataset\versions\2\The IQ-OTHNCCD lung cancer dataset\The IQ-OTHNCCD lung cancer dataset\Malignant cases\Malignant case (280).jpg,Malignant case (280).jpg,Malignant cases,malignant,512,512,RGB,fa9b856a8ef6686f2029ade02f288ed5
C:\Users\Usuario\.cache\kagglehub\datasets\adityamahimkar\iqothnccd-lung-cancer-dataset\versions\2\The IQ-OTHNCCD lung cancer dataset\The IQ-OTHNCCD lung cancer dataset\Malignant cases\Malignant case (281).jpg,Malignant case (281).jpg,Malignant cases,malignant,512,512,RGB,ca59fb75e8ff777b029f88b63a311472
C:\Users\Usuario\.cache\kagglehub\datasets\adityamahimkar\iqothnccd-lung-cancer-dataset\versions\2\The IQ-OTHNCCD lung cancer dataset\The IQ-OTHNCCD lung cancer dataset\Malignant cases\Malignant case (282).jpg,Malignant case (282).jpg,Malignant cases,malignant,512,512,RGB,591cd37456449b8caee207f8ad0fcc71
C:\Users\Usuario\.cache\kagglehub\datasets\adityamahimkar\iqothnccd-lung-cancer-dataset\versions\2\The IQ-OTHNCCD lung cancer dataset\The IQ-OTHNCCD lung cancer dataset\Malignant cases\Malignant case (283).jpg,Malignant case (283).jpg,Malignant cases,malignant,512,512,RGB,1823837dfaae74ee479e4fd182cefb97
C:\Users\Usuario\.cache\kagglehub\datasets\adityamahimkar\iqothnccd-lung-cancer-dataset\versions\2\The IQ-OTHNCCD lung cancer dataset\The IQ-OTHNCCD lung cancer dataset\Malignant cases\Malignant case (284).jpg,Malignant case (284).jpg,Malignant cases,malignant,512,512,RGB,69e2769416bf02a43d013a122bf5daa7
C:\Users\Usuario\.cache\kagglehub\datasets\adityamahimkar\iqothnccd-lung-cancer-dataset\versions\2\The IQ-OTHNCCD lung cancer dataset\The IQ-OTHNCCD lung cancer dataset\Malignant cases\Malignant case (285).jpg,Malignant case (285).jpg,Malignant cases,malignant,512,512,RGB,b05ad40cec3f5971d1948255b74775cd
C:\Users\Usuario\.cache\kagglehub\datasets\adityamahimkar\iqothnccd-lung-cancer-dataset\versions\2\The IQ-OTHNCCD lung cancer dataset\The IQ-OTHNCCD lung cancer dataset\Malignant cases\Malignant case (286).jpg,Malignant case (286).jpg,Malignant cases,malignant,512,512,RGB,95cf82a276e8c80ee5ea8cdb8c5017e0
C:\Users\Usuario\.cache\kagglehub\datasets\adityamahimkar\iqothnccd-lung-cancer-dataset\versions\2\The IQ-OTHNCCD lung cancer dataset\The IQ-OTHNCCD lung cancer dataset\Malignant cases\Malignant case (287).jpg,Malignant case (287).jpg,Malignant cases,malignant,512,512,RGB,fdc1b9b42d4f3901dd1a19862b4cd999
C:\Users\Usuario\.cache\kagglehub\datasets\adityamahimkar\iqothnccd-lung-cancer-dataset\versions\2\The IQ-OTHNCCD lung cancer dataset\The IQ-OTHNCCD lung cancer dataset\Malignant cases\Malignant case (288).jpg,Malignant case (288).jpg,Malignant cases,malignant,512,512,RGB,54ef6d239983ed15946d7a9b993a4062
C:\Users\Usuario\.cache\kagglehub\datasets\adityamahimkar\iqothnccd-lung-cancer-dataset\versions\2\The IQ-OTHNCCD lung cancer dataset\The IQ-OTHNCCD lung cancer dataset\Malignant cases\Malignant case (289).jpg,Malignant case (289).jpg,Malignant cases,malignant,512,512,RGB,30473b6ffcf0768680cf28e91fccfe4e
C:\Users\Usuario\.cache\kagglehub\datasets\adityamahimkar\iqothnccd-lung-cancer-dataset\versions\2\The IQ-OTHNCCD lung cancer dataset\The IQ-OTHNCCD lung cancer dataset\Malignant cases\Malignant case (29).jpg,Malignant case (29).jpg,Malignant cases,malignant,512,512,RGB,4cf884505dfe8ab58a24855200430c96
C:\Users\Usuario\.cache\kagglehub\datasets\adityamahimkar\iqothnccd-lung-cancer-dataset\versions\2\The IQ-OTHNCCD lung cancer dataset\The IQ-OTHNCCD lung cancer dataset\Malignant cases\Malignant case (290).jpg,Malignant case (290).jpg,Malignant cases,malignant,512,512,RGB,25cf37899e6e70c5ecef861a9fa1670a
C:\Users\Usuario\.cache\kagglehub\datasets\adityamahimkar\iqothnccd-lung-cancer-dataset\versions\2\The IQ-OTHNCCD lung cancer dataset\The IQ-OTHNCCD lung cancer dataset\Malignant cases\Malignant case (291).jpg,Malignant case (291).jpg,Malignant cases,malignant,512,512,RGB,170aea66fe941f4cafa800eed1d567cc
C:\Users\Usuario\.cache\kagglehub\datasets\adityamahimkar\iqothnccd-lung-cancer-dataset\versions\2\The IQ-OTHNCCD lung cancer dataset\The IQ-OTHNCCD lung cancer dataset\Malignant cases\Malignant case (292).jpg,Malignant case (292).jpg,Malignant cases,malignant,512,512,RGB,7f908967681a15e218d5ca4a930c1da3
C:\Users\Usuario\.cache\kagglehub\datasets\adityamahimkar\iqothnccd-lung-cancer-dataset\versions\2\The IQ-OTHNCCD lung cancer dataset\The IQ-OTHNCCD lung cancer dataset\Malignant cases\Malignant case (293).jpg,Malignant case (293).jpg,Malignant cases,malignant,512,512,RGB,b218b67631e6e27046327056bebeb25c
C:\Users\Usuario\.cache\kagglehub\datasets\adityamahimkar\iqothnccd-lung-cancer-dataset\versions\2\The IQ-OTHNCCD lung cancer dataset\The IQ-OTHNCCD lung cancer dataset\Malignant cases\Malignant case (294).jpg,Malignant case (294).jpg,Malignant cases,malignant,512,512,RGB,a2ad256027a463839fcea3e7bf9ce711
C:\Users\Usuario\.cache\kagglehub\datasets\adityamahimkar\iqothnccd-lung-cancer-dataset\versions\2\The IQ-OTHNCCD lung cancer dataset\The IQ-OTHNCCD lung cancer dataset\Malignant cases\Malignant case (295).jpg,Malignant case (295).jpg,Malignant cases,malignant,512,512,RGB,56ab08dc97b92b588cf42f60cda87526
C:\Users\Usuario\.cache\kagglehub\datasets\adityamahimkar\iqothnccd-lung-cancer-dataset\versions\2\The IQ-OTHNCCD lung cancer dataset\The IQ-OTHNCCD lung cancer dataset\Malignant cases\Malignant case (296).jpg,Malignant case (296).jpg,Malignant cases,malignant,512,512,RGB,55b0ef788553805d3ff47d5e15816a77
C:\Users\Usuario\.cache\kagglehub\datasets\adityamahimkar\iqothnccd-lung-cancer-dataset\versions\2\The IQ-OTHNCCD lung cancer dataset\The IQ-OTHNCCD lung cancer dataset\Malignant cases\Malignant case (297).jpg,Malignant case (297).jpg,Malignant cases,malignant,512,512,RGB,d830f48c019c5f830450f6e63436dbcb
C:\Users\Usuario\.cache\kagglehub\datasets\adityamahimkar\iqothnccd-lung-cancer-dataset\versions\2\The IQ-OTHNCCD lung cancer dataset\The IQ-OTHNCCD lung cancer dataset\Malignant cases\Malignant case (298).jpg,Malignant case (298).jpg,Malignant cases,malignant,512,512,RGB,31c91708fa31a4648afd2a2540e4785c
C:\Users\Usuario\.cache\kagglehub\datasets\adityamahimkar\iqothnccd-lung-cancer-dataset\versions\2\The IQ-OTHNCCD lung cancer dataset\The IQ-OTHNCCD lung cancer dataset\Malignant cases\Malignant case (299).jpg,Malignant case (299).jpg,Malignant cases,malignant,512,512,RGB,dba6a9e8b10f8711b51deed019182f41
C:\Users\Usuario\.cache\kagglehub\datasets\adityamahimkar\iqothnccd-lung-cancer-dataset\versions\2\The IQ-OTHNCCD lung cancer dataset\The IQ-OTHNCCD lung cancer dataset\Malignant cases\Malignant case (3).jpg,Malignant case (3).jpg,Malignant cases,malignant,512,512,RGB,8e472f6c4c437bebcb54b08d9304ddac
C:\Users\Usuario\.cache\kagglehub\datasets\adityamahimkar\iqothnccd-lung-cancer-dataset\versions\2\The IQ-OTHNCCD lung cancer dataset\The IQ-OTHNCCD lung cancer dataset\Malignant cases\Malignant case (30).jpg,Malignant case (30).jpg,Malignant cases,malignant,512,512,RGB,296f93128a733ec49fca6c4850fdbbcd
C:\Users\Usuario\.cache\kagglehub\datasets\adityamahimkar\iqothnccd-lung-cancer-dataset\versions\2\The IQ-OTHNCCD lung cancer dataset\The IQ-OTHNCCD lung cancer dataset\Malignant cases\Malignant case (300).jpg,Malignant case (300).jpg,Malignant cases,malignant,512,512,RGB,b6df4c547526c6d6168f9a6d628039a3
C:\Users\Usuario\.cache\kagglehub\datasets\adityamahimkar\iqothnccd-lung-cancer-dataset\versions\2\The IQ-OTHNCCD lung cancer dataset\The IQ-OTHNCCD lung cancer dataset\Malignant cases\Malignant case (301).jpg,Malignant case (301).jpg,Malignant cases,malignant,512,512,RGB,a540d02cb2989a12adc37997b11c0d45
C:\Users\Usuario\.cache\kagglehub\datasets\adityamahimkar\iqothnccd-lung-cancer-dataset\versions\2\The IQ-OTHNCCD lung cancer dataset\The IQ-OTHNCCD lung cancer dataset\Malignant cases\Malignant case (302).jpg,Malignant case (302).jpg,Malignant cases,malignant,512,512,RGB,21ca149e63cb93b0bde0b3fd417ea52f
C:\Users\Usuario\.cache\kagglehub\datasets\adityamahimkar\iqothnccd-lung-cancer-dataset\versions\2\The IQ-OTHNCCD lung cancer dataset\The IQ-OTHNCCD lung cancer dataset\Malignant cases\Malignant case (303).jpg,Malignant case (303).jpg,Malignant cases,malignant,512,512,RGB,677e262f613f433e490e3b85c988935c
C:\Users\Usuario\.cache\kagglehub\datasets\adityamahimkar\iqothnccd-lung-cancer-dataset\versions\2\The IQ-OTHNCCD lung cancer dataset\The IQ-OTHNCCD lung cancer dataset\Malignant cases\Malignant case (304).jpg,Malignant case (304).jpg,Malignant cases,malignant,512,512,RGB,56ae3ed4a04f60bbb3c10237ddc51920
C:\Users\Usuario\.cache\kagglehub\datasets\adityamahimkar\iqothnccd-lung-cancer-dataset\versions\2\The IQ-OTHNCCD lung cancer dataset\The IQ-OTHNCCD lung cancer dataset\Malignant cases\Malignant case (305).jpg,Malignant case (305).jpg,Malignant cases,malignant,512,512,RGB,c6468492529cdf98545da4df10158d3d
C:\Users\Usuario\.cache\kagglehub\datasets\adityamahimkar\iqothnccd-lung-cancer-dataset\versions\2\The IQ-OTHNCCD lung cancer dataset\The IQ-OTHNCCD lung cancer dataset\Malignant cases\Malignant case (306).jpg,Malignant case (306).jpg,Malignant cases,malignant,512,512,RGB,1007aa56e55063707d804d4547d083e2
C:\Users\Usuario\.cache\kagglehub\datasets\adityamahimkar\iqothnccd-lung-cancer-dataset\versions\2\The IQ-OTHNCCD lung cancer dataset\The IQ-OTHNCCD lung cancer dataset\Malignant cases\Malignant case (307).jpg,Malignant case (307).jpg,Malignant cases,malignant,512,512,RGB,0f53fa119ff1b2d9a64e6e86a1885211
C:\Users\Usuario\.cache\kagglehub\datasets\adityamahimkar\iqothnccd-lung-cancer-dataset\versions\2\The IQ-OTHNCCD lung cancer dataset\The IQ-OTHNCCD lung cancer dataset\Malignant cases\Malignant case (308).jpg,Malignant case (308).jpg,Malignant cases,malignant,512,512,RGB,6319c83eb8e1e659036889631c391bea
C:\Users\Usuario\.cache\kagglehub\datasets\adityamahimkar\iqothnccd-lung-cancer-dataset\versions\2\The IQ-OTHNCCD lung cancer dataset\The IQ-OTHNCCD lung cancer dataset\Malignant cases\Malignant case (309).jpg,Malignant case (309).jpg,Malignant cases,malignant,512,512,RGB,f1af719a53458a2d34ac23d776c84b73
C:\Users\Usuario\.cache\kagglehub\datasets\adityamahimkar\iqothnccd-lung-cancer-dataset\versions\2\The IQ-OTHNCCD lung cancer dataset\The IQ-OTHNCCD lung cancer dataset\Malignant cases\Malignant case (31).jpg,Malignant case (31).jpg,Malignant cases,malignant,512,512,RGB,23bc3d494e0fc75f029f53bfcc521801
C:\Users\Usuario\.cache\kagglehub\datasets\adityamahimkar\iqothnccd-lung-cancer-dataset\versions\2\The IQ-OTHNCCD lung cancer dataset\The IQ-OTHNCCD lung cancer dataset\Malignant cases\Malignant case (310).jpg,Malignant case (310).jpg,Malignant cases,malignant,512,512,RGB,a96935f9efb00ae703c04ae6a62d8658
C:\Users\Usuario\.cache\kagglehub\datasets\adityamahimkar\iqothnccd-lung-cancer-dataset\versions\2\The IQ-OTHNCCD lung cancer dataset\The IQ-OTHNCCD lung cancer dataset\Malignant cases\Malignant case (311).jpg,Malignant case (311).jpg,Malignant cases,malignant,512,512,RGB,8a757f55c590a7ebe72580eedf31c682
C:\Users\Usuario\.cache\kagglehub\datasets\adityamahimkar\iqothnccd-lung-cancer-dataset\versions\2\The IQ-OTHNCCD lung cancer dataset\The IQ-OTHNCCD lung cancer dataset\Malignant cases\Malignant case (312).jpg,Malignant case (312).jpg,Malignant cases,malignant,512,512,RGB,fb83308236a5a0b1a786ce513a5b532c
C:\Users\Usuario\.cache\kagglehub\datasets\adityamahimkar\iqothnccd-lung-cancer-dataset\versions\2\The IQ-OTHNCCD lung cancer dataset\The IQ-OTHNCCD lung cancer dataset\Malignant cases\Malignant case (313).jpg,Malignant case (313).jpg,Malignant cases,malignant,512,512,RGB,36342e13a609a97c8b6c3d67523cb2fe
C:\Users\Usuario\.cache\kagglehub\datasets\adityamahimkar\iqothnccd-lung-cancer-dataset\versions\2\The IQ-OTHNCCD lung cancer dataset\The IQ-OTHNCCD lung cancer dataset\Malignant cases\Malignant case (314).jpg,Malignant case (314).jpg,Malignant cases,malignant,512,512,RGB,a36201178b35a55d105f4b32f40f9ccb
C:\Users\Usuario\.cache\kagglehub\datasets\adityamahimkar\iqothnccd-lung-cancer-dataset\versions\2\The IQ-OTHNCCD lung cancer dataset\The IQ-OTHNCCD lung cancer dataset\Malignant cases\Malignant case (315).jpg,Malignant case (315).jpg,Malignant cases,malignant,512,512,RGB,e19fa076204f35f9921bc0f1153b8f39
C:\Users\Usuario\.cache\kagglehub\datasets\adityamahimkar\iqothnccd-lung-cancer-dataset\versions\2\The IQ-OTHNCCD lung cancer dataset\The IQ-OTHNCCD lung cancer dataset\Malignant cases\Malignant case (316).jpg,Malignant case (316).jpg,Malignant cases,malignant,512,512,RGB,08585e973fff751a9876f008824181da
C:\Users\Usuario\.cache\kagglehub\datasets\adityamahimkar\iqothnccd-lung-cancer-dataset\versions\2\The IQ-OTHNCCD lung cancer dataset\The IQ-OTHNCCD lung cancer dataset\Malignant cases\Malignant case (317).jpg,Malignant case (317).jpg,Malignant cases,malignant,512,512,RGB,1db1b2a828c93690d3966895138b7bb0
C:\Users\Usuario\.cache\kagglehub\datasets\adityamahimkar\iqothnccd-lung-cancer-dataset\versions\2\The IQ-OTHNCCD lung cancer dataset\The IQ-OTHNCCD lung cancer dataset\Malignant cases\Malignant case (318).jpg,Malignant case (318).jpg,Malignant cases,malignant,512,512,RGB,f2cc0cfea0bc695910ac2b1e5f8c90ba
C:\Users\Usuario\.cache\kagglehub\datasets\adityamahimkar\iqothnccd-lung-cancer-dataset\versions\2\The IQ-OTHNCCD lung cancer dataset\The IQ-OTHNCCD lung cancer dataset\Malignant cases\Malignant case (319).jpg,Malignant case (319).jpg,Malignant cases,malignant,512,512,RGB,f7f58bc27fb55f30f344954a6cb91b34
C:\Users\Usuario\.cache\kagglehub\datasets\adityamahimkar\iqothnccd-lung-cancer-dataset\versions\2\The IQ-OTHNCCD lung cancer dataset\The IQ-OTHNCCD lung cancer dataset\Malignant cases\Malignant case (32).jpg,Malignant case (32).jpg,Malignant cases,malignant,512,512,RGB,95313b9f3367c478ee21704681fdc8ea
C:\Users\Usuario\.cache\kagglehub\datasets\adityamahimkar\iqothnccd-lung-cancer-dataset\versions\2\The IQ-OTHNCCD lung cancer dataset\The IQ-OTHNCCD lung cancer dataset\Malignant cases\Malignant case (320).jpg,Malignant case (320).jpg,Malignant cases,malignant,512,512,RGB,829d37aa784220459f6b2096cb12b451
C:\Users\Usuario\.cache\kagglehub\datasets\adityamahimkar\iqothnccd-lung-cancer-dataset\versions\2\The IQ-OTHNCCD lung cancer dataset\The IQ-OTHNCCD lung cancer dataset\Malignant cases\Malignant case (321).jpg,Malignant case (321).jpg,Malignant cases,malignant,512,512,RGB,cdab203155e246b8b0094d6a588ebfd7
C:\Users\Usuario\.cache\kagglehub\datasets\adityamahimkar\iqothnccd-lung-cancer-dataset\versions\2\The IQ-OTHNCCD lung cancer dataset\The IQ-OTHNCCD lung cancer dataset\Malignant cases\Malignant case (322).jpg,Malignant case (322).jpg,Malignant cases,malignant,512,512,RGB,ca76c789896f22a02d4fe182da55ae99
C:\Users\Usuario\.cache\kagglehub\datasets\adityamahimkar\iqothnccd-lung-cancer-dataset\versions\2\The IQ-OTHNCCD lung cancer dataset\The IQ-OTHNCCD lung cancer dataset\Malignant cases\Malignant case (323).jpg,Malignant case (323).jpg,Malignant cases,malignant,512,512,RGB,386c78147f7ff20ca4967c72575c364b
C:\Users\Usuario\.cache\kagglehub\datasets\adityamahimkar\iqothnccd-lung-cancer-dataset\versions\2\The IQ-OTHNCCD lung cancer dataset\The IQ-OTHNCCD lung cancer dataset\Malignant cases\Malignant case (324).jpg,Malignant case (324).jpg,Malignant cases,malignant,512,512,RGB,31a0673b882516ce2b3a7b7de5435f2d
C:\Users\Usuario\.cache\kagglehub\datasets\adityamahimkar\iqothnccd-lung-cancer-dataset\versions\2\The IQ-OTHNCCD lung cancer dataset\The IQ-OTHNCCD lung cancer dataset\Malignant cases\Malignant case (325).jpg,Malignant case (325).jpg,Malignant cases,malignant,512,512,RGB,c1ab779f2528c28724fd0af26eb78aa2
C:\Users\Usuario\.cache\kagglehub\datasets\adityamahimkar\iqothnccd-lung-cancer-dataset\versions\2\The IQ-OTHNCCD lung cancer dataset\The IQ-OTHNCCD lung cancer dataset\Malignant cases\Malignant case (326).jpg,Malignant case (326).jpg,Malignant cases,malignant,512,512,RGB,e1df9b6d347e28c4bc464882d6008d4b
C:\Users\Usuario\.cache\kagglehub\datasets\adityamahimkar\iqothnccd-lung-cancer-dataset\versions\2\The IQ-OTHNCCD lung cancer dataset\The IQ-OTHNCCD lung cancer dataset\Malignant cases\Malignant case (327).jpg,Malignant case (327).jpg,Malignant cases,malignant,512,512,RGB,8f14053254ea2ec6362c997978a198ae
C:\Users\Usuario\.cache\kagglehub\datasets\adityamahimkar\iqothnccd-lung-cancer-dataset\versions\2\The IQ-OTHNCCD lung cancer dataset\The IQ-OTHNCCD lung cancer dataset\Malignant cases\Malignant case (328).jpg,Malignant case (328).jpg,Malignant cases,malignant,512,512,RGB,bfdc526e6251af3259581559827c9f0b
C:\Users\Usuario\.cache\kagglehub\datasets\adityamahimkar\iqothnccd-lung-cancer-dataset\versions\2\The IQ-OTHNCCD lung cancer dataset\The IQ-OTHNCCD lung cancer dataset\Malignant cases\Malignant case (329).jpg,Malignant case (329).jpg,Malignant cases,malignant,512,512,RGB,10921ed810f004a16640efa1c2bf5ee2
C:\Users\Usuario\.cache\kagglehub\datasets\adityamahimkar\iqothnccd-lung-cancer-dataset\versions\2\The IQ-OTHNCCD lung cancer dataset\The IQ-OTHNCCD lung cancer dataset\Malignant cases\Malignant case (33).jpg,Malignant case (33).jpg,Malignant cases,malignant,512,512,RGB,2484aae85bd32df8ef69061f633328fb
C:\Users\Usuario\.cache\kagglehub\datasets\adityamahimkar\iqothnccd-lung-cancer-dataset\versions\2\The IQ-OTHNCCD lung cancer dataset\The IQ-OTHNCCD lung cancer dataset\Malignant cases\Malignant case (330).jpg,Malignant case (330).jpg,Malignant cases,malignant,512,512,RGB,cf48d3e1d695dbb0c7b55503fffc845b
C:\Users\Usuario\.cache\kagglehub\datasets\adityamahimkar\iqothnccd-lung-cancer-dataset\versions\2\The IQ-OTHNCCD lung cancer dataset\The IQ-OTHNCCD lung cancer dataset\Malignant cases\Malignant case (331).jpg,Malignant case (331).jpg,Malignant cases,malignant,512,512,RGB,39efc5ce208f7063afebc694732377c7
C:\Users\Usuario\.cache\kagglehub\datasets\adityamahimkar\iqothnccd-lung-cancer-dataset\versions\2\The IQ-OTHNCCD lung cancer dataset\The IQ-OTHNCCD lung cancer dataset\Malignant cases\Malignant case (332).jpg,Malignant case (332).jpg,Malignant cases,malignant,512,512,RGB,c739d303efd96fa143a7aa0dca308c16
C:\Users\Usuario\.cache\kagglehub\datasets\adityamahimkar\iqothnccd-lung-cancer-dataset\versions\2\The IQ-OTHNCCD lung cancer dataset\The IQ-OTHNCCD lung cancer dataset\Malignant cases\Malignant case (333).jpg,Malignant case (333).jpg,Malignant cases,malignant,512,512,RGB,a87861103f0136788cc004b355a1174d
C:\Users\Usuario\.cache\kagglehub\datasets\adityamahimkar\iqothnccd-lung-cancer-dataset\versions\2\The IQ-OTHNCCD lung cancer dataset\The IQ-OTHNCCD lung cancer dataset\Malignant cases\Malignant case (334).jpg,Malignant case (334).jpg,Malignant cases,malignant,512,512,RGB,c9fc30dfda30abd3b07279607a095dde
C:\Users\Usuario\.cache\kagglehub\datasets\adityamahimkar\iqothnccd-lung-cancer-dataset\versions\2\The IQ-OTHNCCD lung cancer dataset\The IQ-OTHNCCD lung cancer dataset\Malignant cases\Malignant case (335).jpg,Malignant case (335).jpg,Malignant cases,malignant,512,512,RGB,b529656f1f341e993f2600c8937fdb79
C:\Users\Usuario\.cache\kagglehub\datasets\adityamahimkar\iqothnccd-lung-cancer-dataset\versions\2\The IQ-OTHNCCD lung cancer dataset\The IQ-OTHNCCD lung cancer dataset\Malignant cases\Malignant case (336).jpg,Malignant case (336).jpg,Malignant cases,malignant,512,512,RGB,5d6825ad647794ac94e12369f3e95971
C:\Users\Usuario\.cache\kagglehub\datasets\adityamahimkar\iqothnccd-lung-cancer-dataset\versions\2\The IQ-OTHNCCD lung cancer dataset\The IQ-OTHNCCD lung cancer dataset\Malignant cases\Malignant case (337).jpg,Malignant case (337).jpg,Malignant cases,malignant,512,512,RGB,7a2c75e6fef1867986894065299e814f
C:\Users\Usuario\.cache\kagglehub\datasets\adityamahimkar\iqothnccd-lung-cancer-dataset\versions\2\The IQ-OTHNCCD lung cancer dataset\The IQ-OTHNCCD lung cancer dataset\Malignant cases\Malignant case (338).jpg,Malignant case (338).jpg,Malignant cases,malignant,512,512,RGB,8c5fa6822420cdd578e255d68b20ad44
C:\Users\Usuario\.cache\kagglehub\datasets\adityamahimkar\iqothnccd-lung-cancer-dataset\versions\2\The IQ-OTHNCCD lung cancer dataset\The IQ-OTHNCCD lung cancer dataset\Malignant cases\Malignant case (339).jpg,Malignant case (339).jpg,Malignant cases,malignant,512,512,RGB,c16f0c1883fa708384e4e9d4fdb8ac58
C:\Users\Usuario\.cache\kagglehub\datasets\adityamahimkar\iqothnccd-lung-cancer-dataset\versions\2\The IQ-OTHNCCD lung cancer dataset\The IQ-OTHNCCD lung cancer dataset\Malignant cases\Malignant case (34).jpg,Malignant case (34).jpg,Malignant cases,malignant,512,512,RGB,d92491491fb11f4b3a0a0b9ce498683c
C:\Users\Usuario\.cache\kagglehub\datasets\adityamahimkar\iqothnccd-lung-cancer-dataset\versions\2\The IQ-OTHNCCD lung cancer dataset\The IQ-OTHNCCD lung cancer dataset\Malignant cases\Malignant case (340).jpg,Malignant case (340).jpg,Malignant cases,malignant,512,512,RGB,9273d1289d2c1367bf0439e56de8ba82
C:\Users\Usuario\.cache\kagglehub\datasets\adityamahimkar\iqothnccd-lung-cancer-dataset\versions\2\The IQ-OTHNCCD lung cancer dataset\The IQ-OTHNCCD lung cancer dataset\Malignant cases\Malignant case (341).jpg,Malignant case (341).jpg,Malignant cases,malignant,512,512,RGB,3f151ca6a81b591f9e1ef891e07863f4
C:\Users\Usuario\.cache\kagglehub\datasets\adityamahimkar\iqothnccd-lung-cancer-dataset\versions\2\The IQ-OTHNCCD lung cancer dataset\The IQ-OTHNCCD lung cancer dataset\Malignant cases\Malignant case (342).jpg,Malignant case (342).jpg,Malignant cases,malignant,512,512,RGB,7e871e9b1436c8f9082dfd9dfaa933cf
C:\Users\Usuario\.cache\kagglehub\datasets\adityamahimkar\iqothnccd-lung-cancer-dataset\versions\2\The IQ-OTHNCCD lung cancer dataset\The IQ-OTHNCCD lung cancer dataset\Malignant cases\Malignant case (343).jpg,Malignant case (343).jpg,Malignant cases,malignant,512,512,RGB,a4edc79c932fb0e91e597dc834c46a9e
C:\Users\Usuario\.cache\kagglehub\datasets\adityamahimkar\iqothnccd-lung-cancer-dataset\versions\2\The IQ-OTHNCCD lung cancer dataset\The IQ-OTHNCCD lung cancer dataset\Malignant cases\Malignant case (344).jpg,Malignant case (344).jpg,Malignant cases,malignant,512,512,RGB,b8cba2a106fe23a673bea2682313ba5c
C:\Users\Usuario\.cache\kagglehub\datasets\adityamahimkar\iqothnccd-lung-cancer-dataset\versions\2\The IQ-OTHNCCD lung cancer dataset\The IQ-OTHNCCD lung cancer dataset\Malignant cases\Malignant case (345).jpg,Malignant case (345).jpg,Malignant cases,malignant,512,512,RGB,454504dda088962397504171d6100edb
C:\Users\Usuario\.cache\kagglehub\datasets\adityamahimkar\iqothnccd-lung-cancer-dataset\versions\2\The IQ-OTHNCCD lung cancer dataset\The IQ-OTHNCCD lung cancer dataset\Malignant cases\Malignant case (346).jpg,Malignant case (346).jpg,Malignant cases,malignant,512,512,RGB,b7513d939937c3e4148ae4f0b822c30b
C:\Users\Usuario\.cache\kagglehub\datasets\adityamahimkar\iqothnccd-lung-cancer-dataset\versions\2\The IQ-OTHNCCD lung cancer dataset\The IQ-OTHNCCD lung cancer dataset\Malignant cases\Malignant case (347).jpg,Malignant case (347).jpg,Malignant cases,malignant,512,512,RGB,e0bfecb8f92fd6eaf2a394bc6ffd4c57
C:\Users\Usuario\.cache\kagglehub\datasets\adityamahimkar\iqothnccd-lung-cancer-dataset\versions\2\The IQ-OTHNCCD lung cancer dataset\The IQ-OTHNCCD lung cancer dataset\Malignant cases\Malignant case (348).jpg,Malignant case (348).jpg,Malignant cases,malignant,512,512,RGB,49ea111473166dd488f010ad475815c9
C:\Users\Usuario\.cache\kagglehub\datasets\adityamahimkar\iqothnccd-lung-cancer-dataset\versions\2\The IQ-OTHNCCD lung cancer dataset\The IQ-OTHNCCD lung cancer dataset\Malignant cases\Malignant case (349).jpg,Malignant case (349).jpg,Malignant cases,malignant,512,512,RGB,f55b33d76997bfbf134b76aeaf930dc8
C:\Users\Usuario\.cache\kagglehub\datasets\adityamahimkar\iqothnccd-lung-cancer-dataset\versions\2\The IQ-OTHNCCD lung cancer dataset\The IQ-OTHNCCD lung cancer dataset\Malignant cases\Malignant case (35).jpg,Malignant case (35).jpg,Malignant cases,malignant,512,512,RGB,a2e8e3d93ff3f33c909bf894e8e10d5b
C:\Users\Usuario\.cache\kagglehub\datasets\adityamahimkar\iqothnccd-lung-cancer-dataset\versions\2\The IQ-OTHNCCD lung cancer dataset\The IQ-OTHNCCD lung cancer dataset\Malignant cases\Malignant case (350).jpg,Malignant case (350).jpg,Malignant cases,malignant,512,512,RGB,becf60bce7c75e1ee8718aac91fc9b11
C:\Users\Usuario\.cache\kagglehub\datasets\adityamahimkar\iqothnccd-lung-cancer-dataset\versions\2\The IQ-OTHNCCD lung cancer dataset\The IQ-OTHNCCD lung cancer dataset\Malignant cases\Malignant case (351).jpg,Malignant case (351).jpg,Malignant cases,malignant,512,512,RGB,4bb501a98526c5817e9f4d9aaf8adc9a
C:\Users\Usuario\.cache\kagglehub\datasets\adityamahimkar\iqothnccd-lung-cancer-dataset\versions\2\The IQ-OTHNCCD lung cancer dataset\The IQ-OTHNCCD lung cancer dataset\Malignant cases\Malignant case (352).jpg,Malignant case (352).jpg,Malignant cases,malignant,512,512,RGB,7ab50d973eed3af17b60bfb2fdf371c9
C:\Users\Usuario\.cache\kagglehub\datasets\adityamahimkar\iqothnccd-lung-cancer-dataset\versions\2\The IQ-OTHNCCD lung cancer dataset\The IQ-OTHNCCD lung cancer dataset\Malignant cases\Malignant case (353).jpg,Malignant case (353).jpg,Malignant cases,malignant,512,512,RGB,6b5a0b02c40a7b83dec96e932459058b
C:\Users\Usuario\.cache\kagglehub\datasets\adityamahimkar\iqothnccd-lung-cancer-dataset\versions\2\The IQ-OTHNCCD lung cancer dataset\The IQ-OTHNCCD lung cancer dataset\Malignant cases\Malignant case (354).jpg,Malignant case (354).jpg,Malignant cases,malignant,512,512,RGB,207b6e09141b379b82e8687bf0e2935e
C:\Users\Usuario\.cache\kagglehub\datasets\adityamahimkar\iqothnccd-lung-cancer-dataset\versions\2\The IQ-OTHNCCD lung cancer dataset\The IQ-OTHNCCD lung cancer dataset\Malignant cases\Malignant case (355).jpg,Malignant case (355).jpg,Malignant cases,malignant,512,512,RGB,cf53567f2637af61c3581cfbad395778
C:\Users\Usuario\.cache\kagglehub\datasets\adityamahimkar\iqothnccd-lung-cancer-dataset\versions\2\The IQ-OTHNCCD lung cancer dataset\The IQ-OTHNCCD lung cancer dataset\Malignant cases\Malignant case (356).jpg,Malignant case (356).jpg,Malignant cases,malignant,512,512,RGB,aeb6130007eed896b9ff52715f4d2e56
C:\Users\Usuario\.cache\kagglehub\datasets\adityamahimkar\iqothnccd-lung-cancer-dataset\versions\2\The IQ-OTHNCCD lung cancer dataset\The IQ-OTHNCCD lung cancer dataset\Malignant cases\Malignant case (357).jpg,Malignant case (357).jpg,Malignant cases,malignant,512,512,RGB,a521b655eb052b29d712f3cc44ebfeb5
C:\Users\Usuario\.cache\kagglehub\datasets\adityamahimkar\iqothnccd-lung-cancer-dataset\versions\2\The IQ-OTHNCCD lung cancer dataset\The IQ-OTHNCCD lung cancer dataset\Malignant cases\Malignant case (358).jpg,Malignant case (358).jpg,Malignant cases,malignant,512,512,RGB,617a0d3dd6a9dcbe210ce0e0d71ac234
C:\Users\Usuario\.cache\kagglehub\datasets\adityamahimkar\iqothnccd-lung-cancer-dataset\versions\2\The IQ-OTHNCCD lung cancer dataset\The IQ-OTHNCCD lung cancer dataset\Malignant cases\Malignant case (359).jpg,Malignant case (359).jpg,Malignant cases,malignant,512,512,RGB,59e37acd528a23f188360de8fb1e94af
C:\Users\Usuario\.cache\kagglehub\datasets\adityamahimkar\iqothnccd-lung-cancer-dataset\versions\2\The IQ-OTHNCCD lung cancer dataset\The IQ-OTHNCCD lung cancer dataset\Malignant cases\Malignant case (36).jpg,Malignant case (36).jpg,Malignant cases,malignant,512,512,RGB,a3fffb7270e742434d0f1c215f1935a1
C:\Users\Usuario\.cache\kagglehub\datasets\adityamahimkar\iqothnccd-lung-cancer-dataset\versions\2\The IQ-OTHNCCD lung cancer dataset\The IQ-OTHNCCD lung cancer dataset\Malignant cases\Malignant case (360).jpg,Malignant case (360).jpg,Malignant cases,malignant,512,512,RGB,bfffb11a7c02dd8700360618a998a01b
C:\Users\Usuario\.cache\kagglehub\datasets\adityamahimkar\iqothnccd-lung-cancer-dataset\versions\2\The IQ-OTHNCCD lung cancer dataset\The IQ-OTHNCCD lung cancer dataset\Malignant cases\Malignant case (361).jpg,Malignant case (361).jpg,Malignant cases,malignant,512,512,RGB,86a593bc79bc64527206617d94d75b6d
C:\Users\Usuario\.cache\kagglehub\datasets\adityamahimkar\iqothnccd-lung-cancer-dataset\versions\2\The IQ-OTHNCCD lung cancer dataset\The IQ-OTHNCCD lung cancer dataset\Malignant cases\Malignant case (362).jpg,Malignant case (362).jpg,Malignant cases,malignant,512,512,RGB,3aa3988635456cc963bc30e952c534e2
C:\Users\Usuario\.cache\kagglehub\datasets\adityamahimkar\iqothnccd-lung-cancer-dataset\versions\2\The IQ-OTHNCCD lung cancer dataset\The IQ-OTHNCCD lung cancer dataset\Malignant cases\Malignant case (363).jpg,Malignant case (363).jpg,Malignant cases,malignant,512,512,RGB,3b59c547af99bc99694319952d6abc65
C:\Users\Usuario\.cache\kagglehub\datasets\adityamahimkar\iqothnccd-lung-cancer-dataset\versions\2\The IQ-OTHNCCD lung cancer dataset\The IQ-OTHNCCD lung cancer dataset\Malignant cases\Malignant case (364).jpg,Malignant case (364).jpg,Malignant cases,malignant,512,512,RGB,3c0f99db65e1681e55c9e17d5eee3f54
C:\Users\Usuario\.cache\kagglehub\datasets\adityamahimkar\iqothnccd-lung-cancer-dataset\versions\2\The IQ-OTHNCCD lung cancer dataset\The IQ-OTHNCCD lung cancer dataset\Malignant cases\Malignant case (365).jpg,Malignant case (365).jpg,Malignant cases,malignant,512,512,RGB,31418ee4da3b8c1241050475d465a3a8
C:\Users\Usuario\.cache\kagglehub\datasets\adityamahimkar\iqothnccd-lung-cancer-dataset\versions\2\The IQ-OTHNCCD lung cancer dataset\The IQ-OTHNCCD lung cancer dataset\Malignant cases\Malignant case (366).jpg,Malignant case (366).jpg,Malignant cases,malignant,512,512,RGB,6a92926eaeac3004e924f25b6132ae54
C:\Users\Usuario\.cache\kagglehub\datasets\adityamahimkar\iqothnccd-lung-cancer-dataset\versions\2\The IQ-OTHNCCD lung cancer dataset\The IQ-OTHNCCD lung cancer dataset\Malignant cases\Malignant case (367).jpg,Malignant case (367).jpg,Malignant cases,malignant,512,512,RGB,16b64d8df0f44eb343f836377d149774
C:\Users\Usuario\.cache\kagglehub\datasets\adityamahimkar\iqothnccd-lung-cancer-dataset\versions\2\The IQ-OTHNCCD lung cancer dataset\The IQ-OTHNCCD lung cancer dataset\Malignant cases\Malignant case (368).jpg,Malignant case (368).jpg,Malignant cases,malignant,512,512,RGB,e12406c592bb96998c3832f38f6f44ff
C:\Users\Usuario\.cache\kagglehub\datasets\adityamahimkar\iqothnccd-lung-cancer-dataset\versions\2\The IQ-OTHNCCD lung cancer dataset\The IQ-OTHNCCD lung cancer dataset\Malignant cases\Malignant case (369).jpg,Malignant case (369).jpg,Malignant cases,malignant,512,512,RGB,018675305644cb9ce6aef4732159152e
C:\Users\Usuario\.cache\kagglehub\datasets\adityamahimkar\iqothnccd-lung-cancer-dataset\versions\2\The IQ-OTHNCCD lung cancer dataset\The IQ-OTHNCCD lung cancer dataset\Malignant cases\Malignant case (37).jpg,Malignant case (37).jpg,Malignant cases,malignant,512,512,RGB,4857dbd4c72554e298be78007f4c3c3f
C:\Users\Usuario\.cache\kagglehub\datasets\adityamahimkar\iqothnccd-lung-cancer-dataset\versions\2\The IQ-OTHNCCD lung cancer dataset\The IQ-OTHNCCD lung cancer dataset\Malignant cases\Malignant case (370).jpg,Malignant case (370).jpg,Malignant cases,malignant,512,512,RGB,d36cefb621d06d6cce6b0e85d2bd2c93
C:\Users\Usuario\.cache\kagglehub\datasets\adityamahimkar\iqothnccd-lung-cancer-dataset\versions\2\The IQ-OTHNCCD lung cancer dataset\The IQ-OTHNCCD lung cancer dataset\Malignant cases\Malignant case (371).jpg,Malignant case (371).jpg,Malignant cases,malignant,512,512,RGB,9377fdd4fe6299856b4aedb40667a76b
C:\Users\Usuario\.cache\kagglehub\datasets\adityamahimkar\iqothnccd-lung-cancer-dataset\versions\2\The IQ-OTHNCCD lung cancer dataset\The IQ-OTHNCCD lung cancer dataset\Malignant cases\Malignant case (372).jpg,Malignant case (372).jpg,Malignant cases,malignant,512,512,RGB,0acf0925986e12771546e2fc0249eb1b
C:\Users\Usuario\.cache\kagglehub\datasets\adityamahimkar\iqothnccd-lung-cancer-dataset\versions\2\The IQ-OTHNCCD lung cancer dataset\The IQ-OTHNCCD lung cancer dataset\Malignant cases\Malignant case (373).jpg,Malignant case (373).jpg,Malignant cases,malignant,512,512,RGB,358009d75d40c871a13724e4909e66ed
C:\Users\Usuario\.cache\kagglehub\datasets\adityamahimkar\iqothnccd-lung-cancer-dataset\versions\2\The IQ-OTHNCCD lung cancer dataset\The IQ-OTHNCCD lung cancer dataset\Malignant cases\Malignant case (374).jpg,Malignant case (374).jpg,Malignant cases,malignant,512,512,RGB,fe2d598557a91a2c319e0b3516d66f47
C:\Users\Usuario\.cache\kagglehub\datasets\adityamahimkar\iqothnccd-lung-cancer-dataset\versions\2\The IQ-OTHNCCD lung cancer dataset\The IQ-OTHNCCD lung cancer dataset\Malignant cases\Malignant case (375).jpg,Malignant case (375).jpg,Malignant cases,malignant,512,512,RGB,9044ec6b019675ff0a85ef05b0753238
C:\Users\Usuario\.cache\kagglehub\datasets\adityamahimkar\iqothnccd-lung-cancer-dataset\versions\2\The IQ-OTHNCCD lung cancer dataset\The IQ-OTHNCCD lung cancer dataset\Malignant cases\Malignant case (376).jpg,Malignant case (376).jpg,Malignant cases,malignant,512,512,RGB,7596c06d6bcb6c057e1c80e7930386ce
C:\Users\Usuario\.cache\kagglehub\datasets\adityamahimkar\iqothnccd-lung-cancer-dataset\versions\2\The IQ-OTHNCCD lung cancer dataset\The IQ-OTHNCCD lung cancer dataset\Malignant cases\Malignant case (377).jpg,Malignant case (377).jpg,Malignant cases,malignant,512,512,RGB,6755904064a1ea98ebd7dd9cb556ad09
C:\Users\Usuario\.cache\kagglehub\datasets\adityamahimkar\iqothnccd-lung-cancer-dataset\versions\2\The IQ-OTHNCCD lung cancer dataset\The IQ-OTHNCCD lung cancer dataset\Malignant cases\Malignant case (378).jpg,Malignant case (378).jpg,Malignant cases,malignant,512,512,RGB,d3823c1889d218e441984a1f9c38d078
C:\Users\Usuario\.cache\kagglehub\datasets\adityamahimkar\iqothnccd-lung-cancer-dataset\versions\2\The IQ-OTHNCCD lung cancer dataset\The IQ-OTHNCCD lung cancer dataset\Malignant cases\Malignant case (379).jpg,Malignant case (379).jpg,Malignant cases,malignant,512,512,RGB,8f58a228183da1f55d30342942766cbe
C:\Users\Usuario\.cache\kagglehub\datasets\adityamahimkar\iqothnccd-lung-cancer-dataset\versions\2\The IQ-OTHNCCD lung cancer dataset\The IQ-OTHNCCD lung cancer dataset\Malignant cases\Malignant case (38).jpg,Malignant case (38).jpg,Malignant cases,malignant,512,512,RGB,e98da4a2eac14cd4cec1cf8e19d59928
C:\Users\Usuario\.cache\kagglehub\datasets\adityamahimkar\iqothnccd-lung-cancer-dataset\versions\2\The IQ-OTHNCCD lung cancer dataset\The IQ-OTHNCCD lung cancer dataset\Malignant cases\Malignant case (380).jpg,Malignant case (380).jpg,Malignant cases,malignant,512,512,RGB,3e92f80fc45fadb9b23f061824924e49
C:\Users\Usuario\.cache\kagglehub\datasets\adityamahimkar\iqothnccd-lung-cancer-dataset\versions\2\The IQ-OTHNCCD lung cancer dataset\The IQ-OTHNCCD lung cancer dataset\Malignant cases\Malignant case (381).jpg,Malignant case (381).jpg,Malignant cases,malignant,512,512,RGB,d49664db1d3aa7b2f040cd08fa6c7a8b
C:\Users\Usuario\.cache\kagglehub\datasets\adityamahimkar\iqothnccd-lung-cancer-dataset\versions\2\The IQ-OTHNCCD lung cancer dataset\The IQ-OTHNCCD lung cancer dataset\Malignant cases\Malignant case (382).jpg,Malignant case (382).jpg,Malignant cases,malignant,512,512,RGB,be21f64ff6e693bf227c67c50b71d5e6
C:\Users\Usuario\.cache\kagglehub\datasets\adityamahimkar\iqothnccd-lung-cancer-dataset\versions\2\The IQ-OTHNCCD lung cancer dataset\The IQ-OTHNCCD lung cancer dataset\Malignant cases\Malignant case (383).jpg,Malignant case (383).jpg,Malignant cases,malignant,512,512,RGB,bbf51be5414e5040a10607592930928e
C:\Users\Usuario\.cache\kagglehub\datasets\adityamahimkar\iqothnccd-lung-cancer-dataset\versions\2\The IQ-OTHNCCD lung cancer dataset\The IQ-OTHNCCD lung cancer dataset\Malignant cases\Malignant case (384).jpg,Malignant case (384).jpg,Malignant cases,malignant,512,512,RGB,f96befb336aac215e4b1f52234b26f02
C:\Users\Usuario\.cache\kagglehub\datasets\adityamahimkar\iqothnccd-lung-cancer-dataset\versions\2\The IQ-OTHNCCD lung cancer dataset\The IQ-OTHNCCD lung cancer dataset\Malignant cases\Malignant case (385).jpg,Malignant case (385).jpg,Malignant cases,malignant,512,512,RGB,d44dc2d6c510b61c41b9e0e2b21f97bd
C:\Users\Usuario\.cache\kagglehub\datasets\adityamahimkar\iqothnccd-lung-cancer-dataset\versions\2\The IQ-OTHNCCD lung cancer dataset\The IQ-OTHNCCD lung cancer dataset\Malignant cases\Malignant case (386).jpg,Malignant case (386).jpg,Malignant cases,malignant,512,512,RGB,2b7565ea3afba6fa3b87eca06b994168
C:\Users\Usuario\.cache\kagglehub\datasets\adityamahimkar\iqothnccd-lung-cancer-dataset\versions\2\The IQ-OTHNCCD lung cancer dataset\The IQ-OTHNCCD lung cancer dataset\Malignant cases\Malignant case (387).jpg,Malignant case (387).jpg,Malignant cases,malignant,512,512,RGB,e4b1f92eac7df0d28b8fc978f5ae4805
C:\Users\Usuario\.cache\kagglehub\datasets\adityamahimkar\iqothnccd-lung-cancer-dataset\versions\2\The IQ-OTHNCCD lung cancer dataset\The IQ-OTHNCCD lung cancer dataset\Malignant cases\Malignant case (388).jpg,Malignant case (388).jpg,Malignant cases,malignant,512,512,RGB,3e3f57d187b3245ba8edbff5cd09809f
C:\Users\Usuario\.cache\kagglehub\datasets\adityamahimkar\iqothnccd-lung-cancer-dataset\versions\2\The IQ-OTHNCCD lung cancer dataset\The IQ-OTHNCCD lung cancer dataset\Malignant cases\Malignant case (389).jpg,Malignant case (389).jpg,Malignant cases,malignant,512,512,RGB,2afd8c790886bea2e829d26fecd9ca03
C:\Users\Usuario\.cache\kagglehub\datasets\adityamahimkar\iqothnccd-lung-cancer-dataset\versions\2\The IQ-OTHNCCD lung cancer dataset\The IQ-OTHNCCD lung cancer dataset\Malignant cases\Malignant case (39).jpg,Malignant case (39).jpg,Malignant cases,malignant,512,512,RGB,ee0c5c33ffa1116e602325303e397203
C:\Users\Usuario\.cache\kagglehub\datasets\adityamahimkar\iqothnccd-lung-cancer-dataset\versions\2\The IQ-OTHNCCD lung cancer dataset\The IQ-OTHNCCD lung cancer dataset\Malignant cases\Malignant case (390).jpg,Malignant case (390).jpg,Malignant cases,malignant,512,512,RGB,e3fc3753a48b6632764a1ce3fd6a99f8
C:\Users\Usuario\.cache\kagglehub\datasets\adityamahimkar\iqothnccd-lung-cancer-dataset\versions\2\The IQ-OTHNCCD lung cancer dataset\The IQ-OTHNCCD lung cancer dataset\Malignant cases\Malignant case (391).jpg,Malignant case (391).jpg,Malignant cases,malignant,512,512,RGB,aa29fc9055aac08434a10d96db8080a7
C:\Users\Usuario\.cache\kagglehub\datasets\adityamahimkar\iqothnccd-lung-cancer-dataset\versions\2\The IQ-OTHNCCD lung cancer dataset\The IQ-OTHNCCD lung cancer dataset\Malignant cases\Malignant case (392).jpg,Malignant case (392).jpg,Malignant cases,malignant,512,512,RGB,a79dc4739b43b614e5e96826f3f642ae
C:\Users\Usuario\.cache\kagglehub\datasets\adityamahimkar\iqothnccd-lung-cancer-dataset\versions\2\The IQ-OTHNCCD lung cancer dataset\The IQ-OTHNCCD lung cancer dataset\Malignant cases\Malignant case (393).jpg,Malignant case (393).jpg,Malignant cases,malignant,512,512,RGB,ca9551a8975bbd84b05daf4d6f52c893
C:\Users\Usuario\.cache\kagglehub\datasets\adityamahimkar\iqothnccd-lung-cancer-dataset\versions\2\The IQ-OTHNCCD lung cancer dataset\The IQ-OTHNCCD lung cancer dataset\Malignant cases\Malignant case (394).jpg,Malignant case (394).jpg,Malignant cases,malignant,512,512,RGB,8b5718cdb2d2de21c5f0ade182f44110
C:\Users\Usuario\.cache\kagglehub\datasets\adityamahimkar\iqothnccd-lung-cancer-dataset\versions\2\The IQ-OTHNCCD lung cancer dataset\The IQ-OTHNCCD lung cancer dataset\Malignant cases\Malignant case (395).jpg,Malignant case (395).jpg,Malignant cases,malignant,512,512,RGB,d3ebb73df1e1c4be4d0378d373d10cb7
C:\Users\Usuario\.cache\kagglehub\datasets\adityamahimkar\iqothnccd-lung-cancer-dataset\versions\2\The IQ-OTHNCCD lung cancer dataset\The IQ-OTHNCCD lung cancer dataset\Malignant cases\Malignant case (396).jpg,Malignant case (396).jpg,Malignant cases,malignant,512,512,RGB,ef6a7508569ff03e6eca0bc9a7f28b47
C:\Users\Usuario\.cache\kagglehub\datasets\adityamahimkar\iqothnccd-lung-cancer-dataset\versions\2\The IQ-OTHNCCD lung cancer dataset\The IQ-OTHNCCD lung cancer dataset\Malignant cases\Malignant case (397).jpg,Malignant case (397).jpg,Malignant cases,malignant,512,512,RGB,f2e0cae000c2770c30a708814a3b61ec
C:\Users\Usuario\.cache\kagglehub\datasets\adityamahimkar\iqothnccd-lung-cancer-dataset\versions\2\The IQ-OTHNCCD lung cancer dataset\The IQ-OTHNCCD lung cancer dataset\Malignant cases\Malignant case (398).jpg,Malignant case (398).jpg,Malignant cases,malignant,512,512,RGB,3a18765938af59e569da42da1fccf75d
C:\Users\Usuario\.cache\kagglehub\datasets\adityamahimkar\iqothnccd-lung-cancer-dataset\versions\2\The IQ-OTHNCCD lung cancer dataset\The IQ-OTHNCCD lung cancer dataset\Malignant cases\Malignant case (399).jpg,Malignant case (399).jpg,Malignant cases,malignant,512,512,RGB,8e51c4777bc7d520b5b60bee7e1b25d8
C:\Users\Usuario\.cache\kagglehub\datasets\adityamahimkar\iqothnccd-lung-cancer-dataset\versions\2\The IQ-OTHNCCD lung cancer dataset\The IQ-OTHNCCD lung cancer dataset\Malignant cases\Malignant case (4).jpg,Malignant case (4).jpg,Malignant cases,malignant,512,512,RGB,676d3bbb966a8b137bfd3e44481d2cbb
C:\Users\Usuario\.cache\kagglehub\datasets\adityamahimkar\iqothnccd-lung-cancer-dataset\versions\2\The IQ-OTHNCCD lung cancer dataset\The IQ-OTHNCCD lung cancer dataset\Malignant cases\Malignant case (40).jpg,Malignant case (40).jpg,Malignant cases,malignant,512,512,RGB,9f95e9a84140fdc2ee8adf70210f0c9d
C:\Users\Usuario\.cache\kagglehub\datasets\adityamahimkar\iqothnccd-lung-cancer-dataset\versions\2\The IQ-OTHNCCD lung cancer dataset\The IQ-OTHNCCD lung cancer dataset\Malignant cases\Malignant case (400).jpg,Malignant case (400).jpg,Malignant cases,malignant,512,512,RGB,34bb60901601479983216946c632595e
C:\Users\Usuario\.cache\kagglehub\datasets\adityamahimkar\iqothnccd-lung-cancer-dataset\versions\2\The IQ-OTHNCCD lung cancer dataset\The IQ-OTHNCCD lung cancer dataset\Malignant cases\Malignant case (401).jpg,Malignant case (401).jpg,Malignant cases,malignant,512,512,RGB,2f80cf40cf79b612ebd6892e587bc405
C:\Users\Usuario\.cache\kagglehub\datasets\adityamahimkar\iqothnccd-lung-cancer-dataset\versions\2\The IQ-OTHNCCD lung cancer dataset\The IQ-OTHNCCD lung cancer dataset\Malignant cases\Malignant case (402).jpg,Malignant case (402).jpg,Malignant cases,malignant,512,512,RGB,9f8f59a39366cb797787d2782f32cebc
C:\Users\Usuario\.cache\kagglehub\datasets\adityamahimkar\iqothnccd-lung-cancer-dataset\versions\2\The IQ-OTHNCCD lung cancer dataset\The IQ-OTHNCCD lung cancer dataset\Malignant cases\Malignant case (403).jpg,Malignant case (403).jpg,Malignant cases,malignant,512,512,RGB,d100ef6c3a8191ce28fff77726071398
C:\Users\Usuario\.cache\kagglehub\datasets\adityamahimkar\iqothnccd-lung-cancer-dataset\versions\2\The IQ-OTHNCCD lung cancer dataset\The IQ-OTHNCCD lung cancer dataset\Malignant cases\Malignant case (404).jpg,Malignant case (404).jpg,Malignant cases,malignant,512,512,RGB,125b5dc4d691d54e56190f682d23051f
C:\Users\Usuario\.cache\kagglehub\datasets\adityamahimkar\iqothnccd-lung-cancer-dataset\versions\2\The IQ-OTHNCCD lung cancer dataset\The IQ-OTHNCCD lung cancer dataset\Malignant cases\Malignant case (405).jpg,Malignant case (405).jpg,Malignant cases,malignant,512,512,RGB,9fdf1c174ffd4e19a31643c9639c7ffe
C:\Users\Usuario\.cache\kagglehub\datasets\adityamahimkar\iqothnccd-lung-cancer-dataset\versions\2\The IQ-OTHNCCD lung cancer dataset\The IQ-OTHNCCD lung cancer dataset\Malignant cases\Malignant case (406).jpg,Malignant case (406).jpg,Malignant cases,malignant,512,512,RGB,130a826bf1824f2649085f5ba3eb58cc
C:\Users\Usuario\.cache\kagglehub\datasets\adityamahimkar\iqothnccd-lung-cancer-dataset\versions\2\The IQ-OTHNCCD lung cancer dataset\The IQ-OTHNCCD lung cancer dataset\Malignant cases\Malignant case (407).jpg,Malignant case (407).jpg,Malignant cases,malignant,512,512,RGB,2ac359375f02c50f67205bb807574687
C:\Users\Usuario\.cache\kagglehub\datasets\adityamahimkar\iqothnccd-lung-cancer-dataset\versions\2\The IQ-OTHNCCD lung cancer dataset\The IQ-OTHNCCD lung cancer dataset\Malignant cases\Malignant case (408).jpg,Malignant case (408).jpg,Malignant cases,malignant,512,512,RGB,19a190264363e6cff8faa9696efa7fae
C:\Users\Usuario\.cache\kagglehub\datasets\adityamahimkar\iqothnccd-lung-cancer-dataset\versions\2\The IQ-OTHNCCD lung cancer dataset\The IQ-OTHNCCD lung cancer dataset\Malignant cases\Malignant case (409).jpg,Malignant case (409).jpg,Malignant cases,malignant,512,512,RGB,91cf323bf9cecaf473b128fa37bb5401
C:\Users\Usuario\.cache\kagglehub\datasets\adityamahimkar\iqothnccd-lung-cancer-dataset\versions\2\The IQ-OTHNCCD lung cancer dataset\The IQ-OTHNCCD lung cancer dataset\Malignant cases\Malignant case (41).jpg,Malignant case (41).jpg,Malignant cases,malignant,512,512,RGB,1b85e3753fc0ce570ebfcc830e123aed
C:\Users\Usuario\.cache\kagglehub\datasets\adityamahimkar\iqothnccd-lung-cancer-dataset\versions\2\The IQ-OTHNCCD lung cancer dataset\The IQ-OTHNCCD lung cancer dataset\Malignant cases\Malignant case (410).jpg,Malignant case (410).jpg,Malignant cases,malignant,512,512,RGB,ee786433437fc703dab37edc775c07ed
C:\Users\Usuario\.cache\kagglehub\datasets\adityamahimkar\iqothnccd-lung-cancer-dataset\versions\2\The IQ-OTHNCCD lung cancer dataset\The IQ-OTHNCCD lung cancer dataset\Malignant cases\Malignant case (411).jpg,Malignant case (411).jpg,Malignant cases,malignant,512,512,RGB,c0f9545a3bb1a90310c1d5e0b5b22667
C:\Users\Usuario\.cache\kagglehub\datasets\adityamahimkar\iqothnccd-lung-cancer-dataset\versions\2\The IQ-OTHNCCD lung cancer dataset\The IQ-OTHNCCD lung cancer dataset\Malignant cases\Malignant case (412).jpg,Malignant case (412).jpg,Malignant cases,malignant,512,512,RGB,d746b7f0ced7ac2c36399aa3f89d86a4
C:\Users\Usuario\.cache\kagglehub\datasets\adityamahimkar\iqothnccd-lung-cancer-dataset\versions\2\The IQ-OTHNCCD lung cancer dataset\The IQ-OTHNCCD lung cancer dataset\Malignant cases\Malignant case (413).jpg,Malignant case (413).jpg,Malignant cases,malignant,512,512,RGB,acd5ba1ec3298dc6e2c4ed2ebf2c0ebb
C:\Users\Usuario\.cache\kagglehub\datasets\adityamahimkar\iqothnccd-lung-cancer-dataset\versions\2\The IQ-OTHNCCD lung cancer dataset\The IQ-OTHNCCD lung cancer dataset\Malignant cases\Malignant case (414).jpg,Malignant case (414).jpg,Malignant cases,malignant,512,512,RGB,eb34d51083a2bf278d44494f76d462a2
C:\Users\Usuario\.cache\kagglehub\datasets\adityamahimkar\iqothnccd-lung-cancer-dataset\versions\2\The IQ-OTHNCCD lung cancer dataset\The IQ-OTHNCCD lung cancer dataset\Malignant cases\Malignant case (415).jpg,Malignant case (415).jpg,Malignant cases,malignant,512,512,RGB,4d4a5a31613a9596b268cdd900e6d769
C:\Users\Usuario\.cache\kagglehub\datasets\adityamahimkar\iqothnccd-lung-cancer-dataset\versions\2\The IQ-OTHNCCD lung cancer dataset\The IQ-OTHNCCD lung cancer dataset\Malignant cases\Malignant case (416).jpg,Malignant case (416).jpg,Malignant cases,malignant,512,512,RGB,5574d3c462f336fbfc6952c75d4f1a99
C:\Users\Usuario\.cache\kagglehub\datasets\adityamahimkar\iqothnccd-lung-cancer-dataset\versions\2\The IQ-OTHNCCD lung cancer dataset\The IQ-OTHNCCD lung cancer dataset\Malignant cases\Malignant case (417).jpg,Malignant case (417).jpg,Malignant cases,malignant,512,512,RGB,ed3127b2165121ce1a38cc72987ea0b9
C:\Users\Usuario\.cache\kagglehub\datasets\adityamahimkar\iqothnccd-lung-cancer-dataset\versions\2\The IQ-OTHNCCD lung cancer dataset\The IQ-OTHNCCD lung cancer dataset\Malignant cases\Malignant case (418).jpg,Malignant case (418).jpg,Malignant cases,malignant,512,512,RGB,ff4dc2f61f3099fee3a55fc53b8b3560
C:\Users\Usuario\.cache\kagglehub\datasets\adityamahimkar\iqothnccd-lung-cancer-dataset\versions\2\The IQ-OTHNCCD lung cancer dataset\The IQ-OTHNCCD lung cancer dataset\Malignant cases\Malignant case (419).jpg,Malignant case (419).jpg,Malignant cases,malignant,512,512,RGB,8762d3c1286e2d322e50f1ffee0ae63b
C:\Users\Usuario\.cache\kagglehub\datasets\adityamahimkar\iqothnccd-lung-cancer-dataset\versions\2\The IQ-OTHNCCD lung cancer dataset\The IQ-OTHNCCD lung cancer dataset\Malignant cases\Malignant case (42).jpg,Malignant case (42).jpg,Malignant cases,malignant,512,512,RGB,2337e996a9a076141809010e649cee43
C:\Users\Usuario\.cache\kagglehub\datasets\adityamahimkar\iqothnccd-lung-cancer-dataset\versions\2\The IQ-OTHNCCD lung cancer dataset\The IQ-OTHNCCD lung cancer dataset\Malignant cases\Malignant case (420).jpg,Malignant case (420).jpg,Malignant cases,malignant,512,512,RGB,f445bdae82c990171c960d30f956fb85
C:\Users\Usuario\.cache\kagglehub\datasets\adityamahimkar\iqothnccd-lung-cancer-dataset\versions\2\The IQ-OTHNCCD lung cancer dataset\The IQ-OTHNCCD lung cancer dataset\Malignant cases\Malignant case (421).jpg,Malignant case (421).jpg,Malignant cases,malignant,512,512,RGB,8156b97ea2d0e20f5a26fb0ddc30d729
C:\Users\Usuario\.cache\kagglehub\datasets\adityamahimkar\iqothnccd-lung-cancer-dataset\versions\2\The IQ-OTHNCCD lung cancer dataset\The IQ-OTHNCCD lung cancer dataset\Malignant cases\Malignant case (422).jpg,Malignant case (422).jpg,Malignant cases,malignant,512,512,RGB,ef695be2b70a0c1bda45789e39b5390f
C:\Users\Usuario\.cache\kagglehub\datasets\adityamahimkar\iqothnccd-lung-cancer-dataset\versions\2\The IQ-OTHNCCD lung cancer dataset\The IQ-OTHNCCD lung cancer dataset\Malignant cases\Malignant case (423).jpg,Malignant case (423).jpg,Malignant cases,malignant,512,512,RGB,5fbf0ab211323957dccb9fabf71a530e
C:\Users\Usuario\.cache\kagglehub\datasets\adityamahimkar\iqothnccd-lung-cancer-dataset\versions\2\The IQ-OTHNCCD lung cancer dataset\The IQ-OTHNCCD lung cancer dataset\Malignant cases\Malignant case (424).jpg,Malignant case (424).jpg,Malignant cases,malignant,512,512,RGB,1461d18662b7fb97565f4d1fd63d5e7e
C:\Users\Usuario\.cache\kagglehub\datasets\adityamahimkar\iqothnccd-lung-cancer-dataset\versions\2\The IQ-OTHNCCD lung cancer dataset\The IQ-OTHNCCD lung cancer dataset\Malignant cases\Malignant case (425).jpg,Malignant case (425).jpg,Malignant cases,malignant,512,512,RGB,c63680c7c8093644985e33aba4d5ab14
C:\Users\Usuario\.cache\kagglehub\datasets\adityamahimkar\iqothnccd-lung-cancer-dataset\versions\2\The IQ-OTHNCCD lung cancer dataset\The IQ-OTHNCCD lung cancer dataset\Malignant cases\Malignant case (426).jpg,Malignant case (426).jpg,Malignant cases,malignant,512,512,RGB,53f1e24998561ea94e2f542539b44160
C:\Users\Usuario\.cache\kagglehub\datasets\adityamahimkar\iqothnccd-lung-cancer-dataset\versions\2\The IQ-OTHNCCD lung cancer dataset\The IQ-OTHNCCD lung cancer dataset\Malignant cases\Malignant case (427).jpg,Malignant case (427).jpg,Malignant cases,malignant,512,512,RGB,c9217117fc238a398113d73e845dd1eb
C:\Users\Usuario\.cache\kagglehub\datasets\adityamahimkar\iqothnccd-lung-cancer-dataset\versions\2\The IQ-OTHNCCD lung cancer dataset\The IQ-OTHNCCD lung cancer dataset\Malignant cases\Malignant case (428).jpg,Malignant case (428).jpg,Malignant cases,malignant,512,512,RGB,3955cf7b9bfb5dafe5069347d132e698
C:\Users\Usuario\.cache\kagglehub\datasets\adityamahimkar\iqothnccd-lung-cancer-dataset\versions\2\The IQ-OTHNCCD lung cancer dataset\The IQ-OTHNCCD lung cancer dataset\Malignant cases\Malignant case (429).jpg,Malignant case (429).jpg,Malignant cases,malignant,512,512,RGB,da68b3dea85aa655d57e0219db522fee
C:\Users\Usuario\.cache\kagglehub\datasets\adityamahimkar\iqothnccd-lung-cancer-dataset\versions\2\The IQ-OTHNCCD lung cancer dataset\The IQ-OTHNCCD lung cancer dataset\Malignant cases\Malignant case (43).jpg,Malignant case (43).jpg,Malignant cases,malignant,512,512,RGB,39439f8e0057658cec9381e7d79f0e4c
C:\Users\Usuario\.cache\kagglehub\datasets\adityamahimkar\iqothnccd-lung-cancer-dataset\versions\2\The IQ-OTHNCCD lung cancer dataset\The IQ-OTHNCCD lung cancer dataset\Malignant cases\Malignant case (430).jpg,Malignant case (430).jpg,Malignant cases,malignant,512,512,RGB,159d2c4d4fc4655afc748bcf70516adf
C:\Users\Usuario\.cache\kagglehub\datasets\adityamahimkar\iqothnccd-lung-cancer-dataset\versions\2\The IQ-OTHNCCD lung cancer dataset\The IQ-OTHNCCD lung cancer dataset\Malignant cases\Malignant case (431).jpg,Malignant case (431).jpg,Malignant cases,malignant,512,512,RGB,c57631611d2434207b0a5f81cfa2666e
C:\Users\Usuario\.cache\kagglehub\datasets\adityamahimkar\iqothnccd-lung-cancer-dataset\versions\2\The IQ-OTHNCCD lung cancer dataset\The IQ-OTHNCCD lung cancer dataset\Malignant cases\Malignant case (432).jpg,Malignant case (432).jpg,Malignant cases,malignant,512,512,RGB,232f0094fa89aa282e411557bf5f55d8
C:\Users\Usuario\.cache\kagglehub\datasets\adityamahimkar\iqothnccd-lung-cancer-dataset\versions\2\The IQ-OTHNCCD lung cancer dataset\The IQ-OTHNCCD lung cancer dataset\Malignant cases\Malignant case (433).jpg,Malignant case (433).jpg,Malignant cases,malignant,512,512,RGB,e1dc7ed9191b3ec227c125d7b74da05f
C:\Users\Usuario\.cache\kagglehub\datasets\adityamahimkar\iqothnccd-lung-cancer-dataset\versions\2\The IQ-OTHNCCD lung cancer dataset\The IQ-OTHNCCD lung cancer dataset\Malignant cases\Malignant case (434).jpg,Malignant case (434).jpg,Malignant cases,malignant,512,512,RGB,0afec76298abe3bf318f34d0c0163529
C:\Users\Usuario\.cache\kagglehub\datasets\adityamahimkar\iqothnccd-lung-cancer-dataset\versions\2\The IQ-OTHNCCD lung cancer dataset\The IQ-OTHNCCD lung cancer dataset\Malignant cases\Malignant case (435).jpg,Malignant case (435).jpg,Malignant cases,malignant,512,512,RGB,3fe1a6de973360dc9aa301fd0eab5b37
C:\Users\Usuario\.cache\kagglehub\datasets\adityamahimkar\iqothnccd-lung-cancer-dataset\versions\2\The IQ-OTHNCCD lung cancer dataset\The IQ-OTHNCCD lung cancer dataset\Malignant cases\Malignant case (436).jpg,Malignant case (436).jpg,Malignant cases,malignant,512,512,RGB,a78ad81a88c5179517129fc492592663
C:\Users\Usuario\.cache\kagglehub\datasets\adityamahimkar\iqothnccd-lung-cancer-dataset\versions\2\The IQ-OTHNCCD lung cancer dataset\The IQ-OTHNCCD lung cancer dataset\Malignant cases\Malignant case (437).jpg,Malignant case (437).jpg,Malignant cases,malignant,512,512,RGB,1ad09d8e401172e37979bc51b5d1e364
C:\Users\Usuario\.cache\kagglehub\datasets\adityamahimkar\iqothnccd-lung-cancer-dataset\versions\2\The IQ-OTHNCCD lung cancer dataset\The IQ-OTHNCCD lung cancer dataset\Malignant cases\Malignant case (438).jpg,Malignant case (438).jpg,Malignant cases,malignant,512,512,RGB,8ce0b79b2e09fe9bd2966d23d8b08d0f
C:\Users\Usuario\.cache\kagglehub\datasets\adityamahimkar\iqothnccd-lung-cancer-dataset\versions\2\The IQ-OTHNCCD lung cancer dataset\The IQ-OTHNCCD lung cancer dataset\Malignant cases\Malignant case (439).jpg,Malignant case (439).jpg,Malignant cases,malignant,512,512,RGB,f048c32423ee5704b1da7689016f67a2
C:\Users\Usuario\.cache\kagglehub\datasets\adityamahimkar\iqothnccd-lung-cancer-dataset\versions\2\The IQ-OTHNCCD lung cancer dataset\The IQ-OTHNCCD lung cancer dataset\Malignant cases\Malignant case (44).jpg,Malignant case (44).jpg,Malignant cases,malignant,512,512,RGB,8eb28fcca1ad2b57c01b404d7652e082
C:\Users\Usuario\.cache\kagglehub\datasets\adityamahimkar\iqothnccd-lung-cancer-dataset\versions\2\The IQ-OTHNCCD lung cancer dataset\The IQ-OTHNCCD lung cancer dataset\Malignant cases\Malignant case (440).jpg,Malignant case (440).jpg,Malignant cases,malignant,512,512,RGB,f0e72bef502f9a288fe2f156ec1091ca
C:\Users\Usuario\.cache\kagglehub\datasets\adityamahimkar\iqothnccd-lung-cancer-dataset\versions\2\The IQ-OTHNCCD lung cancer dataset\The IQ-OTHNCCD lung cancer dataset\Malignant cases\Malignant case (441).jpg,Malignant case (441).jpg,Malignant cases,malignant,512,512,RGB,106c5fd9e47ad176c4a9d5245ddd06f8
C:\Users\Usuario\.cache\kagglehub\datasets\adityamahimkar\iqothnccd-lung-cancer-dataset\versions\2\The IQ-OTHNCCD lung cancer dataset\The IQ-OTHNCCD lung cancer dataset\Malignant cases\Malignant case (442).jpg,Malignant case (442).jpg,Malignant cases,malignant,512,512,RGB,dd18b98b3cf94d29dafad0b1bafd819d
C:\Users\Usuario\.cache\kagglehub\datasets\adityamahimkar\iqothnccd-lung-cancer-dataset\versions\2\The IQ-OTHNCCD lung cancer dataset\The IQ-OTHNCCD lung cancer dataset\Malignant cases\Malignant case (443).jpg,Malignant case (443).jpg,Malignant cases,malignant,512,512,RGB,3c2b4fe29b0eb9ff58f98fa27c04f11b
C:\Users\Usuario\.cache\kagglehub\datasets\adityamahimkar\iqothnccd-lung-cancer-dataset\versions\2\The IQ-OTHNCCD lung cancer dataset\The IQ-OTHNCCD lung cancer dataset\Malignant cases\Malignant case (444).jpg,Malignant case (444).jpg,Malignant cases,malignant,512,512,RGB,bd0fc84cdbebf4f31a23c283ad9a724f
C:\Users\Usuario\.cache\kagglehub\datasets\adityamahimkar\iqothnccd-lung-cancer-dataset\versions\2\The IQ-OTHNCCD lung cancer dataset\The IQ-OTHNCCD lung cancer dataset\Malignant cases\Malignant case (445).jpg,Malignant case (445).jpg,Malignant cases,malignant,512,512,RGB,b04cd7c0b77ae2e3a18dc2d57bdcc0df
C:\Users\Usuario\.cache\kagglehub\datasets\adityamahimkar\iqothnccd-lung-cancer-dataset\versions\2\The IQ-OTHNCCD lung cancer dataset\The IQ-OTHNCCD lung cancer dataset\Malignant cases\Malignant case (446).jpg,Malignant case (446).jpg,Malignant cases,malignant,512,512,RGB,32bd1595bb2266db9281619913f7f313
C:\Users\Usuario\.cache\kagglehub\datasets\adityamahimkar\iqothnccd-lung-cancer-dataset\versions\2\The IQ-OTHNCCD lung cancer dataset\The IQ-OTHNCCD lung cancer dataset\Malignant cases\Malignant case (447).jpg,Malignant case (447).jpg,Malignant cases,malignant,512,512,RGB,b582609480e8dc40face67d80fdae54a
C:\Users\Usuario\.cache\kagglehub\datasets\adityamahimkar\iqothnccd-lung-cancer-dataset\versions\2\The IQ-OTHNCCD lung cancer dataset\The IQ-OTHNCCD lung cancer dataset\Malignant cases\Malignant case (448).jpg,Malignant case (448).jpg,Malignant cases,malignant,512,512,RGB,7f23a3b2df3f2746fa40fc9d70a02e3e
C:\Users\Usuario\.cache\kagglehub\datasets\adityamahimkar\iqothnccd-lung-cancer-dataset\versions\2\The IQ-OTHNCCD lung cancer dataset\The IQ-OTHNCCD lung cancer dataset\Malignant cases\Malignant case (449).jpg,Malignant case (449).jpg,Malignant cases,malignant,512,512,RGB,701047e76b85aba298f06a873d0542d1
C:\Users\Usuario\.cache\kagglehub\datasets\adityamahimkar\iqothnccd-lung-cancer-dataset\versions\2\The IQ-OTHNCCD lung cancer dataset\The IQ-OTHNCCD lung cancer dataset\Malignant cases\Malignant case (45).jpg,Malignant case (45).jpg,Malignant cases,malignant,512,512,RGB,9a3f22e4195b2844b810a08814aa7104
C:\Users\Usuario\.cache\kagglehub\datasets\adityamahimkar\iqothnccd-lung-cancer-dataset\versions\2\The IQ-OTHNCCD lung cancer dataset\The IQ-OTHNCCD lung cancer dataset\Malignant cases\Malignant case (450).jpg,Malignant case (450).jpg,Malignant cases,malignant,512,512,RGB,235cf0855f7320d7ee978847aefcba88
C:\Users\Usuario\.cache\kagglehub\datasets\adityamahimkar\iqothnccd-lung-cancer-dataset\versions\2\The IQ-OTHNCCD lung cancer dataset\The IQ-OTHNCCD lung cancer dataset\Malignant cases\Malignant case (451).jpg,Malignant case (451).jpg,Malignant cases,malignant,512,512,RGB,dfe2fef22ab72cb82c9f377497d43137
C:\Users\Usuario\.cache\kagglehub\datasets\adityamahimkar\iqothnccd-lung-cancer-dataset\versions\2\The IQ-OTHNCCD lung cancer dataset\The IQ-OTHNCCD lung cancer dataset\Malignant cases\Malignant case (452).jpg,Malignant case (452).jpg,Malignant cases,malignant,512,512,RGB,4089885046238d9f0c9fc89222c82c56
C:\Users\Usuario\.cache\kagglehub\datasets\adityamahimkar\iqothnccd-lung-cancer-dataset\versions\2\The IQ-OTHNCCD lung cancer dataset\The IQ-OTHNCCD lung cancer dataset\Malignant cases\Malignant case (453).jpg,Malignant case (453).jpg,Malignant cases,malignant,512,512,RGB,55fc022d6229865930217d200dad1d61
C:\Users\Usuario\.cache\kagglehub\datasets\adityamahimkar\iqothnccd-lung-cancer-dataset\versions\2\The IQ-OTHNCCD lung cancer dataset\The IQ-OTHNCCD lung cancer dataset\Malignant cases\Malignant case (454).jpg,Malignant case (454).jpg,Malignant cases,malignant,512,512,RGB,74bd568d77dc0fc52cc98f835440d818
C:\Users\Usuario\.cache\kagglehub\datasets\adityamahimkar\iqothnccd-lung-cancer-dataset\versions\2\The IQ-OTHNCCD lung cancer dataset\The IQ-OTHNCCD lung cancer dataset\Malignant cases\Malignant case (455).jpg,Malignant case (455).jpg,Malignant cases,malignant,512,512,RGB,1f82614c7b002fbce06b961bc2ec6b28
C:\Users\Usuario\.cache\kagglehub\datasets\adityamahimkar\iqothnccd-lung-cancer-dataset\versions\2\The IQ-OTHNCCD lung cancer dataset\The IQ-OTHNCCD lung cancer dataset\Malignant cases\Malignant case (456).jpg,Malignant case (456).jpg,Malignant cases,malignant,512,512,RGB,e5bb29f88fa8613d852eae930f800b35
C:\Users\Usuario\.cache\kagglehub\datasets\adityamahimkar\iqothnccd-lung-cancer-dataset\versions\2\The IQ-OTHNCCD lung cancer dataset\The IQ-OTHNCCD lung cancer dataset\Malignant cases\Malignant case (457).jpg,Malignant case (457).jpg,Malignant cases,malignant,512,512,RGB,d4af45d1d71c87f79ed320515227fd25
C:\Users\Usuario\.cache\kagglehub\datasets\adityamahimkar\iqothnccd-lung-cancer-dataset\versions\2\The IQ-OTHNCCD lung cancer dataset\The IQ-OTHNCCD lung cancer dataset\Malignant cases\Malignant case (458).jpg,Malignant case (458).jpg,Malignant cases,malignant,512,512,RGB,1ed86418f2c1173c81dc1bbedfe245d3
C:\Users\Usuario\.cache\kagglehub\datasets\adityamahimkar\iqothnccd-lung-cancer-dataset\versions\2\The IQ-OTHNCCD lung cancer dataset\The IQ-OTHNCCD lung cancer dataset\Malignant cases\Malignant case (459).jpg,Malignant case (459).jpg,Malignant cases,malignant,512,512,RGB,5d7d1550bbfc6a7ef557f99745cca3d7
C:\Users\Usuario\.cache\kagglehub\datasets\adityamahimkar\iqothnccd-lung-cancer-dataset\versions\2\The IQ-OTHNCCD lung cancer dataset\The IQ-OTHNCCD lung cancer dataset\Malignant cases\Malignant case (46).jpg,Malignant case (46).jpg,Malignant cases,malignant,512,512,RGB,2f7076dc5bfa86882ffd9868ca570040
C:\Users\Usuario\.cache\kagglehub\datasets\adityamahimkar\iqothnccd-lung-cancer-dataset\versions\2\The IQ-OTHNCCD lung cancer dataset\The IQ-OTHNCCD lung cancer dataset\Malignant cases\Malignant case (460).jpg,Malignant case (460).jpg,Malignant cases,malignant,512,512,RGB,ad1d600d4dadcc41ecca2cf924b78423
C:\Users\Usuario\.cache\kagglehub\datasets\adityamahimkar\iqothnccd-lung-cancer-dataset\versions\2\The IQ-OTHNCCD lung cancer dataset\The IQ-OTHNCCD lung cancer dataset\Malignant cases\Malignant case (461).jpg,Malignant case (461).jpg,Malignant cases,malignant,512,512,RGB,1e5238c561e7ccbbe86cad445ebb715a
C:\Users\Usuario\.cache\kagglehub\datasets\adityamahimkar\iqothnccd-lung-cancer-dataset\versions\2\The IQ-OTHNCCD lung cancer dataset\The IQ-OTHNCCD lung cancer dataset\Malignant cases\Malignant case (462).jpg,Malignant case (462).jpg,Malignant cases,malignant,512,512,RGB,2964fc06dad3b32e1270c9d6c549f324
C:\Users\Usuario\.cache\kagglehub\datasets\adityamahimkar\iqothnccd-lung-cancer-dataset\versions\2\The IQ-OTHNCCD lung cancer dataset\The IQ-OTHNCCD lung cancer dataset\Malignant cases\Malignant case (463).jpg,Malignant case (463).jpg,Malignant cases,malignant,512,512,RGB,04fa1aa88d107e02f7df2cbd4b1adb8b
C:\Users\Usuario\.cache\kagglehub\datasets\adityamahimkar\iqothnccd-lung-cancer-dataset\versions\2\The IQ-OTHNCCD lung cancer dataset\The IQ-OTHNCCD lung cancer dataset\Malignant cases\Malignant case (464).jpg,Malignant case (464).jpg,Malignant cases,malignant,512,512,RGB,be246a2544f476a5a1ecaac8eee1f2a3
C:\Users\Usuario\.cache\kagglehub\datasets\adityamahimkar\iqothnccd-lung-cancer-dataset\versions\2\The IQ-OTHNCCD lung cancer dataset\The IQ-OTHNCCD lung cancer dataset\Malignant cases\Malignant case (465).jpg,Malignant case (465).jpg,Malignant cases,malignant,512,512,RGB,c80bc6b04aea372e3bcd081568bba368
C:\Users\Usuario\.cache\kagglehub\datasets\adityamahimkar\iqothnccd-lung-cancer-dataset\versions\2\The IQ-OTHNCCD lung cancer dataset\The IQ-OTHNCCD lung cancer dataset\Malignant cases\Malignant case (466).jpg,Malignant case (466).jpg,Malignant cases,malignant,512,512,RGB,79d2741575dab2b5af60f95ad7c5f93a
C:\Users\Usuario\.cache\kagglehub\datasets\adityamahimkar\iqothnccd-lung-cancer-dataset\versions\2\The IQ-OTHNCCD lung cancer dataset\The IQ-OTHNCCD lung cancer dataset\Malignant cases\Malignant case (467).jpg,Malignant case (467).jpg,Malignant cases,malignant,512,512,RGB,a3b2de4fcf6f01351971b77f8eee11d3
C:\Users\Usuario\.cache\kagglehub\datasets\adityamahimkar\iqothnccd-lung-cancer-dataset\versions\2\The IQ-OTHNCCD lung cancer dataset\The IQ-OTHNCCD lung cancer dataset\Malignant cases\Malignant case (468).jpg,Malignant case (468).jpg,Malignant cases,malignant,512,512,RGB,30150d045a0e98c6baf5cc0533ff524a
C:\Users\Usuario\.cache\kagglehub\datasets\adityamahimkar\iqothnccd-lung-cancer-dataset\versions\2\The IQ-OTHNCCD lung cancer dataset\The IQ-OTHNCCD lung cancer dataset\Malignant cases\Malignant case (469).jpg,Malignant case (469).jpg,Malignant cases,malignant,512,512,RGB,f8f85a4bd1819ac54700bf6b52199472
C:\Users\Usuario\.cache\kagglehub\datasets\adityamahimkar\iqothnccd-lung-cancer-dataset\versions\2\The IQ-OTHNCCD lung cancer dataset\The IQ-OTHNCCD lung cancer dataset\Malignant cases\Malignant case (47).jpg,Malignant case (47).jpg,Malignant cases,malignant,512,512,RGB,f3fe311fddb4bf0a7a27d6cf03e13d36
C:\Users\Usuario\.cache\kagglehub\datasets\adityamahimkar\iqothnccd-lung-cancer-dataset\versions\2\The IQ-OTHNCCD lung cancer dataset\The IQ-OTHNCCD lung cancer dataset\Malignant cases\Malignant case (470).jpg,Malignant case (470).jpg,Malignant cases,malignant,512,512,RGB,4579678e023a68eb90021aa97f16193b
C:\Users\Usuario\.cache\kagglehub\datasets\adityamahimkar\iqothnccd-lung-cancer-dataset\versions\2\The IQ-OTHNCCD lung cancer dataset\The IQ-OTHNCCD lung cancer dataset\Malignant cases\Malignant case (471).jpg,Malignant case (471).jpg,Malignant cases,malignant,512,512,RGB,e41a41fdaa6be290b18c5d3f00786fd1
C:\Users\Usuario\.cache\kagglehub\datasets\adityamahimkar\iqothnccd-lung-cancer-dataset\versions\2\The IQ-OTHNCCD lung cancer dataset\The IQ-OTHNCCD lung cancer dataset\Malignant cases\Malignant case (472).jpg,Malignant case (472).jpg,Malignant cases,malignant,512,512,RGB,198477eb7a21f48f21bf13ea9cf976dd
C:\Users\Usuario\.cache\kagglehub\datasets\adityamahimkar\iqothnccd-lung-cancer-dataset\versions\2\The IQ-OTHNCCD lung cancer dataset\The IQ-OTHNCCD lung cancer dataset\Malignant cases\Malignant case (473).jpg,Malignant case (473).jpg,Malignant cases,malignant,512,512,RGB,5f99b50e37d544650c05cf2fdf47eac4
C:\Users\Usuario\.cache\kagglehub\datasets\adityamahimkar\iqothnccd-lung-cancer-dataset\versions\2\The IQ-OTHNCCD lung cancer dataset\The IQ-OTHNCCD lung cancer dataset\Malignant cases\Malignant case (474).jpg,Malignant case (474).jpg,Malignant cases,malignant,512,512,RGB,d47a6ef683d3e020d9ccc3cbae05cede
C:\Users\Usuario\.cache\kagglehub\datasets\adityamahimkar\iqothnccd-lung-cancer-dataset\versions\2\The IQ-OTHNCCD lung cancer dataset\The IQ-OTHNCCD lung cancer dataset\Malignant cases\Malignant case (475).jpg,Malignant case (475).jpg,Malignant cases,malignant,512,512,RGB,0adbf1d5a925adc0606ceec06455a701
C:\Users\Usuario\.cache\kagglehub\datasets\adityamahimkar\iqothnccd-lung-cancer-dataset\versions\2\The IQ-OTHNCCD lung cancer dataset\The IQ-OTHNCCD lung cancer dataset\Malignant cases\Malignant case (476).jpg,Malignant case (476).jpg,Malignant cases,malignant,512,512,RGB,bda0e25f303856db74b08c02fd8f1a39
C:\Users\Usuario\.cache\kagglehub\datasets\adityamahimkar\iqothnccd-lung-cancer-dataset\versions\2\The IQ-OTHNCCD lung cancer dataset\The IQ-OTHNCCD lung cancer dataset\Malignant cases\Malignant case (477).jpg,Malignant case (477).jpg,Malignant cases,malignant,512,512,RGB,f76d9981eb5014451fc347c7cd2d3311
C:\Users\Usuario\.cache\kagglehub\datasets\adityamahimkar\iqothnccd-lung-cancer-dataset\versions\2\The IQ-OTHNCCD lung cancer dataset\The IQ-OTHNCCD lung cancer dataset\Malignant cases\Malignant case (478).jpg,Malignant case (478).jpg,Malignant cases,malignant,512,512,RGB,672507b8a2b386f7f5dae9f9ffc7034d
C:\Users\Usuario\.cache\kagglehub\datasets\adityamahimkar\iqothnccd-lung-cancer-dataset\versions\2\The IQ-OTHNCCD lung cancer dataset\The IQ-OTHNCCD lung cancer dataset\Malignant cases\Malignant case (479).jpg,Malignant case (479).jpg,Malignant cases,malignant,512,512,RGB,8af5a9a88d35a05de90bc78fa78e571c
C:\Users\Usuario\.cache\kagglehub\datasets\adityamahimkar\iqothnccd-lung-cancer-dataset\versions\2\The IQ-OTHNCCD lung cancer dataset\The IQ-OTHNCCD lung cancer dataset\Malignant cases\Malignant case (48).jpg,Malignant case (48).jpg,Malignant cases,malignant,512,512,RGB,992090a31d108dd6e81f2f59ca3dea2b
C:\Users\Usuario\.cache\kagglehub\datasets\adityamahimkar\iqothnccd-lung-cancer-dataset\versions\2\The IQ-OTHNCCD lung cancer dataset\The IQ-OTHNCCD lung cancer dataset\Malignant cases\Malignant case (480).jpg,Malignant case (480).jpg,Malignant cases,malignant,512,512,RGB,1520a1f725a3216db3afb0d227521b2b
C:\Users\Usuario\.cache\kagglehub\datasets\adityamahimkar\iqothnccd-lung-cancer-dataset\versions\2\The IQ-OTHNCCD lung cancer dataset\The IQ-OTHNCCD lung cancer dataset\Malignant cases\Malignant case (481).jpg,Malignant case (481).jpg,Malignant cases,malignant,512,512,RGB,c5d96f979440e71bc898ed999fb05520
C:\Users\Usuario\.cache\kagglehub\datasets\adityamahimkar\iqothnccd-lung-cancer-dataset\versions\2\The IQ-OTHNCCD lung cancer dataset\The IQ-OTHNCCD lung cancer dataset\Malignant cases\Malignant case (482).jpg,Malignant case (482).jpg,Malignant cases,malignant,512,512,RGB,86213f5339d3c517a239521160db6e03
C:\Users\Usuario\.cache\kagglehub\datasets\adityamahimkar\iqothnccd-lung-cancer-dataset\versions\2\The IQ-OTHNCCD lung cancer dataset\The IQ-OTHNCCD lung cancer dataset\Malignant cases\Malignant case (483).jpg,Malignant case (483).jpg,Malignant cases,malignant,512,512,RGB,8c968ad54cd91113237ee5faf078b624
C:\Users\Usuario\.cache\kagglehub\datasets\adityamahimkar\iqothnccd-lung-cancer-dataset\versions\2\The IQ-OTHNCCD lung cancer dataset\The IQ-OTHNCCD lung cancer dataset\Malignant cases\Malignant case (484).jpg,Malignant case (484).jpg,Malignant cases,malignant,512,512,RGB,d8a5373a7e4d6e00cfeb556feb8631fd
C:\Users\Usuario\.cache\kagglehub\datasets\adityamahimkar\iqothnccd-lung-cancer-dataset\versions\2\The IQ-OTHNCCD lung cancer dataset\The IQ-OTHNCCD lung cancer dataset\Malignant cases\Malignant case (485).jpg,Malignant case (485).jpg,Malignant cases,malignant,512,512,RGB,59b2ec14eb4d959a88436e0239926df2
C:\Users\Usuario\.cache\kagglehub\datasets\adityamahimkar\iqothnccd-lung-cancer-dataset\versions\2\The IQ-OTHNCCD lung cancer dataset\The IQ-OTHNCCD lung cancer dataset\Malignant cases\Malignant case (486).jpg,Malignant case (486).jpg,Malignant cases,malignant,512,512,RGB,3c343ffe4913b1ec47374fd7e74ab826
C:\Users\Usuario\.cache\kagglehub\datasets\adityamahimkar\iqothnccd-lung-cancer-dataset\versions\2\The IQ-OTHNCCD lung cancer dataset\The IQ-OTHNCCD lung cancer dataset\Malignant cases\Malignant case (487).jpg,Malignant case (487).jpg,Malignant cases,malignant,512,512,RGB,d32083d6bafed15f9fb92bc2cc790d90
C:\Users\Usuario\.cache\kagglehub\datasets\adityamahimkar\iqothnccd-lung-cancer-dataset\versions\2\The IQ-OTHNCCD lung cancer dataset\The IQ-OTHNCCD lung cancer dataset\Malignant cases\Malignant case (488).jpg,Malignant case (488).jpg,Malignant cases,malignant,512,512,RGB,481c6381e19c7f2128749f9b31474688
C:\Users\Usuario\.cache\kagglehub\datasets\adityamahimkar\iqothnccd-lung-cancer-dataset\versions\2\The IQ-OTHNCCD lung cancer dataset\The IQ-OTHNCCD lung cancer dataset\Malignant cases\Malignant case (489).jpg,Malignant case (489).jpg,Malignant cases,malignant,512,512,RGB,1960c593a1622c66d8150a2b1e3cb227
C:\Users\Usuario\.cache\kagglehub\datasets\adityamahimkar\iqothnccd-lung-cancer-dataset\versions\2\The IQ-OTHNCCD lung cancer dataset\The IQ-OTHNCCD lung cancer dataset\Malignant cases\Malignant case (49).jpg,Malignant case (49).jpg,Malignant cases,malignant,512,512,RGB,c3fa1554e9c73e1b0ef861d4a25b9988
C:\Users\Usuario\.cache\kagglehub\datasets\adityamahimkar\iqothnccd-lung-cancer-dataset\versions\2\The IQ-OTHNCCD lung cancer dataset\The IQ-OTHNCCD lung cancer dataset\Malignant cases\Malignant case (490).jpg,Malignant case (490).jpg,Malignant cases,malignant,512,512,RGB,af39dec2a190429f5f8f01dfefb737c5
C:\Users\Usuario\.cache\kagglehub\datasets\adityamahimkar\iqothnccd-lung-cancer-dataset\versions\2\The IQ-OTHNCCD lung cancer dataset\The IQ-OTHNCCD lung cancer dataset\Malignant cases\Malignant case (491).jpg,Malignant case (491).jpg,Malignant cases,malignant,512,512,RGB,d2f26ce5e3fd046c441c1cce13e5a304
C:\Users\Usuario\.cache\kagglehub\datasets\adityamahimkar\iqothnccd-lung-cancer-dataset\versions\2\The IQ-OTHNCCD lung cancer dataset\The IQ-OTHNCCD lung cancer dataset\Malignant cases\Malignant case (492).jpg,Malignant case (492).jpg,Malignant cases,malignant,512,512,RGB,d3ce04c96843244843dfb23bd11b3f6f
C:\Users\Usuario\.cache\kagglehub\datasets\adityamahimkar\iqothnccd-lung-cancer-dataset\versions\2\The IQ-OTHNCCD lung cancer dataset\The IQ-OTHNCCD lung cancer dataset\Malignant cases\Malignant case (493).jpg,Malignant case (493).jpg,Malignant cases,malignant,512,512,RGB,ef358a1854ee315de0e1c0804ad4cf76
C:\Users\Usuario\.cache\kagglehub\datasets\adityamahimkar\iqothnccd-lung-cancer-dataset\versions\2\The IQ-OTHNCCD lung cancer dataset\The IQ-OTHNCCD lung cancer dataset\Malignant cases\Malignant case (494).jpg,Malignant case (494).jpg,Malignant cases,malignant,512,512,RGB,61195accef066babce20ac57b812a599
C:\Users\Usuario\.cache\kagglehub\datasets\adityamahimkar\iqothnccd-lung-cancer-dataset\versions\2\The IQ-OTHNCCD lung cancer dataset\The IQ-OTHNCCD lung cancer dataset\Malignant cases\Malignant case (495).jpg,Malignant case (495).jpg,Malignant cases,malignant,512,512,RGB,393b30299c3085df9a11f1fcec4a834b
C:\Users\Usuario\.cache\kagglehub\datasets\adityamahimkar\iqothnccd-lung-cancer-dataset\versions\2\The IQ-OTHNCCD lung cancer dataset\The IQ-OTHNCCD lung cancer dataset\Malignant cases\Malignant case (496).jpg,Malignant case (496).jpg,Malignant cases,malignant,512,512,RGB,d7386367868ce0c2b3e92765521f0f15
C:\Users\Usuario\.cache\kagglehub\datasets\adityamahimkar\iqothnccd-lung-cancer-dataset\versions\2\The IQ-OTHNCCD lung cancer dataset\The IQ-OTHNCCD lung cancer dataset\Malignant cases\Malignant case (497).jpg,Malignant case (497).jpg,Malignant cases,malignant,512,512,RGB,69ded1b5db4a6654f07780372c4b9d47
C:\Users\Usuario\.cache\kagglehub\datasets\adityamahimkar\iqothnccd-lung-cancer-dataset\versions\2\The IQ-OTHNCCD lung cancer dataset\The IQ-OTHNCCD lung cancer dataset\Malignant cases\Malignant case (498).jpg,Malignant case (498).jpg,Malignant cases,malignant,512,512,RGB,6b18817307241b17ba6a70c4f7ee98a1
C:\Users\Usuario\.cache\kagglehub\datasets\adityamahimkar\iqothnccd-lung-cancer-dataset\versions\2\The IQ-OTHNCCD lung cancer dataset\The IQ-OTHNCCD lung cancer dataset\Malignant cases\Malignant case (499).jpg,Malignant case (499).jpg,Malignant cases,malignant,512,512,RGB,f76d75502cfd1ba843fa6bbd42a56354
C:\Users\Usuario\.cache\kagglehub\datasets\adityamahimkar\iqothnccd-lung-cancer-dataset\versions\2\The IQ-OTHNCCD lung cancer dataset\The IQ-OTHNCCD lung cancer dataset\Malignant cases\Malignant case (5).jpg,Malignant case (5).jpg,Malignant cases,malignant,512,512,RGB,b40716b3666bb271d3663da97f6df212
C:\Users\Usuario\.cache\kagglehub\datasets\adityamahimkar\iqothnccd-lung-cancer-dataset\versions\2\The IQ-OTHNCCD lung cancer dataset\The IQ-OTHNCCD lung cancer dataset\Malignant cases\Malignant case (50).jpg,Malignant case (50).jpg,Malignant cases,malignant,512,512,RGB,1e172b4e65db17a3d6ee364ea72e81b3
C:\Users\Usuario\.cache\kagglehub\datasets\adityamahimkar\iqothnccd-lung-cancer-dataset\versions\2\The IQ-OTHNCCD lung cancer dataset\The IQ-OTHNCCD lung cancer dataset\Malignant cases\Malignant case (500).jpg,Malignant case (500).jpg,Malignant cases,malignant,512,512,RGB,88e6482a102a058a9ed49b2987532540
C:\Users\Usuario\.cache\kagglehub\datasets\adityamahimkar\iqothnccd-lung-cancer-dataset\versions\2\The IQ-OTHNCCD lung cancer dataset\The IQ-OTHNCCD lung cancer dataset\Malignant cases\Malignant case (501).jpg,Malignant case (501).jpg,Malignant cases,malignant,512,512,RGB,f42b3fa9f3e50d202cf58e0814f06471
C:\Users\Usuario\.cache\kagglehub\datasets\adityamahimkar\iqothnccd-lung-cancer-dataset\versions\2\The IQ-OTHNCCD lung cancer dataset\The IQ-OTHNCCD lung cancer dataset\Malignant cases\Malignant case (502).jpg,Malignant case (502).jpg,Malignant cases,malignant,512,512,RGB,397a3cce9a3f3b220e711d72d939d483
C:\Users\Usuario\.cache\kagglehub\datasets\adityamahimkar\iqothnccd-lung-cancer-dataset\versions\2\The IQ-OTHNCCD lung cancer dataset\The IQ-OTHNCCD lung cancer dataset\Malignant cases\Malignant case (503).jpg,Malignant case (503).jpg,Malignant cases,malignant,512,512,RGB,a259ffd9c39dfdeaa69e836a81c6dd9c
C:\Users\Usuario\.cache\kagglehub\datasets\adityamahimkar\iqothnccd-lung-cancer-dataset\versions\2\The IQ-OTHNCCD lung cancer dataset\The IQ-OTHNCCD lung cancer dataset\Malignant cases\Malignant case (504).jpg,Malignant case (504).jpg,Malignant cases,malignant,512,512,RGB,2c7143179524628724f8853176e9cbd8
C:\Users\Usuario\.cache\kagglehub\datasets\adityamahimkar\iqothnccd-lung-cancer-dataset\versions\2\The IQ-OTHNCCD lung cancer dataset\The IQ-OTHNCCD lung cancer dataset\Malignant cases\Malignant case (505).jpg,Malignant case (505).jpg,Malignant cases,malignant,512,512,RGB,68f243eb8e84f0ae812bafd70870273c
C:\Users\Usuario\.cache\kagglehub\datasets\adityamahimkar\iqothnccd-lung-cancer-dataset\versions\2\The IQ-OTHNCCD lung cancer dataset\The IQ-OTHNCCD lung cancer dataset\Malignant cases\Malignant case (506).jpg,Malignant case (506).jpg,Malignant cases,malignant,512,512,RGB,237fc66e13b50c4416056d4f45e7020b
C:\Users\Usuario\.cache\kagglehub\datasets\adityamahimkar\iqothnccd-lung-cancer-dataset\versions\2\The IQ-OTHNCCD lung cancer dataset\The IQ-OTHNCCD lung cancer dataset\Malignant cases\Malignant case (507).jpg,Malignant case (507).jpg,Malignant cases,malignant,512,512,RGB,6632b24a97d9f9691dcd7de244ae7b23
C:\Users\Usuario\.cache\kagglehub\datasets\adityamahimkar\iqothnccd-lung-cancer-dataset\versions\2\The IQ-OTHNCCD lung cancer dataset\The IQ-OTHNCCD lung cancer dataset\Malignant cases\Malignant case (508).jpg,Malignant case (508).jpg,Malignant cases,malignant,512,512,RGB,f5fe4a12286249221eabd66d13d61a24
C:\Users\Usuario\.cache\kagglehub\datasets\adityamahimkar\iqothnccd-lung-cancer-dataset\versions\2\The IQ-OTHNCCD lung cancer dataset\The IQ-OTHNCCD lung cancer dataset\Malignant cases\Malignant case (509).jpg,Malignant case (509).jpg,Malignant cases,malignant,512,512,RGB,4ee03a5311e3585f8447071c702bf938
C:\Users\Usuario\.cache\kagglehub\datasets\adityamahimkar\iqothnccd-lung-cancer-dataset\versions\2\The IQ-OTHNCCD lung cancer dataset\The IQ-OTHNCCD lung cancer dataset\Malignant cases\Malignant case (51).jpg,Malignant case (51).jpg,Malignant cases,malignant,512,512,RGB,e2c11716faad60f4b363a6cdbe60c537
C:\Users\Usuario\.cache\kagglehub\datasets\adityamahimkar\iqothnccd-lung-cancer-dataset\versions\2\The IQ-OTHNCCD lung cancer dataset\The IQ-OTHNCCD lung cancer dataset\Malignant cases\Malignant case (510).jpg,Malignant case (510).jpg,Malignant cases,malignant,512,512,RGB,4c0cd98428c741981db447e2db223327
C:\Users\Usuario\.cache\kagglehub\datasets\adityamahimkar\iqothnccd-lung-cancer-dataset\versions\2\The IQ-OTHNCCD lung cancer dataset\The IQ-OTHNCCD lung cancer dataset\Malignant cases\Malignant case (511).jpg,Malignant case (511).jpg,Malignant cases,malignant,512,512,RGB,cda110424bd0274f6ef9d273c0ad3f29
C:\Users\Usuario\.cache\kagglehub\datasets\adityamahimkar\iqothnccd-lung-cancer-dataset\versions\2\The IQ-OTHNCCD lung cancer dataset\The IQ-OTHNCCD lung cancer dataset\Malignant cases\Malignant case (512).jpg,Malignant case (512).jpg,Malignant cases,malignant,512,512,RGB,65beb39ecc0eadbb523d01209a1636de
C:\Users\Usuario\.cache\kagglehub\datasets\adityamahimkar\iqothnccd-lung-cancer-dataset\versions\2\The IQ-OTHNCCD lung cancer dataset\The IQ-OTHNCCD lung cancer dataset\Malignant cases\Malignant case (513).jpg,Malignant case (513).jpg,Malignant cases,malignant,512,512,RGB,898dd7a5deff94174a565806316b637d
C:\Users\Usuario\.cache\kagglehub\datasets\adityamahimkar\iqothnccd-lung-cancer-dataset\versions\2\The IQ-OTHNCCD lung cancer dataset\The IQ-OTHNCCD lung cancer dataset\Malignant cases\Malignant case (514).jpg,Malignant case (514).jpg,Malignant cases,malignant,512,512,RGB,819fec6b1ff7b1e84884bc99b969b6a1
C:\Users\Usuario\.cache\kagglehub\datasets\adityamahimkar\iqothnccd-lung-cancer-dataset\versions\2\The IQ-OTHNCCD lung cancer dataset\The IQ-OTHNCCD lung cancer dataset\Malignant cases\Malignant case (515).jpg,Malignant case (515).jpg,Malignant cases,malignant,512,512,RGB,6a603c632c35e63ebc22fa4e9ba32ee4
C:\Users\Usuario\.cache\kagglehub\datasets\adityamahimkar\iqothnccd-lung-cancer-dataset\versions\2\The IQ-OTHNCCD lung cancer dataset\The IQ-OTHNCCD lung cancer dataset\Malignant cases\Malignant case (516).jpg,Malignant case (516).jpg,Malignant cases,malignant,512,512,RGB,bafabc9da290ac730fd63b4e872e0d45
C:\Users\Usuario\.cache\kagglehub\datasets\adityamahimkar\iqothnccd-lung-cancer-dataset\versions\2\The IQ-OTHNCCD lung cancer dataset\The IQ-OTHNCCD lung cancer dataset\Malignant cases\Malignant case (517).jpg,Malignant case (517).jpg,Malignant cases,malignant,512,512,RGB,612f574620e0f2afd564072435b4cc1d
C:\Users\Usuario\.cache\kagglehub\datasets\adityamahimkar\iqothnccd-lung-cancer-dataset\versions\2\The IQ-OTHNCCD lung cancer dataset\The IQ-OTHNCCD lung cancer dataset\Malignant cases\Malignant case (518).jpg,Malignant case (518).jpg,Malignant cases,malignant,512,512,RGB,af5794c9b189ecd3c88d012a3ef01b8a
C:\Users\Usuario\.cache\kagglehub\datasets\adityamahimkar\iqothnccd-lung-cancer-dataset\versions\2\The IQ-OTHNCCD lung cancer dataset\The IQ-OTHNCCD lung cancer dataset\Malignant cases\Malignant case (519).jpg,Malignant case (519).jpg,Malignant cases,malignant,512,512,RGB,5912a5ce65ed6fc6bcba39272d363d83
C:\Users\Usuario\.cache\kagglehub\datasets\adityamahimkar\iqothnccd-lung-cancer-dataset\versions\2\The IQ-OTHNCCD lung cancer dataset\The IQ-OTHNCCD lung cancer dataset\Malignant cases\Malignant case (52).jpg,Malignant case (52).jpg,Malignant cases,malignant,512,512,RGB,057166e44b6be96a0d1e900969d327b5
C:\Users\Usuario\.cache\kagglehub\datasets\adityamahimkar\iqothnccd-lung-cancer-dataset\versions\2\The IQ-OTHNCCD lung cancer dataset\The IQ-OTHNCCD lung cancer dataset\Malignant cases\Malignant case (520).jpg,Malignant case (520).jpg,Malignant cases,malignant,512,512,RGB,ca52507c5593a75603f8249a39f197f1
C:\Users\Usuario\.cache\kagglehub\datasets\adityamahimkar\iqothnccd-lung-cancer-dataset\versions\2\The IQ-OTHNCCD lung cancer dataset\The IQ-OTHNCCD lung cancer dataset\Malignant cases\Malignant case (521).jpg,Malignant case (521).jpg,Malignant cases,malignant,512,512,RGB,60fb1d68d73c68c1a0e3eeca0ccb33c8
C:\Users\Usuario\.cache\kagglehub\datasets\adityamahimkar\iqothnccd-lung-cancer-dataset\versions\2\The IQ-OTHNCCD lung cancer dataset\The IQ-OTHNCCD lung cancer dataset\Malignant cases\Malignant case (522).jpg,Malignant case (522).jpg,Malignant cases,malignant,512,512,RGB,5575b44e20241d9689eb5c79fb2348f4
C:\Users\Usuario\.cache\kagglehub\datasets\adityamahimkar\iqothnccd-lung-cancer-dataset\versions\2\The IQ-OTHNCCD lung cancer dataset\The IQ-OTHNCCD lung cancer dataset\Malignant cases\Malignant case (523).jpg,Malignant case (523).jpg,Malignant cases,malignant,512,512,RGB,658e9b692a579f751e7a4d1a4ab283bb
C:\Users\Usuario\.cache\kagglehub\datasets\adityamahimkar\iqothnccd-lung-cancer-dataset\versions\2\The IQ-OTHNCCD lung cancer dataset\The IQ-OTHNCCD lung cancer dataset\Malignant cases\Malignant case (524).jpg,Malignant case (524).jpg,Malignant cases,malignant,512,512,RGB,826bc7b31ced607116dcf8f09ec50e10
C:\Users\Usuario\.cache\kagglehub\datasets\adityamahimkar\iqothnccd-lung-cancer-dataset\versions\2\The IQ-OTHNCCD lung cancer dataset\The IQ-OTHNCCD lung cancer dataset\Malignant cases\Malignant case (525).jpg,Malignant case (525).jpg,Malignant cases,malignant,512,512,RGB,963d09b303edb3993a7a5eb5b1d568fe
C:\Users\Usuario\.cache\kagglehub\datasets\adityamahimkar\iqothnccd-lung-cancer-dataset\versions\2\The IQ-OTHNCCD lung cancer dataset\The IQ-OTHNCCD lung cancer dataset\Malignant cases\Malignant case (526).jpg,Malignant case (526).jpg,Malignant cases,malignant,512,512,RGB,124a99df252071f0066f5bcb70dfbbc6
C:\Users\Usuario\.cache\kagglehub\datasets\adityamahimkar\iqothnccd-lung-cancer-dataset\versions\2\The IQ-OTHNCCD lung cancer dataset\The IQ-OTHNCCD lung cancer dataset\Malignant cases\Malignant case (527).jpg,Malignant case (527).jpg,Malignant cases,malignant,512,512,RGB,5c1ebb4aecd1277eeb91c1cd1431d92b
C:\Users\Usuario\.cache\kagglehub\datasets\adityamahimkar\iqothnccd-lung-cancer-dataset\versions\2\The IQ-OTHNCCD lung cancer dataset\The IQ-OTHNCCD lung cancer dataset\Malignant cases\Malignant case (528).jpg,Malignant case (528).jpg,Malignant cases,malignant,512,512,RGB,5901879c3d2e46d81fa2133942287a9a
C:\Users\Usuario\.cache\kagglehub\datasets\adityamahimkar\iqothnccd-lung-cancer-dataset\versions\2\The IQ-OTHNCCD lung cancer dataset\The IQ-OTHNCCD lung cancer dataset\Malignant cases\Malignant case (529).jpg,Malignant case (529).jpg,Malignant cases,malignant,512,512,RGB,4fe4939c89298f0d3c3418c47a614456
C:\Users\Usuario\.cache\kagglehub\datasets\adityamahimkar\iqothnccd-lung-cancer-dataset\versions\2\The IQ-OTHNCCD lung cancer dataset\The IQ-OTHNCCD lung cancer dataset\Malignant cases\Malignant case (53).jpg,Malignant case (53).jpg,Malignant cases,malignant,512,512,RGB,bae6ca113edcda930679ededf22a8893
C:\Users\Usuario\.cache\kagglehub\datasets\adityamahimkar\iqothnccd-lung-cancer-dataset\versions\2\The IQ-OTHNCCD lung cancer dataset\The IQ-OTHNCCD lung cancer dataset\Malignant cases\Malignant case (530).jpg,Malignant case (530).jpg,Malignant cases,malignant,512,512,RGB,e28bd6d975969d04d523db2ced7d9825
C:\Users\Usuario\.cache\kagglehub\datasets\adityamahimkar\iqothnccd-lung-cancer-dataset\versions\2\The IQ-OTHNCCD lung cancer dataset\The IQ-OTHNCCD lung cancer dataset\Malignant cases\Malignant case (531).jpg,Malignant case (531).jpg,Malignant cases,malignant,512,512,RGB,15db5f1a86df23ab3115b9ea2428417e
C:\Users\Usuario\.cache\kagglehub\datasets\adityamahimkar\iqothnccd-lung-cancer-dataset\versions\2\The IQ-OTHNCCD lung cancer dataset\The IQ-OTHNCCD lung cancer dataset\Malignant cases\Malignant case (532).jpg,Malignant case (532).jpg,Malignant cases,malignant,512,512,RGB,dfa4fb150321d4c5f0f19a396ecf8c78
C:\Users\Usuario\.cache\kagglehub\datasets\adityamahimkar\iqothnccd-lung-cancer-dataset\versions\2\The IQ-OTHNCCD lung cancer dataset\The IQ-OTHNCCD lung cancer dataset\Malignant cases\Malignant case (533).jpg,Malignant case (533).jpg,Malignant cases,malignant,512,512,RGB,d6e2dc6959d17cef9513e08d1d6ce8ec
C:\Users\Usuario\.cache\kagglehub\datasets\adityamahimkar\iqothnccd-lung-cancer-dataset\versions\2\The IQ-OTHNCCD lung cancer dataset\The IQ-OTHNCCD lung cancer dataset\Malignant cases\Malignant case (534).jpg,Malignant case (534).jpg,Malignant cases,malignant,512,512,RGB,25b24a0ab29ac8e395a8bfd8e27b6768
C:\Users\Usuario\.cache\kagglehub\datasets\adityamahimkar\iqothnccd-lung-cancer-dataset\versions\2\The IQ-OTHNCCD lung cancer dataset\The IQ-OTHNCCD lung cancer dataset\Malignant cases\Malignant case (535).jpg,Malignant case (535).jpg,Malignant cases,malignant,512,512,RGB,c2cb8d3eadb44636f94bcc58775e9168
C:\Users\Usuario\.cache\kagglehub\datasets\adityamahimkar\iqothnccd-lung-cancer-dataset\versions\2\The IQ-OTHNCCD lung cancer dataset\The IQ-OTHNCCD lung cancer dataset\Malignant cases\Malignant case (536).jpg,Malignant case (536).jpg,Malignant cases,malignant,512,512,RGB,12613ea6363ae1b3362e6c4eb3d3e365
C:\Users\Usuario\.cache\kagglehub\datasets\adityamahimkar\iqothnccd-lung-cancer-dataset\versions\2\The IQ-OTHNCCD lung cancer dataset\The IQ-OTHNCCD lung cancer dataset\Malignant cases\Malignant case (537).jpg,Malignant case (537).jpg,Malignant cases,malignant,512,512,RGB,fd66f08fe88eb5f0b88044c8358fb4d4
C:\Users\Usuario\.cache\kagglehub\datasets\adityamahimkar\iqothnccd-lung-cancer-dataset\versions\2\The IQ-OTHNCCD lung cancer dataset\The IQ-OTHNCCD lung cancer dataset\Malignant cases\Malignant case (538).jpg,Malignant case (538).jpg,Malignant cases,malignant,512,512,RGB,378921d3c7d017e1d94111153dbeed9e
C:\Users\Usuario\.cache\kagglehub\datasets\adityamahimkar\iqothnccd-lung-cancer-dataset\versions\2\The IQ-OTHNCCD lung cancer dataset\The IQ-OTHNCCD lung cancer dataset\Malignant cases\Malignant case (539).jpg,Malignant case (539).jpg,Malignant cases,malignant,512,512,RGB,a7fc4603b71b97678d0fb6a9a839bdfa
C:\Users\Usuario\.cache\kagglehub\datasets\adityamahimkar\iqothnccd-lung-cancer-dataset\versions\2\The IQ-OTHNCCD lung cancer dataset\The IQ-OTHNCCD lung cancer dataset\Malignant cases\Malignant case (54).jpg,Malignant case (54).jpg,Malignant cases,malignant,512,512,RGB,08ec1e171b93f46c230cf3aefb24de0d
C:\Users\Usuario\.cache\kagglehub\datasets\adityamahimkar\iqothnccd-lung-cancer-dataset\versions\2\The IQ-OTHNCCD lung cancer dataset\The IQ-OTHNCCD lung cancer dataset\Malignant cases\Malignant case (540).jpg,Malignant case (540).jpg,Malignant cases,malignant,512,512,RGB,2178fbaf9dcbfd83031167e677e98e27
C:\Users\Usuario\.cache\kagglehub\datasets\adityamahimkar\iqothnccd-lung-cancer-dataset\versions\2\The IQ-OTHNCCD lung cancer dataset\The IQ-OTHNCCD lung cancer dataset\Malignant cases\Malignant case (541).jpg,Malignant case (541).jpg,Malignant cases,malignant,512,512,RGB,897e11b115a138614a27d8f9bc4ce9a9
C:\Users\Usuario\.cache\kagglehub\datasets\adityamahimkar\iqothnccd-lung-cancer-dataset\versions\2\The IQ-OTHNCCD lung cancer dataset\The IQ-OTHNCCD lung cancer dataset\Malignant cases\Malignant case (542).jpg,Malignant case (542).jpg,Malignant cases,malignant,512,512,RGB,9804f5e123be0907004376ef5ca11987
C:\Users\Usuario\.cache\kagglehub\datasets\adityamahimkar\iqothnccd-lung-cancer-dataset\versions\2\The IQ-OTHNCCD lung cancer dataset\The IQ-OTHNCCD lung cancer dataset\Malignant cases\Malignant case (543).jpg,Malignant case (543).jpg,Malignant cases,malignant,512,512,RGB,233112ffd2a63b97f524ff87f1b580a0
C:\Users\Usuario\.cache\kagglehub\datasets\adityamahimkar\iqothnccd-lung-cancer-dataset\versions\2\The IQ-OTHNCCD lung cancer dataset\The IQ-OTHNCCD lung cancer dataset\Malignant cases\Malignant case (544).jpg,Malignant case (544).jpg,Malignant cases,malignant,512,512,RGB,4c33a0277bd2bb1254ae3b6816011092
C:\Users\Usuario\.cache\kagglehub\datasets\adityamahimkar\iqothnccd-lung-cancer-dataset\versions\2\The IQ-OTHNCCD lung cancer dataset\The IQ-OTHNCCD lung cancer dataset\Malignant cases\Malignant case (545).jpg,Malignant case (545).jpg,Malignant cases,malignant,512,512,RGB,7b95087f53f3d421b62691959fc86134
C:\Users\Usuario\.cache\kagglehub\datasets\adityamahimkar\iqothnccd-lung-cancer-dataset\versions\2\The IQ-OTHNCCD lung cancer dataset\The IQ-OTHNCCD lung cancer dataset\Malignant cases\Malignant case (546).jpg,Malignant case (546).jpg,Malignant cases,malignant,512,512,RGB,bc6aa909211e4d72a3f77b2f99c1e47c
C:\Users\Usuario\.cache\kagglehub\datasets\adityamahimkar\iqothnccd-lung-cancer-dataset\versions\2\The IQ-OTHNCCD lung cancer dataset\The IQ-OTHNCCD lung cancer dataset\Malignant cases\Malignant case (547).jpg,Malignant case (547).jpg,Malignant cases,malignant,512,512,RGB,e9c7379a4d5cd7bd85a7c8375c8337f3
C:\Users\Usuario\.cache\kagglehub\datasets\adityamahimkar\iqothnccd-lung-cancer-dataset\versions\2\The IQ-OTHNCCD lung cancer dataset\The IQ-OTHNCCD lung cancer dataset\Malignant cases\Malignant case (548).jpg,Malignant case (548).jpg,Malignant cases,malignant,512,512,RGB,1aeadcaf10e66bb1f72ac9c581fd30f6
C:\Users\Usuario\.cache\kagglehub\datasets\adityamahimkar\iqothnccd-lung-cancer-dataset\versions\2\The IQ-OTHNCCD lung cancer dataset\The IQ-OTHNCCD lung cancer dataset\Malignant cases\Malignant case (549).jpg,Malignant case (549).jpg,Malignant cases,malignant,512,512,RGB,00550a3183edfe5f02832f1101b4f116
C:\Users\Usuario\.cache\kagglehub\datasets\adityamahimkar\iqothnccd-lung-cancer-dataset\versions\2\The IQ-OTHNCCD lung cancer dataset\The IQ-OTHNCCD lung cancer dataset\Malignant cases\Malignant case (55).jpg,Malignant case (55).jpg,Malignant cases,malignant,512,512,RGB,9337d2b9222ca50c87ff08798006ac55
C:\Users\Usuario\.cache\kagglehub\datasets\adityamahimkar\iqothnccd-lung-cancer-dataset\versions\2\The IQ-OTHNCCD lung cancer dataset\The IQ-OTHNCCD lung cancer dataset\Malignant cases\Malignant case (550).jpg,Malignant case (550).jpg,Malignant cases,malignant,512,512,RGB,9e1182df8136fc29be620fd6949defd7
C:\Users\Usuario\.cache\kagglehub\datasets\adityamahimkar\iqothnccd-lung-cancer-dataset\versions\2\The IQ-OTHNCCD lung cancer dataset\The IQ-OTHNCCD lung cancer dataset\Malignant cases\Malignant case (551).jpg,Malignant case (551).jpg,Malignant cases,malignant,512,512,RGB,0bbab6240117998f9b08df9e4032bf4c
C:\Users\Usuario\.cache\kagglehub\datasets\adityamahimkar\iqothnccd-lung-cancer-dataset\versions\2\The IQ-OTHNCCD lung cancer dataset\The IQ-OTHNCCD lung cancer dataset\Malignant cases\Malignant case (552).jpg,Malignant case (552).jpg,Malignant cases,malignant,512,512,RGB,5708141323f904c04e375d0f3bf02302
C:\Users\Usuario\.cache\kagglehub\datasets\adityamahimkar\iqothnccd-lung-cancer-dataset\versions\2\The IQ-OTHNCCD lung cancer dataset\The IQ-OTHNCCD lung cancer dataset\Malignant cases\Malignant case (553).jpg,Malignant case (553).jpg,Malignant cases,malignant,512,512,RGB,fb8e1207d445c419881546572e36fce5
C:\Users\Usuario\.cache\kagglehub\datasets\adityamahimkar\iqothnccd-lung-cancer-dataset\versions\2\The IQ-OTHNCCD lung cancer dataset\The IQ-OTHNCCD lung cancer dataset\Malignant cases\Malignant case (554).jpg,Malignant case (554).jpg,Malignant cases,malignant,512,512,RGB,24bca018d1ac2701313c101bc88a53ae
C:\Users\Usuario\.cache\kagglehub\datasets\adityamahimkar\iqothnccd-lung-cancer-dataset\versions\2\The IQ-OTHNCCD lung cancer dataset\The IQ-OTHNCCD lung cancer dataset\Malignant cases\Malignant case (555).jpg,Malignant case (555).jpg,Malignant cases,malignant,512,512,RGB,6ba927118ffda5c35fa903a01cfbe02a
C:\Users\Usuario\.cache\kagglehub\datasets\adityamahimkar\iqothnccd-lung-cancer-dataset\versions\2\The IQ-OTHNCCD lung cancer dataset\The IQ-OTHNCCD lung cancer dataset\Malignant cases\Malignant case (556).jpg,Malignant case (556).jpg,Malignant cases,malignant,512,512,RGB,d097b6894cebf1d1140162b874f9345b
C:\Users\Usuario\.cache\kagglehub\datasets\adityamahimkar\iqothnccd-lung-cancer-dataset\versions\2\The IQ-OTHNCCD lung cancer dataset\The IQ-OTHNCCD lung cancer dataset\Malignant cases\Malignant case (557).jpg,Malignant case (557).jpg,Malignant cases,malignant,512,512,RGB,d9995a40f8805f7522396417737a0087
C:\Users\Usuario\.cache\kagglehub\datasets\adityamahimkar\iqothnccd-lung-cancer-dataset\versions\2\The IQ-OTHNCCD lung cancer dataset\The IQ-OTHNCCD lung cancer dataset\Malignant cases\Malignant case (558).jpg,Malignant case (558).jpg,Malignant cases,malignant,512,512,RGB,55c128876f3fa17005883ca61d184e65
C:\Users\Usuario\.cache\kagglehub\datasets\adityamahimkar\iqothnccd-lung-cancer-dataset\versions\2\The IQ-OTHNCCD lung cancer dataset\The IQ-OTHNCCD lung cancer dataset\Malignant cases\Malignant case (559).jpg,Malignant case (559).jpg,Malignant cases,malignant,512,512,RGB,b4b349aa4ab29fc4326998f82ce1758b
C:\Users\Usuario\.cache\kagglehub\datasets\adityamahimkar\iqothnccd-lung-cancer-dataset\versions\2\The IQ-OTHNCCD lung cancer dataset\The IQ-OTHNCCD lung cancer dataset\Malignant cases\Malignant case (56).jpg,Malignant case (56).jpg,Malignant cases,malignant,512,512,RGB,c3e86a7580d81d712e0350f65e53bb76
C:\Users\Usuario\.cache\kagglehub\datasets\adityamahimkar\iqothnccd-lung-cancer-dataset\versions\2\The IQ-OTHNCCD lung cancer dataset\The IQ-OTHNCCD lung cancer dataset\Malignant cases\Malignant case (560).jpg,Malignant case (560).jpg,Malignant cases,malignant,512,512,RGB,e41050ea605c6e270e8aeb63b95e3476
C:\Users\Usuario\.cache\kagglehub\datasets\adityamahimkar\iqothnccd-lung-cancer-dataset\versions\2\The IQ-OTHNCCD lung cancer dataset\The IQ-OTHNCCD lung cancer dataset\Malignant cases\Malignant case (561).jpg,Malignant case (561).jpg,Malignant cases,malignant,512,512,RGB,77bd8de594f194e87680dfdfe1e9930d
C:\Users\Usuario\.cache\kagglehub\datasets\adityamahimkar\iqothnccd-lung-cancer-dataset\versions\2\The IQ-OTHNCCD lung cancer dataset\The IQ-OTHNCCD lung cancer dataset\Malignant cases\Malignant case (57).jpg,Malignant case (57).jpg,Malignant cases,malignant,512,512,RGB,14744dce0c22484f67f1fbf94d8aaf5e
C:\Users\Usuario\.cache\kagglehub\datasets\adityamahimkar\iqothnccd-lung-cancer-dataset\versions\2\The IQ-OTHNCCD lung cancer dataset\The IQ-OTHNCCD lung cancer dataset\Malignant cases\Malignant case (58).jpg,Malignant case (58).jpg,Malignant cases,malignant,512,512,RGB,a4475e4403060857265cda36d4d99da4
C:\Users\Usuario\.cache\kagglehub\datasets\adityamahimkar\iqothnccd-lung-cancer-dataset\versions\2\The IQ-OTHNCCD lung cancer dataset\The IQ-OTHNCCD lung cancer dataset\Malignant cases\Malignant case (59).jpg,Malignant case (59).jpg,Malignant cases,malignant,512,512,RGB,846345e156950ae7d6dea935f95c9514
C:\Users\Usuario\.cache\kagglehub\datasets\adityamahimkar\iqothnccd-lung-cancer-dataset\versions\2\The IQ-OTHNCCD lung cancer dataset\The IQ-OTHNCCD lung cancer dataset\Malignant cases\Malignant case (6).jpg,Malignant case (6).jpg,Malignant cases,malignant,512,512,RGB,b058515ebe7b4ea5946ba14435704849
C:\Users\Usuario\.cache\kagglehub\datasets\adityamahimkar\iqothnccd-lung-cancer-dataset\versions\2\The IQ-OTHNCCD lung cancer dataset\The IQ-OTHNCCD lung cancer dataset\Malignant cases\Malignant case (61).jpg,Malignant case (61).jpg,Malignant cases,malignant,512,512,RGB,2a5ea2a51d4984998d0c135e4a0a1b81
C:\Users\Usuario\.cache\kagglehub\datasets\adityamahimkar\iqothnccd-lung-cancer-dataset\versions\2\The IQ-OTHNCCD lung cancer dataset\The IQ-OTHNCCD lung cancer dataset\Malignant cases\Malignant case (63).jpg,Malignant case (63).jpg,Malignant cases,malignant,512,512,RGB,4036091b99e3a66b12bf5ceec780cc4c
C:\Users\Usuario\.cache\kagglehub\datasets\adityamahimkar\iqothnccd-lung-cancer-dataset\versions\2\The IQ-OTHNCCD lung cancer dataset\The IQ-OTHNCCD lung cancer dataset\Malignant cases\Malignant case (64).jpg,Malignant case (64).jpg,Malignant cases,malignant,512,512,RGB,b6444bc3e84b4f6c693c9e7e8ba4102b
C:\Users\Usuario\.cache\kagglehub\datasets\adityamahimkar\iqothnccd-lung-cancer-dataset\versions\2\The IQ-OTHNCCD lung cancer dataset\The IQ-OTHNCCD lung cancer dataset\Malignant cases\Malignant case (66).jpg,Malignant case (66).jpg,Malignant cases,malignant,512,512,RGB,0b32152c0e1c403a6c37fe2f4485acbb
C:\Users\Usuario\.cache\kagglehub\datasets\adityamahimkar\iqothnccd-lung-cancer-dataset\versions\2\The IQ-OTHNCCD lung cancer dataset\The IQ-OTHNCCD lung cancer dataset\Malignant cases\Malignant case (67).jpg,Malignant case (67).jpg,Malignant cases,malignant,512,512,RGB,4a664ef6fef1b3c4838eb548d6c7a5f2
C:\Users\Usuario\.cache\kagglehub\datasets\adityamahimkar\iqothnccd-lung-cancer-dataset\versions\2\The IQ-OTHNCCD lung cancer dataset\The IQ-OTHNCCD lung cancer dataset\Malignant cases\Malignant case (69).jpg,Malignant case (69).jpg,Malignant cases,malignant,512,512,RGB,8ad790067556f9516e64f2a57589c05b
C:\Users\Usuario\.cache\kagglehub\datasets\adityamahimkar\iqothnccd-lung-cancer-dataset\versions\2\The IQ-OTHNCCD lung cancer dataset\The IQ-OTHNCCD lung cancer dataset\Malignant cases\Malignant case (7).jpg,Malignant case (7).jpg,Malignant cases,malignant,512,512,RGB,23450b4638cd3d7c9285504f75a9caca
C:\Users\Usuario\.cache\kagglehub\datasets\adityamahimkar\iqothnccd-lung-cancer-dataset\versions\2\The IQ-OTHNCCD lung cancer dataset\The IQ-OTHNCCD lung cancer dataset\Malignant cases\Malignant case (70).jpg,Malignant case (70).jpg,Malignant cases,malignant,512,512,RGB,4867a445dd1a08e3c4e12b93fa109587
C:\Users\Usuario\.cache\kagglehub\datasets\adityamahimkar\iqothnccd-lung-cancer-dataset\versions\2\The IQ-OTHNCCD lung cancer dataset\The IQ-OTHNCCD lung cancer dataset\Malignant cases\Malignant case (72).jpg,Malignant case (72).jpg,Malignant cases,malignant,512,512,RGB,7f1ce781bd6ed2b0c64cd5db2570a888
C:\Users\Usuario\.cache\kagglehub\datasets\adityamahimkar\iqothnccd-lung-cancer-dataset\versions\2\The IQ-OTHNCCD lung cancer dataset\The IQ-OTHNCCD lung cancer dataset\Malignant cases\Malignant case (74).jpg,Malignant case (74).jpg,Malignant cases,malignant,512,512,RGB,79e7fdbed3aea2522d3011bbeedb318e
C:\Users\Usuario\.cache\kagglehub\datasets\adityamahimkar\iqothnccd-lung-cancer-dataset\versions\2\The IQ-OTHNCCD lung cancer dataset\The IQ-OTHNCCD lung cancer dataset\Malignant cases\Malignant case (75).jpg,Malignant case (75).jpg,Malignant cases,malignant,512,512,RGB,ccbc802d70762522c81fc0840614be15
C:\Users\Usuario\.cache\kagglehub\datasets\adityamahimkar\iqothnccd-lung-cancer-dataset\versions\2\The IQ-OTHNCCD lung cancer dataset\The IQ-OTHNCCD lung cancer dataset\Malignant cases\Malignant case (76).jpg,Malignant case (76).jpg,Malignant cases,malignant,512,512,RGB,e82a2be2ab02977743181be603bf48e5
C:\Users\Usuario\.cache\kagglehub\datasets\adityamahimkar\iqothnccd-lung-cancer-dataset\versions\2\The IQ-OTHNCCD lung cancer dataset\The IQ-OTHNCCD lung cancer dataset\Malignant cases\Malignant case (77).jpg,Malignant case (77).jpg,Malignant cases,malignant,512,512,RGB,e4bc02064aa814078dc29c19090dc37d
C:\Users\Usuario\.cache\kagglehub\datasets\adityamahimkar\iqothnccd-lung-cancer-dataset\versions\2\The IQ-OTHNCCD lung cancer dataset\The IQ-OTHNCCD lung cancer dataset\Malignant cases\Malignant case (78).jpg,Malignant case (78).jpg,Malignant cases,malignant,512,512,RGB,ffb458fcfc52990b7165a3dd76ca3235
C:\Users\Usuario\.cache\kagglehub\datasets\adityamahimkar\iqothnccd-lung-cancer-dataset\versions\2\The IQ-OTHNCCD lung cancer dataset\The IQ-OTHNCCD lung cancer dataset\Malignant cases\Malignant case (79).jpg,Malignant case (79).jpg,Malignant cases,malignant,512,512,RGB,cafdda17f713745c2eff85b3f8b6eee7
C:\Users\Usuario\.cache\kagglehub\datasets\adityamahimkar\iqothnccd-lung-cancer-dataset\versions\2\The IQ-OTHNCCD lung cancer dataset\The IQ-OTHNCCD lung cancer dataset\Malignant cases\Malignant case (80).jpg,Malignant case (80).jpg,Malignant cases,malignant,512,512,RGB,e6519c02034d5a19de3d88e9d2c940bc
C:\Users\Usuario\.cache\kagglehub\datasets\adityamahimkar\iqothnccd-lung-cancer-dataset\versions\2\The IQ-OTHNCCD lung cancer dataset\The IQ-OTHNCCD lung cancer dataset\Malignant cases\Malignant case (81).jpg,Malignant case (81).jpg,Malignant cases,malignant,512,512,RGB,f782a64d6d107e7c2009f81d98d6ce3d
C:\Users\Usuario\.cache\kagglehub\datasets\adityamahimkar\iqothnccd-lung-cancer-dataset\versions\2\The IQ-OTHNCCD lung cancer dataset\The IQ-OTHNCCD lung cancer dataset\Malignant cases\Malignant case (82).jpg,Malignant case (82).jpg,Malignant cases,malignant,512,512,RGB,bc9806ee5df6ca143bb620421a11fdcc
C:\Users\Usuario\.cache\kagglehub\datasets\adityamahimkar\iqothnccd-lung-cancer-dataset\versions\2\The IQ-OTHNCCD lung cancer dataset\The IQ-OTHNCCD lung cancer dataset\Malignant cases\Malignant case (83).jpg,Malignant case (83).jpg,Malignant cases,malignant,512,512,RGB,f28af971278f01f22fd544f09dc9b7b2
C:\Users\Usuario\.cache\kagglehub\datasets\adityamahimkar\iqothnccd-lung-cancer-dataset\versions\2\The IQ-OTHNCCD lung cancer dataset\The IQ-OTHNCCD lung cancer dataset\Malignant cases\Malignant case (84).jpg,Malignant case (84).jpg,Malignant cases,malignant,512,512,RGB,d910c6d7a360765060e12e4cb06e6297
C:\Users\Usuario\.cache\kagglehub\datasets\adityamahimkar\iqothnccd-lung-cancer-dataset\versions\2\The IQ-OTHNCCD lung cancer dataset\The IQ-OTHNCCD lung cancer dataset\Malignant cases\Malignant case (85).jpg,Malignant case (85).jpg,Malignant cases,malignant,512,512,RGB,dcc2b6623631be87688ff3abd78e1813
C:\Users\Usuario\.cache\kagglehub\datasets\adityamahimkar\iqothnccd-lung-cancer-dataset\versions\2\The IQ-OTHNCCD lung cancer dataset\The IQ-OTHNCCD lung cancer dataset\Malignant cases\Malignant case (86).jpg,Malignant case (86).jpg,Malignant cases,malignant,512,512,RGB,fd59538267bb087232ed64e0290a9d4b
C:\Users\Usuario\.cache\kagglehub\datasets\adityamahimkar\iqothnccd-lung-cancer-dataset\versions\2\The IQ-OTHNCCD lung cancer dataset\The IQ-OTHNCCD lung cancer dataset\Malignant cases\Malignant case (87).jpg,Malignant case (87).jpg,Malignant cases,malignant,512,512,RGB,a8bbc6aa9236f7902c160af7709f3c65
C:\Users\Usuario\.cache\kagglehub\datasets\adityamahimkar\iqothnccd-lung-cancer-dataset\versions\2\The IQ-OTHNCCD lung cancer dataset\The IQ-OTHNCCD lung cancer dataset\Malignant cases\Malignant case (88).jpg,Malignant case (88).jpg,Malignant cases,malignant,512,512,RGB,be0cc7f63353dfd05e16b949a3c0ab1d
C:\Users\Usuario\.cache\kagglehub\datasets\adityamahimkar\iqothnccd-lung-cancer-dataset\versions\2\The IQ-OTHNCCD lung cancer dataset\The IQ-OTHNCCD lung cancer dataset\Malignant cases\Malignant case (89).jpg,Malignant case (89).jpg,Malignant cases,malignant,512,512,RGB,f04088189e62536de332ba33f9e33262
C:\Users\Usuario\.cache\kagglehub\datasets\adityamahimkar\iqothnccd-lung-cancer-dataset\versions\2\The IQ-OTHNCCD lung cancer dataset\The IQ-OTHNCCD lung cancer dataset\Malignant cases\Malignant case (90).jpg,Malignant case (90).jpg,Malignant cases,malignant,512,512,RGB,65f1def0674d8aca02713206b695f7ab
C:\Users\Usuario\.cache\kagglehub\datasets\adityamahimkar\iqothnccd-lung-cancer-dataset\versions\2\The IQ-OTHNCCD lung cancer dataset\The IQ-OTHNCCD lung cancer dataset\Malignant cases\Malignant case (91).jpg,Malignant case (91).jpg,Malignant cases,malignant,512,512,RGB,cbd6d032ac081b0d056086ac89dc47ef
C:\Users\Usuario\.cache\kagglehub\datasets\adityamahimkar\iqothnccd-lung-cancer-dataset\versions\2\The IQ-OTHNCCD lung cancer dataset\The IQ-OTHNCCD lung cancer dataset\Malignant cases\Malignant case (92).jpg,Malignant case (92).jpg,Malignant cases,malignant,512,512,RGB,822c858b4433bc2feec6ea49ac61dfde
C:\Users\Usuario\.cache\kagglehub\datasets\adityamahimkar\iqothnccd-lung-cancer-dataset\versions\2\The IQ-OTHNCCD lung cancer dataset\The IQ-OTHNCCD lung cancer dataset\Malignant cases\Malignant case (93).jpg,Malignant case (93).jpg,Malignant cases,malignant,512,512,RGB,580e4023d70bd61d82e13d4576c562d1
C:\Users\Usuario\.cache\kagglehub\datasets\adityamahimkar\iqothnccd-lung-cancer-dataset\versions\2\The IQ-OTHNCCD lung cancer dataset\The IQ-OTHNCCD lung cancer dataset\Malignant cases\Malignant case (94).jpg,Malignant case (94).jpg,Malignant cases,malignant,512,512,RGB,546b4a24a206aa940f2c783332584e75
C:\Users\Usuario\.cache\kagglehub\datasets\adityamahimkar\iqothnccd-lung-cancer-dataset\versions\2\The IQ-OTHNCCD lung cancer dataset\The IQ-OTHNCCD lung cancer dataset\Malignant cases\Malignant case (95).jpg,Malignant case (95).jpg,Malignant cases,malignant,512,512,RGB,03d5d08d8d88ccc34c7bda4329ecab4b
C:\Users\Usuario\.cache\kagglehub\datasets\adityamahimkar\iqothnccd-lung-cancer-dataset\versions\2\The IQ-OTHNCCD lung cancer dataset\The IQ-OTHNCCD lung cancer dataset\Malignant cases\Malignant case (96).jpg,Malignant case (96).jpg,Malignant cases,malignant,512,512,RGB,5e0f62954feb7bc37d3f123c745205c8
C:\Users\Usuario\.cache\kagglehub\datasets\adityamahimkar\iqothnccd-lung-cancer-dataset\versions\2\The IQ-OTHNCCD lung cancer dataset\The IQ-OTHNCCD lung cancer dataset\Malignant cases\Malignant case (97).jpg,Malignant case (97).jpg,Malignant cases,malignant,512,512,RGB,51bed0234aac3472e1148f2930dbd75e
C:\Users\Usuario\.cache\kagglehub\datasets\adityamahimkar\iqothnccd-lung-cancer-dataset\versions\2\The IQ-OTHNCCD lung cancer dataset\The IQ-OTHNCCD lung cancer dataset\Malignant cases\Malignant case (98).jpg,Malignant case (98).jpg,Malignant cases,malignant,512,512,RGB,a0722a5ee3dbb7d11b46e0b9952ae4b9
C:\Users\Usuario\.cache\kagglehub\datasets\adityamahimkar\iqothnccd-lung-cancer-dataset\versions\2\The IQ-OTHNCCD lung cancer dataset\The IQ-OTHNCCD lung cancer dataset\Malignant cases\Malignant case (99).jpg,Malignant case (99).jpg,Malignant cases,malignant,512,512,RGB,798d2f08cb0c210c702f65c290ace70a
C:\Users\Usuario\.cache\kagglehub\datasets\adityamahimkar\iqothnccd-lung-cancer-dataset\versions\2\The IQ-OTHNCCD lung cancer dataset\The IQ-OTHNCCD lung cancer dataset\Normal cases\Normal case (1).jpg,Normal case (1).jpg,Normal cases,normal,512,512,RGB,26d7a027fa43cd023303e4ca61735e78
C:\Users\Usuario\.cache\kagglehub\datasets\adityamahimkar\iqothnccd-lung-cancer-dataset\versions\2\The IQ-OTHNCCD lung cancer dataset\The IQ-OTHNCCD lung cancer dataset\Normal cases\Normal case (10).jpg,Normal case (10).jpg,Normal cases,normal,512,512,RGB,3a93cd31dbf94309570d97a8a9535b9c
C:\Users\Usuario\.cache\kagglehub\datasets\adityamahimkar\iqothnccd-lung-cancer-dataset\versions\2\The IQ-OTHNCCD lung cancer dataset\The IQ-OTHNCCD lung cancer dataset\Normal cases\Normal case (100).jpg,Normal case (100).jpg,Normal cases,normal,512,512,RGB,8d95eb2e69afcdb5d69d8b1df89a7fc2
C:\Users\Usuario\.cache\kagglehub\datasets\adityamahimkar\iqothnccd-lung-cancer-dataset\versions\2\The IQ-OTHNCCD lung cancer dataset\The IQ-OTHNCCD lung cancer dataset\Normal cases\Normal case (101).jpg,Normal case (101).jpg,Normal cases,normal,512,512,RGB,2a5bfa2aa947cbe689fe2d954ca25992
C:\Users\Usuario\.cache\kagglehub\datasets\adityamahimkar\iqothnccd-lung-cancer-dataset\versions\2\The IQ-OTHNCCD lung cancer dataset\The IQ-OTHNCCD lung cancer dataset\Normal cases\Normal case (102).jpg,Normal case (102).jpg,Normal cases,normal,512,512,RGB,ca8da619b1d993556e77445da5fc4423
C:\Users\Usuario\.cache\kagglehub\datasets\adityamahimkar\iqothnccd-lung-cancer-dataset\versions\2\The IQ-OTHNCCD lung cancer dataset\The IQ-OTHNCCD lung cancer dataset\Normal cases\Normal case (103).jpg,Normal case (103).jpg,Normal cases,normal,512,512,RGB,39f5d86080cb8bbeba501b9c210472a5
C:\Users\Usuario\.cache\kagglehub\datasets\adityamahimkar\iqothnccd-lung-cancer-dataset\versions\2\The IQ-OTHNCCD lung cancer dataset\The IQ-OTHNCCD lung cancer dataset\Normal cases\Normal case (104).jpg,Normal case (104).jpg,Normal cases,normal,512,512,RGB,b4335f144c09b7100b0ca21cf2856c5e
C:\Users\Usuario\.cache\kagglehub\datasets\adityamahimkar\iqothnccd-lung-cancer-dataset\versions\2\The IQ-OTHNCCD lung cancer dataset\The IQ-OTHNCCD lung cancer dataset\Normal cases\Normal case (105).jpg,Normal case (105).jpg,Normal cases,normal,512,512,RGB,21039120d55dfaf591692c257c23eccb
C:\Users\Usuario\.cache\kagglehub\datasets\adityamahimkar\iqothnccd-lung-cancer-dataset\versions\2\The IQ-OTHNCCD lung cancer dataset\The IQ-OTHNCCD lung cancer dataset\Normal cases\Normal case (106).jpg,Normal case (106).jpg,Normal cases,normal,512,512,RGB,3ffa31ffd5b3b26bfca80ee818f21db3
C:\Users\Usuario\.cache\kagglehub\datasets\adityamahimkar\iqothnccd-lung-cancer-dataset\versions\2\The IQ-OTHNCCD lung cancer dataset\The IQ-OTHNCCD lung cancer dataset\Normal cases\Normal case (107).jpg,Normal case (107).jpg,Normal cases,normal,512,512,RGB,2aedbb8af1c549df5c475d7700980893
C:\Users\Usuario\.cache\kagglehub\datasets\adityamahimkar\iqothnccd-lung-cancer-dataset\versions\2\The IQ-OTHNCCD lung cancer dataset\The IQ-OTHNCCD lung cancer dataset\Normal cases\Normal case (108).jpg,Normal case (108).jpg,Normal cases,normal,512,512,RGB,1bb18ea1c4af3028e00f1eb79bd871e7
C:\Users\Usuario\.cache\kagglehub\datasets\adityamahimkar\iqothnccd-lung-cancer-dataset\versions\2\The IQ-OTHNCCD lung cancer dataset\The IQ-OTHNCCD lung cancer dataset\Normal cases\Normal case (109).jpg,Normal case (109).jpg,Normal cases,normal,512,512,RGB,17447936215a83f32cc8fd7b59d9520b
C:\Users\Usuario\.cache\kagglehub\datasets\adityamahimkar\iqothnccd-lung-cancer-dataset\versions\2\The IQ-OTHNCCD lung cancer dataset\The IQ-OTHNCCD lung cancer dataset\Normal cases\Normal case (11).jpg,Normal case (11).jpg,Normal cases,normal,512,512,RGB,2c45580f49854def2decd445d9a2cc28
C:\Users\Usuario\.cache\kagglehub\datasets\adityamahimkar\iqothnccd-lung-cancer-dataset\versions\2\The IQ-OTHNCCD lung cancer dataset\The IQ-OTHNCCD lung cancer dataset\Normal cases\Normal case (110).jpg,Normal case (110).jpg,Normal cases,normal,512,512,RGB,0996a1657f74a2b64d88d769afe11b09
C:\Users\Usuario\.cache\kagglehub\datasets\adityamahimkar\iqothnccd-lung-cancer-dataset\versions\2\The IQ-OTHNCCD lung cancer dataset\The IQ-OTHNCCD lung cancer dataset\Normal cases\Normal case (111).jpg,Normal case (111).jpg,Normal cases,normal,512,512,RGB,36a53181afa0a890905fcc5d7a1f4af6
C:\Users\Usuario\.cache\kagglehub\datasets\adityamahimkar\iqothnccd-lung-cancer-dataset\versions\2\The IQ-OTHNCCD lung cancer dataset\The IQ-OTHNCCD lung cancer dataset\Normal cases\Normal case (112).jpg,Normal case (112).jpg,Normal cases,normal,512,512,RGB,61781a0eb6194f0c107c6b5b4261e5f6
C:\Users\Usuario\.cache\kagglehub\datasets\adityamahimkar\iqothnccd-lung-cancer-dataset\versions\2\The IQ-OTHNCCD lung cancer dataset\The IQ-OTHNCCD lung cancer dataset\Normal cases\Normal case (113).jpg,Normal case (113).jpg,Normal cases,normal,512,512,RGB,78cd262f9965371e55733f2f4ad8afb0
C:\Users\Usuario\.cache\kagglehub\datasets\adityamahimkar\iqothnccd-lung-cancer-dataset\versions\2\The IQ-OTHNCCD lung cancer dataset\The IQ-OTHNCCD lung cancer dataset\Normal cases\Normal case (114).jpg,Normal case (114).jpg,Normal cases,normal,512,512,RGB,f9ca5723dafd6bf30387f2de2bb55700
C:\Users\Usuario\.cache\kagglehub\datasets\adityamahimkar\iqothnccd-lung-cancer-dataset\versions\2\The IQ-OTHNCCD lung cancer dataset\The IQ-OTHNCCD lung cancer dataset\Normal cases\Normal case (115).jpg,Normal case (115).jpg,Normal cases,normal,512,512,RGB,a9128a9a910537098e33c2a3350a8c7c
C:\Users\Usuario\.cache\kagglehub\datasets\adityamahimkar\iqothnccd-lung-cancer-dataset\versions\2\The IQ-OTHNCCD lung cancer dataset\The IQ-OTHNCCD lung cancer dataset\Normal cases\Normal case (116).jpg,Normal case (116).jpg,Normal cases,normal,512,512,RGB,6252ccd62abea5d2bd55b5db41a17ab2
C:\Users\Usuario\.cache\kagglehub\datasets\adityamahimkar\iqothnccd-lung-cancer-dataset\versions\2\The IQ-OTHNCCD lung cancer dataset\The IQ-OTHNCCD lung cancer dataset\Normal cases\Normal case (117).jpg,Normal case (117).jpg,Normal cases,normal,512,512,RGB,2053193d2a6d78728d9e785641c869a5
C:\Users\Usuario\.cache\kagglehub\datasets\adityamahimkar\iqothnccd-lung-cancer-dataset\versions\2\The IQ-OTHNCCD lung cancer dataset\The IQ-OTHNCCD lung cancer dataset\Normal cases\Normal case (118).jpg,Normal case (118).jpg,Normal cases,normal,512,512,RGB,cf259352c414d9bc7c92daf6b418ee11
C:\Users\Usuario\.cache\kagglehub\datasets\adityamahimkar\iqothnccd-lung-cancer-dataset\versions\2\The IQ-OTHNCCD lung cancer dataset\The IQ-OTHNCCD lung cancer dataset\Normal cases\Normal case (119).jpg,Normal case (119).jpg,Normal cases,normal,512,512,RGB,9e678c52a5bec094183866ea61b17a72
C:\Users\Usuario\.cache\kagglehub\datasets\adityamahimkar\iqothnccd-lung-cancer-dataset\versions\2\The IQ-OTHNCCD lung cancer dataset\The IQ-OTHNCCD lung cancer dataset\Normal cases\Normal case (12).jpg,Normal case (12).jpg,Normal cases,normal,512,512,RGB,542bc264a2d47f1fa15b3ffd99efb433
C:\Users\Usuario\.cache\kagglehub\datasets\adityamahimkar\iqothnccd-lung-cancer-dataset\versions\2\The IQ-OTHNCCD lung cancer dataset\The IQ-OTHNCCD lung cancer dataset\Normal cases\Normal case (120).jpg,Normal case (120).jpg,Normal cases,normal,512,512,RGB,8435ce076c18a70289f6039c86364c95
C:\Users\Usuario\.cache\kagglehub\datasets\adityamahimkar\iqothnccd-lung-cancer-dataset\versions\2\The IQ-OTHNCCD lung cancer dataset\The IQ-OTHNCCD lung cancer dataset\Normal cases\Normal case (121).jpg,Normal case (121).jpg,Normal cases,normal,512,512,RGB,bf55811429ed234c5e9e762599545f98
C:\Users\Usuario\.cache\kagglehub\datasets\adityamahimkar\iqothnccd-lung-cancer-dataset\versions\2\The IQ-OTHNCCD lung cancer dataset\The IQ-OTHNCCD lung cancer dataset\Normal cases\Normal case (122).jpg,Normal case (122).jpg,Normal cases,normal,512,512,RGB,45844b144ab554ffa456b1a316fb1882
C:\Users\Usuario\.cache\kagglehub\datasets\adityamahimkar\iqothnccd-lung-cancer-dataset\versions\2\The IQ-OTHNCCD lung cancer dataset\The IQ-OTHNCCD lung cancer dataset\Normal cases\Normal case (123).jpg,Normal case (123).jpg,Normal cases,normal,512,512,RGB,dad5e9c88d28e60ef631c0b4b6a5ff53
C:\Users\Usuario\.cache\kagglehub\datasets\adityamahimkar\iqothnccd-lung-cancer-dataset\versions\2\The IQ-OTHNCCD lung cancer dataset\The IQ-OTHNCCD lung cancer dataset\Normal cases\Normal case (124).jpg,Normal case (124).jpg,Normal cases,normal,512,512,RGB,fcd9076917e4c11e876c2f5408b2fc23
C:\Users\Usuario\.cache\kagglehub\datasets\adityamahimkar\iqothnccd-lung-cancer-dataset\versions\2\The IQ-OTHNCCD lung cancer dataset\The IQ-OTHNCCD lung cancer dataset\Normal cases\Normal case (125).jpg,Normal case (125).jpg,Normal cases,normal,512,512,RGB,5a006ebb877a9d842a07e92a692dc4c3
C:\Users\Usuario\.cache\kagglehub\datasets\adityamahimkar\iqothnccd-lung-cancer-dataset\versions\2\The IQ-OTHNCCD lung cancer dataset\The IQ-OTHNCCD lung cancer dataset\Normal cases\Normal case (126).jpg,Normal case (126).jpg,Normal cases,normal,512,512,RGB,5dd5fecd7ed5abfb70f650d3b9b092d1
C:\Users\Usuario\.cache\kagglehub\datasets\adityamahimkar\iqothnccd-lung-cancer-dataset\versions\2\The IQ-OTHNCCD lung cancer dataset\The IQ-OTHNCCD lung cancer dataset\Normal cases\Normal case (127).jpg,Normal case (127).jpg,Normal cases,normal,512,512,RGB,e58b0045c983f1dd84caa89335771552
C:\Users\Usuario\.cache\kagglehub\datasets\adityamahimkar\iqothnccd-lung-cancer-dataset\versions\2\The IQ-OTHNCCD lung cancer dataset\The IQ-OTHNCCD lung cancer dataset\Normal cases\Normal case (128).jpg,Normal case (128).jpg,Normal cases,normal,512,512,RGB,006e50add470316a5d1a7fff11de337b
C:\Users\Usuario\.cache\kagglehub\datasets\adityamahimkar\iqothnccd-lung-cancer-dataset\versions\2\The IQ-OTHNCCD lung cancer dataset\The IQ-OTHNCCD lung cancer dataset\Normal cases\Normal case (129).jpg,Normal case (129).jpg,Normal cases,normal,512,512,RGB,5fefbdc86a73078e751dc3353badb94d
C:\Users\Usuario\.cache\kagglehub\datasets\adityamahimkar\iqothnccd-lung-cancer-dataset\versions\2\The IQ-OTHNCCD lung cancer dataset\The IQ-OTHNCCD lung cancer dataset\Normal cases\Normal case (13).jpg,Normal case (13).jpg,Normal cases,normal,512,512,RGB,fff503df6e7c009c2e4ce36a1421c99c
C:\Users\Usuario\.cache\kagglehub\datasets\adityamahimkar\iqothnccd-lung-cancer-dataset\versions\2\The IQ-OTHNCCD lung cancer dataset\The IQ-OTHNCCD lung cancer dataset\Normal cases\Normal case (130).jpg,Normal case (130).jpg,Normal cases,normal,512,512,RGB,9b03b05f607949ba276e53f10ae751ee
C:\Users\Usuario\.cache\kagglehub\datasets\adityamahimkar\iqothnccd-lung-cancer-dataset\versions\2\The IQ-OTHNCCD lung cancer dataset\The IQ-OTHNCCD lung cancer dataset\Normal cases\Normal case (131).jpg,Normal case (131).jpg,Normal cases,normal,512,512,RGB,40516e473d15608eca1b8410a975c651
C:\Users\Usuario\.cache\kagglehub\datasets\adityamahimkar\iqothnccd-lung-cancer-dataset\versions\2\The IQ-OTHNCCD lung cancer dataset\The IQ-OTHNCCD lung cancer dataset\Normal cases\Normal case (132).jpg,Normal case (132).jpg,Normal cases,normal,512,512,RGB,92b0956664c1dfd4204b2097df0efb4a
C:\Users\Usuario\.cache\kagglehub\datasets\adityamahimkar\iqothnccd-lung-cancer-dataset\versions\2\The IQ-OTHNCCD lung cancer dataset\The IQ-OTHNCCD lung cancer dataset\Normal cases\Normal case (133).jpg,Normal case (133).jpg,Normal cases,normal,512,512,RGB,450f6a6a1435521221cbdb9fc75e6e96
C:\Users\Usuario\.cache\kagglehub\datasets\adityamahimkar\iqothnccd-lung-cancer-dataset\versions\2\The IQ-OTHNCCD lung cancer dataset\The IQ-OTHNCCD lung cancer dataset\Normal cases\Normal case (134).jpg,Normal case (134).jpg,Normal cases,normal,512,512,RGB,c6b426c9efe8ec9b720fa690e8c11cb8
C:\Users\Usuario\.cache\kagglehub\datasets\adityamahimkar\iqothnccd-lung-cancer-dataset\versions\2\The IQ-OTHNCCD lung cancer dataset\The IQ-OTHNCCD lung cancer dataset\Normal cases\Normal case (135).jpg,Normal case (135).jpg,Normal cases,normal,512,512,RGB,751f223793f27ad6752e79f82a384ac2
C:\Users\Usuario\.cache\kagglehub\datasets\adityamahimkar\iqothnccd-lung-cancer-dataset\versions\2\The IQ-OTHNCCD lung cancer dataset\The IQ-OTHNCCD lung cancer dataset\Normal cases\Normal case (136).jpg,Normal case (136).jpg,Normal cases,normal,512,512,RGB,c6bb4a62fb92e1de431b5bfcc34d4f66
C:\Users\Usuario\.cache\kagglehub\datasets\adityamahimkar\iqothnccd-lung-cancer-dataset\versions\2\The IQ-OTHNCCD lung cancer dataset\The IQ-OTHNCCD lung cancer dataset\Normal cases\Normal case (137).jpg,Normal case (137).jpg,Normal cases,normal,512,512,RGB,804467163314248cb0993beaccfc1ed6
C:\Users\Usuario\.cache\kagglehub\datasets\adityamahimkar\iqothnccd-lung-cancer-dataset\versions\2\The IQ-OTHNCCD lung cancer dataset\The IQ-OTHNCCD lung cancer dataset\Normal cases\Normal case (138).jpg,Normal case (138).jpg,Normal cases,normal,512,512,RGB,7cc9faae5e0035eb838b56d6a418d726
C:\Users\Usuario\.cache\kagglehub\datasets\adityamahimkar\iqothnccd-lung-cancer-dataset\versions\2\The IQ-OTHNCCD lung cancer dataset\The IQ-OTHNCCD lung cancer dataset\Normal cases\Normal case (139).jpg,Normal case (139).jpg,Normal cases,normal,512,512,RGB,26d9b8fe72ec5a771fa06ac5e1e3293e
C:\Users\Usuario\.cache\kagglehub\datasets\adityamahimkar\iqothnccd-lung-cancer-dataset\versions\2\The IQ-OTHNCCD lung cancer dataset\The IQ-OTHNCCD lung cancer dataset\Normal cases\Normal case (14).jpg,Normal case (14).jpg,Normal cases,normal,512,512,RGB,e02241c3e8072626b4b76bda7a0291ad
C:\Users\Usuario\.cache\kagglehub\datasets\adityamahimkar\iqothnccd-lung-cancer-dataset\versions\2\The IQ-OTHNCCD lung cancer dataset\The IQ-OTHNCCD lung cancer dataset\Normal cases\Normal case (140).jpg,Normal case (140).jpg,Normal cases,normal,512,512,RGB,2a3bab0e7db894eac21284c9e4a5861b
C:\Users\Usuario\.cache\kagglehub\datasets\adityamahimkar\iqothnccd-lung-cancer-dataset\versions\2\The IQ-OTHNCCD lung cancer dataset\The IQ-OTHNCCD lung cancer dataset\Normal cases\Normal case (141).jpg,Normal case (141).jpg,Normal cases,normal,512,512,RGB,59ea79e5a794c681f506ebc9cc25a844
C:\Users\Usuario\.cache\kagglehub\datasets\adityamahimkar\iqothnccd-lung-cancer-dataset\versions\2\The IQ-OTHNCCD lung cancer dataset\The IQ-OTHNCCD lung cancer dataset\Normal cases\Normal case (142).jpg,Normal case (142).jpg,Normal cases,normal,512,512,RGB,90fa0f2ba4edddce0e5351987b81df8b
C:\Users\Usuario\.cache\kagglehub\datasets\adityamahimkar\iqothnccd-lung-cancer-dataset\versions\2\The IQ-OTHNCCD lung cancer dataset\The IQ-OTHNCCD lung cancer dataset\Normal cases\Normal case (143).jpg,Normal case (143).jpg,Normal cases,normal,512,512,RGB,f56cae4a8e833672e38c522bd4cda6be
C:\Users\Usuario\.cache\kagglehub\datasets\adityamahimkar\iqothnccd-lung-cancer-dataset\versions\2\The IQ-OTHNCCD lung cancer dataset\The IQ-OTHNCCD lung cancer dataset\Normal cases\Normal case (144).jpg,Normal case (144).jpg,Normal cases,normal,512,512,RGB,c751d82bd3f7d6d0b3b0fe020c847b12
C:\Users\Usuario\.cache\kagglehub\datasets\adityamahimkar\iqothnccd-lung-cancer-dataset\versions\2\The IQ-OTHNCCD lung cancer dataset\The IQ-OTHNCCD lung cancer dataset\Normal cases\Normal case (145).jpg,Normal case (145).jpg,Normal cases,normal,512,512,RGB,baa4b1509b99a3961a12b77dd9ff47b5
C:\Users\Usuario\.cache\kagglehub\datasets\adityamahimkar\iqothnccd-lung-cancer-dataset\versions\2\The IQ-OTHNCCD lung cancer dataset\The IQ-OTHNCCD lung cancer dataset\Normal cases\Normal case (146).jpg,Normal case (146).jpg,Normal cases,normal,512,512,RGB,32a12b3f277bbc357d59a729353d01ac
C:\Users\Usuario\.cache\kagglehub\datasets\adityamahimkar\iqothnccd-lung-cancer-dataset\versions\2\The IQ-OTHNCCD lung cancer dataset\The IQ-OTHNCCD lung cancer dataset\Normal cases\Normal case (147).jpg,Normal case (147).jpg,Normal cases,normal,512,512,RGB,ef7614045cb1d88169c55b7d3dfa9bef
C:\Users\Usuario\.cache\kagglehub\datasets\adityamahimkar\iqothnccd-lung-cancer-dataset\versions\2\The IQ-OTHNCCD lung cancer dataset\The IQ-OTHNCCD lung cancer dataset\Normal cases\Normal case (148).jpg,Normal case (148).jpg,Normal cases,normal,512,512,RGB,332744236e00fd1f62a65d04b78820de
C:\Users\Usuario\.cache\kagglehub\datasets\adityamahimkar\iqothnccd-lung-cancer-dataset\versions\2\The IQ-OTHNCCD lung cancer dataset\The IQ-OTHNCCD lung cancer dataset\Normal cases\Normal case (149).jpg,Normal case (149).jpg,Normal cases,normal,512,512,RGB,9fe280651d19662b526a68a7a9cdcf74
C:\Users\Usuario\.cache\kagglehub\datasets\adityamahimkar\iqothnccd-lung-cancer-dataset\versions\2\The IQ-OTHNCCD lung cancer dataset\The IQ-OTHNCCD lung cancer dataset\Normal cases\Normal case (15).jpg,Normal case (15).jpg,Normal cases,normal,512,512,RGB,0d6babb0dfb05b1d1a1e5b8aa9549bc6
C:\Users\Usuario\.cache\kagglehub\datasets\adityamahimkar\iqothnccd-lung-cancer-dataset\versions\2\The IQ-OTHNCCD lung cancer dataset\The IQ-OTHNCCD lung cancer dataset\Normal cases\Normal case (150).jpg,Normal case (150).jpg,Normal cases,normal,512,512,RGB,dea533521cc84f4c5b3b87e945e41502
C:\Users\Usuario\.cache\kagglehub\datasets\adityamahimkar\iqothnccd-lung-cancer-dataset\versions\2\The IQ-OTHNCCD lung cancer dataset\The IQ-OTHNCCD lung cancer dataset\Normal cases\Normal case (151).jpg,Normal case (151).jpg,Normal cases,normal,512,512,RGB,0ab77107b78a3f1780c66e74e533234a
C:\Users\Usuario\.cache\kagglehub\datasets\adityamahimkar\iqothnccd-lung-cancer-dataset\versions\2\The IQ-OTHNCCD lung cancer dataset\The IQ-OTHNCCD lung cancer dataset\Normal cases\Normal case (152).jpg,Normal case (152).jpg,Normal cases,normal,512,512,RGB,572ad7976a0477be99fc610b43f71132
C:\Users\Usuario\.cache\kagglehub\datasets\adityamahimkar\iqothnccd-lung-cancer-dataset\versions\2\The IQ-OTHNCCD lung cancer dataset\The IQ-OTHNCCD lung cancer dataset\Normal cases\Normal case (153).jpg,Normal case (153).jpg,Normal cases,normal,512,512,RGB,fda17cb4404df99ed5a2f9028a16d86d
C:\Users\Usuario\.cache\kagglehub\datasets\adityamahimkar\iqothnccd-lung-cancer-dataset\versions\2\The IQ-OTHNCCD lung cancer dataset\The IQ-OTHNCCD lung cancer dataset\Normal cases\Normal case (154).jpg,Normal case (154).jpg,Normal cases,normal,512,512,RGB,f98a8ffc1c9be4811422fa9d2701f29f
C:\Users\Usuario\.cache\kagglehub\datasets\adityamahimkar\iqothnccd-lung-cancer-dataset\versions\2\The IQ-OTHNCCD lung cancer dataset\The IQ-OTHNCCD lung cancer dataset\Normal cases\Normal case (155).jpg,Normal case (155).jpg,Normal cases,normal,512,512,RGB,f2d4b22542166a31b28186607334563a
C:\Users\Usuario\.cache\kagglehub\datasets\adityamahimkar\iqothnccd-lung-cancer-dataset\versions\2\The IQ-OTHNCCD lung cancer dataset\The IQ-OTHNCCD lung cancer dataset\Normal cases\Normal case (156).jpg,Normal case (156).jpg,Normal cases,normal,512,512,RGB,4cfcbb9a8211e7528e34bf3f58078740
C:\Users\Usuario\.cache\kagglehub\datasets\adityamahimkar\iqothnccd-lung-cancer-dataset\versions\2\The IQ-OTHNCCD lung cancer dataset\The IQ-OTHNCCD lung cancer dataset\Normal cases\Normal case (157).jpg,Normal case (157).jpg,Normal cases,normal,512,512,RGB,1a125802031b47286ef1e86a1cc05b7f
C:\Users\Usuario\.cache\kagglehub\datasets\adityamahimkar\iqothnccd-lung-cancer-dataset\versions\2\The IQ-OTHNCCD lung cancer dataset\The IQ-OTHNCCD lung cancer dataset\Normal cases\Normal case (158).jpg,Normal case (158).jpg,Normal cases,normal,512,512,RGB,f703fd2fdda538e25db274aa7d9b0a8e
C:\Users\Usuario\.cache\kagglehub\datasets\adityamahimkar\iqothnccd-lung-cancer-dataset\versions\2\The IQ-OTHNCCD lung cancer dataset\The IQ-OTHNCCD lung cancer dataset\Normal cases\Normal case (159).jpg,Normal case (159).jpg,Normal cases,normal,512,512,RGB,bdc165bb3edb40d7d3d9ae64d8713761
C:\Users\Usuario\.cache\kagglehub\datasets\adityamahimkar\iqothnccd-lung-cancer-dataset\versions\2\The IQ-OTHNCCD lung cancer dataset\The IQ-OTHNCCD lung cancer dataset\Normal cases\Normal case (16).jpg,Normal case (16).jpg,Normal cases,normal,512,512,RGB,56edb74ad7a6ba434b15321d2434bad2
C:\Users\Usuario\.cache\kagglehub\datasets\adityamahimkar\iqothnccd-lung-cancer-dataset\versions\2\The IQ-OTHNCCD lung cancer dataset\The IQ-OTHNCCD lung cancer dataset\Normal cases\Normal case (160).jpg,Normal case (160).jpg,Normal cases,normal,512,512,RGB,e2830e8093139838cab2902ff4dbf01a
C:\Users\Usuario\.cache\kagglehub\datasets\adityamahimkar\iqothnccd-lung-cancer-dataset\versions\2\The IQ-OTHNCCD lung cancer dataset\The IQ-OTHNCCD lung cancer dataset\Normal cases\Normal case (161).jpg,Normal case (161).jpg,Normal cases,normal,512,512,RGB,2f48f48cb648583f753d20ec25ee9fd9
C:\Users\Usuario\.cache\kagglehub\datasets\adityamahimkar\iqothnccd-lung-cancer-dataset\versions\2\The IQ-OTHNCCD lung cancer dataset\The IQ-OTHNCCD lung cancer dataset\Normal cases\Normal case (162).jpg,Normal case (162).jpg,Normal cases,normal,512,512,RGB,73e23f443de7a96ae94208b439031c6a
C:\Users\Usuario\.cache\kagglehub\datasets\adityamahimkar\iqothnccd-lung-cancer-dataset\versions\2\The IQ-OTHNCCD lung cancer dataset\The IQ-OTHNCCD lung cancer dataset\Normal cases\Normal case (163).jpg,Normal case (163).jpg,Normal cases,normal,512,512,RGB,d380c3070f45632bbd16b832fc4e394a
C:\Users\Usuario\.cache\kagglehub\datasets\adityamahimkar\iqothnccd-lung-cancer-dataset\versions\2\The IQ-OTHNCCD lung cancer dataset\The IQ-OTHNCCD lung cancer dataset\Normal cases\Normal case (164).jpg,Normal case (164).jpg,Normal cases,normal,512,512,RGB,d0ba391129bcb0c776156a9bb85060b3
C:\Users\Usuario\.cache\kagglehub\datasets\adityamahimkar\iqothnccd-lung-cancer-dataset\versions\2\The IQ-OTHNCCD lung cancer dataset\The IQ-OTHNCCD lung cancer dataset\Normal cases\Normal case (165).jpg,Normal case (165).jpg,Normal cases,normal,512,512,RGB,e5f30bb8d34f955905b08813d0e4a43d
C:\Users\Usuario\.cache\kagglehub\datasets\adityamahimkar\iqothnccd-lung-cancer-dataset\versions\2\The IQ-OTHNCCD lung cancer dataset\The IQ-OTHNCCD lung cancer dataset\Normal cases\Normal case (166).jpg,Normal case (166).jpg,Normal cases,normal,512,512,RGB,09b3c5403a70542a3cc8b54d8cffaca0
C:\Users\Usuario\.cache\kagglehub\datasets\adityamahimkar\iqothnccd-lung-cancer-dataset\versions\2\The IQ-OTHNCCD lung cancer dataset\The IQ-OTHNCCD lung cancer dataset\Normal cases\Normal case (167).jpg,Normal case (167).jpg,Normal cases,normal,512,512,RGB,49ed3defb92347f5beb6e90e121a159c
C:\Users\Usuario\.cache\kagglehub\datasets\adityamahimkar\iqothnccd-lung-cancer-dataset\versions\2\The IQ-OTHNCCD lung cancer dataset\The IQ-OTHNCCD lung cancer dataset\Normal cases\Normal case (168).jpg,Normal case (168).jpg,Normal cases,normal,512,512,RGB,194fe803cabc8edaf0994733bc8a95b8
C:\Users\Usuario\.cache\kagglehub\datasets\adityamahimkar\iqothnccd-lung-cancer-dataset\versions\2\The IQ-OTHNCCD lung cancer dataset\The IQ-OTHNCCD lung cancer dataset\Normal cases\Normal case (169).jpg,Normal case (169).jpg,Normal cases,normal,512,512,RGB,bf1afd9541d1657eb0bf94cd87877e84
C:\Users\Usuario\.cache\kagglehub\datasets\adityamahimkar\iqothnccd-lung-cancer-dataset\versions\2\The IQ-OTHNCCD lung cancer dataset\The IQ-OTHNCCD lung cancer dataset\Normal cases\Normal case (17).jpg,Normal case (17).jpg,Normal cases,normal,512,512,RGB,8e4ba91f6cd789a9cb17d8254fcb91d5
C:\Users\Usuario\.cache\kagglehub\datasets\adityamahimkar\iqothnccd-lung-cancer-dataset\versions\2\The IQ-OTHNCCD lung cancer dataset\The IQ-OTHNCCD lung cancer dataset\Normal cases\Normal case (170).jpg,Normal case (170).jpg,Normal cases,normal,512,512,RGB,ba3b0c8cf1fafec8855f711e1af41730
C:\Users\Usuario\.cache\kagglehub\datasets\adityamahimkar\iqothnccd-lung-cancer-dataset\versions\2\The IQ-OTHNCCD lung cancer dataset\The IQ-OTHNCCD lung cancer dataset\Normal cases\Normal case (171).jpg,Normal case (171).jpg,Normal cases,normal,512,512,RGB,32f07b49702e5e92f741ad96ac902611
C:\Users\Usuario\.cache\kagglehub\datasets\adityamahimkar\iqothnccd-lung-cancer-dataset\versions\2\The IQ-OTHNCCD lung cancer dataset\The IQ-OTHNCCD lung cancer dataset\Normal cases\Normal case (172).jpg,Normal case (172).jpg,Normal cases,normal,512,512,RGB,47ef68dcc1ab1140a2877cfff0fafa11
C:\Users\Usuario\.cache\kagglehub\datasets\adityamahimkar\iqothnccd-lung-cancer-dataset\versions\2\The IQ-OTHNCCD lung cancer dataset\The IQ-OTHNCCD lung cancer dataset\Normal cases\Normal case (173).jpg,Normal case (173).jpg,Normal cases,normal,512,512,RGB,17ffe48de6e6dee58a0ca1d81b9d9c6c
C:\Users\Usuario\.cache\kagglehub\datasets\adityamahimkar\iqothnccd-lung-cancer-dataset\versions\2\The IQ-OTHNCCD lung cancer dataset\The IQ-OTHNCCD lung cancer dataset\Normal cases\Normal case (174).jpg,Normal case (174).jpg,Normal cases,normal,512,512,RGB,d93b5a4eaca084e11c6e451f49ac923b
C:\Users\Usuario\.cache\kagglehub\datasets\adityamahimkar\iqothnccd-lung-cancer-dataset\versions\2\The IQ-OTHNCCD lung cancer dataset\The IQ-OTHNCCD lung cancer dataset\Normal cases\Normal case (175).jpg,Normal case (175).jpg,Normal cases,normal,512,512,RGB,91155c61180c407cc9058e74fcba0e9f
C:\Users\Usuario\.cache\kagglehub\datasets\adityamahimkar\iqothnccd-lung-cancer-dataset\versions\2\The IQ-OTHNCCD lung cancer dataset\The IQ-OTHNCCD lung cancer dataset\Normal cases\Normal case (176).jpg,Normal case (176).jpg,Normal cases,normal,512,512,RGB,99a3ea35c18fe9b844383d8682336a8b
C:\Users\Usuario\.cache\kagglehub\datasets\adityamahimkar\iqothnccd-lung-cancer-dataset\versions\2\The IQ-OTHNCCD lung cancer dataset\The IQ-OTHNCCD lung cancer dataset\Normal cases\Normal case (177).jpg,Normal case (177).jpg,Normal cases,normal,512,512,RGB,fb1b5c09cc528aa8735815c4023d401a
C:\Users\Usuario\.cache\kagglehub\datasets\adityamahimkar\iqothnccd-lung-cancer-dataset\versions\2\The IQ-OTHNCCD lung cancer dataset\The IQ-OTHNCCD lung cancer dataset\Normal cases\Normal case (178).jpg,Normal case (178).jpg,Normal cases,normal,512,512,RGB,ecc81ae0ccbaefdb69100522dbe6e96a
C:\Users\Usuario\.cache\kagglehub\datasets\adityamahimkar\iqothnccd-lung-cancer-dataset\versions\2\The IQ-OTHNCCD lung cancer dataset\The IQ-OTHNCCD lung cancer dataset\Normal cases\Normal case (179).jpg,Normal case (179).jpg,Normal cases,normal,512,512,RGB,facc22cc6efe68aa11882eabd71de591
C:\Users\Usuario\.cache\kagglehub\datasets\adityamahimkar\iqothnccd-lung-cancer-dataset\versions\2\The IQ-OTHNCCD lung cancer dataset\The IQ-OTHNCCD lung cancer dataset\Normal cases\Normal case (18).jpg,Normal case (18).jpg,Normal cases,normal,512,512,RGB,b27e0733f2ead07340295c4f62a435d6
C:\Users\Usuario\.cache\kagglehub\datasets\adityamahimkar\iqothnccd-lung-cancer-dataset\versions\2\The IQ-OTHNCCD lung cancer dataset\The IQ-OTHNCCD lung cancer dataset\Normal cases\Normal case (180).jpg,Normal case (180).jpg,Normal cases,normal,512,512,RGB,726bc24bc02663e43ce98805f8d97bcd
C:\Users\Usuario\.cache\kagglehub\datasets\adityamahimkar\iqothnccd-lung-cancer-dataset\versions\2\The IQ-OTHNCCD lung cancer dataset\The IQ-OTHNCCD lung cancer dataset\Normal cases\Normal case (181).jpg,Normal case (181).jpg,Normal cases,normal,512,512,RGB,a0dd8729a68e069852651b013f91faea
C:\Users\Usuario\.cache\kagglehub\datasets\adityamahimkar\iqothnccd-lung-cancer-dataset\versions\2\The IQ-OTHNCCD lung cancer dataset\The IQ-OTHNCCD lung cancer dataset\Normal cases\Normal case (182).jpg,Normal case (182).jpg,Normal cases,normal,512,512,RGB,4d6c287e2325780290a9289544da295f
C:\Users\Usuario\.cache\kagglehub\datasets\adityamahimkar\iqothnccd-lung-cancer-dataset\versions\2\The IQ-OTHNCCD lung cancer dataset\The IQ-OTHNCCD lung cancer dataset\Normal cases\Normal case (183).jpg,Normal case (183).jpg,Normal cases,normal,512,512,RGB,1953976f1d544397a9f0411759adb853
C:\Users\Usuario\.cache\kagglehub\datasets\adityamahimkar\iqothnccd-lung-cancer-dataset\versions\2\The IQ-OTHNCCD lung cancer dataset\The IQ-OTHNCCD lung cancer dataset\Normal cases\Normal case (184).jpg,Normal case (184).jpg,Normal cases,normal,512,512,RGB,c6a0ca105fdab932df20ae10ccc6c645
C:\Users\Usuario\.cache\kagglehub\datasets\adityamahimkar\iqothnccd-lung-cancer-dataset\versions\2\The IQ-OTHNCCD lung cancer dataset\The IQ-OTHNCCD lung cancer dataset\Normal cases\Normal case (185).jpg,Normal case (185).jpg,Normal cases,normal,512,512,RGB,8f44dbf9c1f3d5efc799446eb20b886b
C:\Users\Usuario\.cache\kagglehub\datasets\adityamahimkar\iqothnccd-lung-cancer-dataset\versions\2\The IQ-OTHNCCD lung cancer dataset\The IQ-OTHNCCD lung cancer dataset\Normal cases\Normal case (186).jpg,Normal case (186).jpg,Normal cases,normal,512,512,RGB,8b05d1c4748c1d72d75faae158d0add5
C:\Users\Usuario\.cache\kagglehub\datasets\adityamahimkar\iqothnccd-lung-cancer-dataset\versions\2\The IQ-OTHNCCD lung cancer dataset\The IQ-OTHNCCD lung cancer dataset\Normal cases\Normal case (187).jpg,Normal case (187).jpg,Normal cases,normal,512,512,RGB,7429543bbed5ff950537c7820733d5bd
C:\Users\Usuario\.cache\kagglehub\datasets\adityamahimkar\iqothnccd-lung-cancer-dataset\versions\2\The IQ-OTHNCCD lung cancer dataset\The IQ-OTHNCCD lung cancer dataset\Normal cases\Normal case (188).jpg,Normal case (188).jpg,Normal cases,normal,512,512,RGB,f4b5296cee3d09897bff5efac2c2e5ee
C:\Users\Usuario\.cache\kagglehub\datasets\adityamahimkar\iqothnccd-lung-cancer-dataset\versions\2\The IQ-OTHNCCD lung cancer dataset\The IQ-OTHNCCD lung cancer dataset\Normal cases\Normal case (189).jpg,Normal case (189).jpg,Normal cases,normal,512,512,RGB,f3652a933e58069dc4495974be072f50
C:\Users\Usuario\.cache\kagglehub\datasets\adityamahimkar\iqothnccd-lung-cancer-dataset\versions\2\The IQ-OTHNCCD lung cancer dataset\The IQ-OTHNCCD lung cancer dataset\Normal cases\Normal case (19).jpg,Normal case (19).jpg,Normal cases,normal,512,512,RGB,01999c7651f123040a7e961a635b0264
C:\Users\Usuario\.cache\kagglehub\datasets\adityamahimkar\iqothnccd-lung-cancer-dataset\versions\2\The IQ-OTHNCCD lung cancer dataset\The IQ-OTHNCCD lung cancer dataset\Normal cases\Normal case (190).jpg,Normal case (190).jpg,Normal cases,normal,512,512,RGB,f81a64455a3ca1a0ef86332481f3bce2
C:\Users\Usuario\.cache\kagglehub\datasets\adityamahimkar\iqothnccd-lung-cancer-dataset\versions\2\The IQ-OTHNCCD lung cancer dataset\The IQ-OTHNCCD lung cancer dataset\Normal cases\Normal case (191).jpg,Normal case (191).jpg,Normal cases,normal,512,512,RGB,4ffc12efe03014063e6d7bcc58fbe8ff
C:\Users\Usuario\.cache\kagglehub\datasets\adityamahimkar\iqothnccd-lung-cancer-dataset\versions\2\The IQ-OTHNCCD lung cancer dataset\The IQ-OTHNCCD lung cancer dataset\Normal cases\Normal case (192).jpg,Normal case (192).jpg,Normal cases,normal,512,512,RGB,c5869caaa48c30dbb2ec4b5e1e3af06d
C:\Users\Usuario\.cache\kagglehub\datasets\adityamahimkar\iqothnccd-lung-cancer-dataset\versions\2\The IQ-OTHNCCD lung cancer dataset\The IQ-OTHNCCD lung cancer dataset\Normal cases\Normal case (193).jpg,Normal case (193).jpg,Normal cases,normal,512,512,RGB,93c1d41369aeb62b391d6d4e80f3d1ab
C:\Users\Usuario\.cache\kagglehub\datasets\adityamahimkar\iqothnccd-lung-cancer-dataset\versions\2\The IQ-OTHNCCD lung cancer dataset\The IQ-OTHNCCD lung cancer dataset\Normal cases\Normal case (194).jpg,Normal case (194).jpg,Normal cases,normal,512,512,RGB,d4fb9de7bfd91681c63f17c0fa182546
C:\Users\Usuario\.cache\kagglehub\datasets\adityamahimkar\iqothnccd-lung-cancer-dataset\versions\2\The IQ-OTHNCCD lung cancer dataset\The IQ-OTHNCCD lung cancer dataset\Normal cases\Normal case (195).jpg,Normal case (195).jpg,Normal cases,normal,512,512,RGB,2ab48323e35a94ba7bd20030cd44a3c5
C:\Users\Usuario\.cache\kagglehub\datasets\adityamahimkar\iqothnccd-lung-cancer-dataset\versions\2\The IQ-OTHNCCD lung cancer dataset\The IQ-OTHNCCD lung cancer dataset\Normal cases\Normal case (196).jpg,Normal case (196).jpg,Normal cases,normal,512,512,RGB,e31da65a3a46acf70368768d1eb66a59
C:\Users\Usuario\.cache\kagglehub\datasets\adityamahimkar\iqothnccd-lung-cancer-dataset\versions\2\The IQ-OTHNCCD lung cancer dataset\The IQ-OTHNCCD lung cancer dataset\Normal cases\Normal case (197).jpg,Normal case (197).jpg,Normal cases,normal,512,512,RGB,2d3bd63d907762bd27022ff1f2a61538
C:\Users\Usuario\.cache\kagglehub\datasets\adityamahimkar\iqothnccd-lung-cancer-dataset\versions\2\The IQ-OTHNCCD lung cancer dataset\The IQ-OTHNCCD lung cancer dataset\Normal cases\Normal case (198).jpg,Normal case (198).jpg,Normal cases,normal,512,512,RGB,0efee4d535abd1c165270e729dc545d1
C:\Users\Usuario\.cache\kagglehub\datasets\adityamahimkar\iqothnccd-lung-cancer-dataset\versions\2\The IQ-OTHNCCD lung cancer dataset\The IQ-OTHNCCD lung cancer dataset\Normal cases\Normal case (199).jpg,Normal case (199).jpg,Normal cases,normal,512,512,RGB,86d4bf71b23f4856668c1398b705b948
C:\Users\Usuario\.cache\kagglehub\datasets\adityamahimkar\iqothnccd-lung-cancer-dataset\versions\2\The IQ-OTHNCCD lung cancer dataset\The IQ-OTHNCCD lung cancer dataset\Normal cases\Normal case (2).jpg,Normal case (2).jpg,Normal cases,normal,512,512,RGB,46c6e1a9d0937f93d86ebea45f1571c8
C:\Users\Usuario\.cache\kagglehub\datasets\adityamahimkar\iqothnccd-lung-cancer-dataset\versions\2\The IQ-OTHNCCD lung cancer dataset\The IQ-OTHNCCD lung cancer dataset\Normal cases\Normal case (20).jpg,Normal case (20).jpg,Normal cases,normal,512,512,RGB,36816ffe8e2bd6007d6175328e65f8b4
C:\Users\Usuario\.cache\kagglehub\datasets\adityamahimkar\iqothnccd-lung-cancer-dataset\versions\2\The IQ-OTHNCCD lung cancer dataset\The IQ-OTHNCCD lung cancer dataset\Normal cases\Normal case (200).jpg,Normal case (200).jpg,Normal cases,normal,512,512,RGB,9e6ff78dfa546c0dadcc8dc5d62223c7
C:\Users\Usuario\.cache\kagglehub\datasets\adityamahimkar\iqothnccd-lung-cancer-dataset\versions\2\The IQ-OTHNCCD lung cancer dataset\The IQ-OTHNCCD lung cancer dataset\Normal cases\Normal case (201).jpg,Normal case (201).jpg,Normal cases,normal,512,512,RGB,2b338fa6d823dadaaf5929f8896a93a3
C:\Users\Usuario\.cache\kagglehub\datasets\adityamahimkar\iqothnccd-lung-cancer-dataset\versions\2\The IQ-OTHNCCD lung cancer dataset\The IQ-OTHNCCD lung cancer dataset\Normal cases\Normal case (202).jpg,Normal case (202).jpg,Normal cases,normal,512,512,RGB,073e4786d948d0cfe3e8aa3a442dca14
C:\Users\Usuario\.cache\kagglehub\datasets\adityamahimkar\iqothnccd-lung-cancer-dataset\versions\2\The IQ-OTHNCCD lung cancer dataset\The IQ-OTHNCCD lung cancer dataset\Normal cases\Normal case (203).jpg,Normal case (203).jpg,Normal cases,normal,512,512,RGB,3e6f6a716d20753b36e698e3bcc8343c
C:\Users\Usuario\.cache\kagglehub\datasets\adityamahimkar\iqothnccd-lung-cancer-dataset\versions\2\The IQ-OTHNCCD lung cancer dataset\The IQ-OTHNCCD lung cancer dataset\Normal cases\Normal case (204).jpg,Normal case (204).jpg,Normal cases,normal,512,512,RGB,fe7ad7b67ffabafd717f34fb10727bd6
C:\Users\Usuario\.cache\kagglehub\datasets\adityamahimkar\iqothnccd-lung-cancer-dataset\versions\2\The IQ-OTHNCCD lung cancer dataset\The IQ-OTHNCCD lung cancer dataset\Normal cases\Normal case (205).jpg,Normal case (205).jpg,Normal cases,normal,512,512,RGB,ae2be271f6aa28eb804aa73fea41d913
C:\Users\Usuario\.cache\kagglehub\datasets\adityamahimkar\iqothnccd-lung-cancer-dataset\versions\2\The IQ-OTHNCCD lung cancer dataset\The IQ-OTHNCCD lung cancer dataset\Normal cases\Normal case (206).jpg,Normal case (206).jpg,Normal cases,normal,512,512,RGB,8940431e514fcba9363544306e64ea92
C:\Users\Usuario\.cache\kagglehub\datasets\adityamahimkar\iqothnccd-lung-cancer-dataset\versions\2\The IQ-OTHNCCD lung cancer dataset\The IQ-OTHNCCD lung cancer dataset\Normal cases\Normal case (207).jpg,Normal case (207).jpg,Normal cases,normal,512,512,RGB,a3d3802500df23b7f75f771fa70a563e
C:\Users\Usuario\.cache\kagglehub\datasets\adityamahimkar\iqothnccd-lung-cancer-dataset\versions\2\The IQ-OTHNCCD lung cancer dataset\The IQ-OTHNCCD lung cancer dataset\Normal cases\Normal case (208).jpg,Normal case (208).jpg,Normal cases,normal,512,512,RGB,afc18c925cf94ce6420e08e48a389e31
C:\Users\Usuario\.cache\kagglehub\datasets\adityamahimkar\iqothnccd-lung-cancer-dataset\versions\2\The IQ-OTHNCCD lung cancer dataset\The IQ-OTHNCCD lung cancer dataset\Normal cases\Normal case (209).jpg,Normal case (209).jpg,Normal cases,normal,512,512,RGB,9649990651fe3f9c0a9cb599ae89324e
C:\Users\Usuario\.cache\kagglehub\datasets\adityamahimkar\iqothnccd-lung-cancer-dataset\versions\2\The IQ-OTHNCCD lung cancer dataset\The IQ-OTHNCCD lung cancer dataset\Normal cases\Normal case (21).jpg,Normal case (21).jpg,Normal cases,normal,512,512,RGB,14ef6e94d7275ea69d97ff67c5e21979
C:\Users\Usuario\.cache\kagglehub\datasets\adityamahimkar\iqothnccd-lung-cancer-dataset\versions\2\The IQ-OTHNCCD lung cancer dataset\The IQ-OTHNCCD lung cancer dataset\Normal cases\Normal case (210).jpg,Normal case (210).jpg,Normal cases,normal,512,512,RGB,c600f8de8f8c41e0fb3c0c50a14b115d
C:\Users\Usuario\.cache\kagglehub\datasets\adityamahimkar\iqothnccd-lung-cancer-dataset\versions\2\The IQ-OTHNCCD lung cancer dataset\The IQ-OTHNCCD lung cancer dataset\Normal cases\Normal case (211).jpg,Normal case (211).jpg,Normal cases,normal,512,512,RGB,dfcbb34e7a9a7d73b3f67061e83815a9
C:\Users\Usuario\.cache\kagglehub\datasets\adityamahimkar\iqothnccd-lung-cancer-dataset\versions\2\The IQ-OTHNCCD lung cancer dataset\The IQ-OTHNCCD lung cancer dataset\Normal cases\Normal case (212).jpg,Normal case (212).jpg,Normal cases,normal,512,512,RGB,b73373e5a18eae2896c1e7ed623209d9
C:\Users\Usuario\.cache\kagglehub\datasets\adityamahimkar\iqothnccd-lung-cancer-dataset\versions\2\The IQ-OTHNCCD lung cancer dataset\The IQ-OTHNCCD lung cancer dataset\Normal cases\Normal case (213).jpg,Normal case (213).jpg,Normal cases,normal,512,512,RGB,58830d13dc2c17e63d83f92df111ee7c
C:\Users\Usuario\.cache\kagglehub\datasets\adityamahimkar\iqothnccd-lung-cancer-dataset\versions\2\The IQ-OTHNCCD lung cancer dataset\The IQ-OTHNCCD lung cancer dataset\Normal cases\Normal case (214).jpg,Normal case (214).jpg,Normal cases,normal,512,512,RGB,7cacb5820afef554140d99f24240917f
C:\Users\Usuario\.cache\kagglehub\datasets\adityamahimkar\iqothnccd-lung-cancer-dataset\versions\2\The IQ-OTHNCCD lung cancer dataset\The IQ-OTHNCCD lung cancer dataset\Normal cases\Normal case (215).jpg,Normal case (215).jpg,Normal cases,normal,512,512,RGB,3345bd2d86fed5df59de2a4f95cdf69e
C:\Users\Usuario\.cache\kagglehub\datasets\adityamahimkar\iqothnccd-lung-cancer-dataset\versions\2\The IQ-OTHNCCD lung cancer dataset\The IQ-OTHNCCD lung cancer dataset\Normal cases\Normal case (216).jpg,Normal case (216).jpg,Normal cases,normal,512,512,RGB,b70ab5f4915046ec362cb0bb0481f1ce
C:\Users\Usuario\.cache\kagglehub\datasets\adityamahimkar\iqothnccd-lung-cancer-dataset\versions\2\The IQ-OTHNCCD lung cancer dataset\The IQ-OTHNCCD lung cancer dataset\Normal cases\Normal case (217).jpg,Normal case (217).jpg,Normal cases,normal,512,512,RGB,04a4063d9117e2d53d04b21435bd4c55
C:\Users\Usuario\.cache\kagglehub\datasets\adityamahimkar\iqothnccd-lung-cancer-dataset\versions\2\The IQ-OTHNCCD lung cancer dataset\The IQ-OTHNCCD lung cancer dataset\Normal cases\Normal case (218).jpg,Normal case (218).jpg,Normal cases,normal,512,512,RGB,b99a60570a527bdecbbfaa2a4fd41eef
C:\Users\Usuario\.cache\kagglehub\datasets\adityamahimkar\iqothnccd-lung-cancer-dataset\versions\2\The IQ-OTHNCCD lung cancer dataset\The IQ-OTHNCCD lung cancer dataset\Normal cases\Normal case (219).jpg,Normal case (219).jpg,Normal cases,normal,512,512,RGB,57e0f705a111585caac615f16c0ead53
C:\Users\Usuario\.cache\kagglehub\datasets\adityamahimkar\iqothnccd-lung-cancer-dataset\versions\2\The IQ-OTHNCCD lung cancer dataset\The IQ-OTHNCCD lung cancer dataset\Normal cases\Normal case (22).jpg,Normal case (22).jpg,Normal cases,normal,512,512,RGB,14d5fbaaa500b580da480fbaa63ca1c2
C:\Users\Usuario\.cache\kagglehub\datasets\adityamahimkar\iqothnccd-lung-cancer-dataset\versions\2\The IQ-OTHNCCD lung cancer dataset\The IQ-OTHNCCD lung cancer dataset\Normal cases\Normal case (220).jpg,Normal case (220).jpg,Normal cases,normal,512,512,RGB,534ef27b90016b35b3e71c65dadded88
C:\Users\Usuario\.cache\kagglehub\datasets\adityamahimkar\iqothnccd-lung-cancer-dataset\versions\2\The IQ-OTHNCCD lung cancer dataset\The IQ-OTHNCCD lung cancer dataset\Normal cases\Normal case (221).jpg,Normal case (221).jpg,Normal cases,normal,512,512,RGB,dacc18a171e2480d7c7098c60f048791
C:\Users\Usuario\.cache\kagglehub\datasets\adityamahimkar\iqothnccd-lung-cancer-dataset\versions\2\The IQ-OTHNCCD lung cancer dataset\The IQ-OTHNCCD lung cancer dataset\Normal cases\Normal case (222).jpg,Normal case (222).jpg,Normal cases,normal,512,512,RGB,787b3fff91e8ffa18128d4278bb94afb
C:\Users\Usuario\.cache\kagglehub\datasets\adityamahimkar\iqothnccd-lung-cancer-dataset\versions\2\The IQ-OTHNCCD lung cancer dataset\The IQ-OTHNCCD lung cancer dataset\Normal cases\Normal case (223).jpg,Normal case (223).jpg,Normal cases,normal,512,512,RGB,742ccbd018e545a3e538db823e99255f
C:\Users\Usuario\.cache\kagglehub\datasets\adityamahimkar\iqothnccd-lung-cancer-dataset\versions\2\The IQ-OTHNCCD lung cancer dataset\The IQ-OTHNCCD lung cancer dataset\Normal cases\Normal case (224).jpg,Normal case (224).jpg,Normal cases,normal,512,512,RGB,c12f8a8ab0699e90cd2d768af41dd8a6
C:\Users\Usuario\.cache\kagglehub\datasets\adityamahimkar\iqothnccd-lung-cancer-dataset\versions\2\The IQ-OTHNCCD lung cancer dataset\The IQ-OTHNCCD lung cancer dataset\Normal cases\Normal case (225).jpg,Normal case (225).jpg,Normal cases,normal,512,512,RGB,5b83ced51eb62846d6c786f8f8212487
C:\Users\Usuario\.cache\kagglehub\datasets\adityamahimkar\iqothnccd-lung-cancer-dataset\versions\2\The IQ-OTHNCCD lung cancer dataset\The IQ-OTHNCCD lung cancer dataset\Normal cases\Normal case (226).jpg,Normal case (226).jpg,Normal cases,normal,512,512,RGB,cf745e5ff8e73411d29ac24255e3850f
C:\Users\Usuario\.cache\kagglehub\datasets\adityamahimkar\iqothnccd-lung-cancer-dataset\versions\2\The IQ-OTHNCCD lung cancer dataset\The IQ-OTHNCCD lung cancer dataset\Normal cases\Normal case (227).jpg,Normal case (227).jpg,Normal cases,normal,512,512,RGB,5955712fada7cfe91c698dd65c97ab90
C:\Users\Usuario\.cache\kagglehub\datasets\adityamahimkar\iqothnccd-lung-cancer-dataset\versions\2\The IQ-OTHNCCD lung cancer dataset\The IQ-OTHNCCD lung cancer dataset\Normal cases\Normal case (228).jpg,Normal case (228).jpg,Normal cases,normal,512,512,RGB,0c1eb13f3ca447b9c71fff633f7605e1
C:\Users\Usuario\.cache\kagglehub\datasets\adityamahimkar\iqothnccd-lung-cancer-dataset\versions\2\The IQ-OTHNCCD lung cancer dataset\The IQ-OTHNCCD lung cancer dataset\Normal cases\Normal case (229).jpg,Normal case (229).jpg,Normal cases,normal,512,512,RGB,ec705b3a8b81b23543b98fc481f71ab4
C:\Users\Usuario\.cache\kagglehub\datasets\adityamahimkar\iqothnccd-lung-cancer-dataset\versions\2\The IQ-OTHNCCD lung cancer dataset\The IQ-OTHNCCD lung cancer dataset\Normal cases\Normal case (23).jpg,Normal case (23).jpg,Normal cases,normal,512,512,RGB,1bf282f5d76b7ffcb5694d036bdf50c4
C:\Users\Usuario\.cache\kagglehub\datasets\adityamahimkar\iqothnccd-lung-cancer-dataset\versions\2\The IQ-OTHNCCD lung cancer dataset\The IQ-OTHNCCD lung cancer dataset\Normal cases\Normal case (230).jpg,Normal case (230).jpg,Normal cases,normal,512,512,RGB,21aca9eb5e049a6d57f595d85d42f362
C:\Users\Usuario\.cache\kagglehub\datasets\adityamahimkar\iqothnccd-lung-cancer-dataset\versions\2\The IQ-OTHNCCD lung cancer dataset\The IQ-OTHNCCD lung cancer dataset\Normal cases\Normal case (231).jpg,Normal case (231).jpg,Normal cases,normal,512,512,RGB,256f6a65fa06a0ac18950f7d21dc4147
C:\Users\Usuario\.cache\kagglehub\datasets\adityamahimkar\iqothnccd-lung-cancer-dataset\versions\2\The IQ-OTHNCCD lung cancer dataset\The IQ-OTHNCCD lung cancer dataset\Normal cases\Normal case (232).jpg,Normal case (232).jpg,Normal cases,normal,512,512,RGB,09c9778de000392443517cb7723f9346
C:\Users\Usuario\.cache\kagglehub\datasets\adityamahimkar\iqothnccd-lung-cancer-dataset\versions\2\The IQ-OTHNCCD lung cancer dataset\The IQ-OTHNCCD lung cancer dataset\Normal cases\Normal case (233).jpg,Normal case (233).jpg,Normal cases,normal,512,512,RGB,5b67969db8be8d31c94335936a97b39e
C:\Users\Usuario\.cache\kagglehub\datasets\adityamahimkar\iqothnccd-lung-cancer-dataset\versions\2\The IQ-OTHNCCD lung cancer dataset\The IQ-OTHNCCD lung cancer dataset\Normal cases\Normal case (234).jpg,Normal case (234).jpg,Normal cases,normal,512,512,RGB,1ef85d65f7f6262660558b63f04e9c55
C:\Users\Usuario\.cache\kagglehub\datasets\adityamahimkar\iqothnccd-lung-cancer-dataset\versions\2\The IQ-OTHNCCD lung cancer dataset\The IQ-OTHNCCD lung cancer dataset\Normal cases\Normal case (235).jpg,Normal case (235).jpg,Normal cases,normal,512,512,RGB,c6551fa7151dac742bea38bd7bcc4de5
C:\Users\Usuario\.cache\kagglehub\datasets\adityamahimkar\iqothnccd-lung-cancer-dataset\versions\2\The IQ-OTHNCCD lung cancer dataset\The IQ-OTHNCCD lung cancer dataset\Normal cases\Normal case (236).jpg,Normal case (236).jpg,Normal cases,normal,512,512,RGB,811ee93069dcd1be02c26e1d81c165cf
C:\Users\Usuario\.cache\kagglehub\datasets\adityamahimkar\iqothnccd-lung-cancer-dataset\versions\2\The IQ-OTHNCCD lung cancer dataset\The IQ-OTHNCCD lung cancer dataset\Normal cases\Normal case (237).jpg,Normal case (237).jpg,Normal cases,normal,512,512,RGB,698a6f99fe7c3f05fc60c2aa82a50cfc
C:\Users\Usuario\.cache\kagglehub\datasets\adityamahimkar\iqothnccd-lung-cancer-dataset\versions\2\The IQ-OTHNCCD lung cancer dataset\The IQ-OTHNCCD lung cancer dataset\Normal cases\Normal case (238).jpg,Normal case (238).jpg,Normal cases,normal,512,512,RGB,2b70fdff333044c30f4fcd1f112caddb
C:\Users\Usuario\.cache\kagglehub\datasets\adityamahimkar\iqothnccd-lung-cancer-dataset\versions\2\The IQ-OTHNCCD lung cancer dataset\The IQ-OTHNCCD lung cancer dataset\Normal cases\Normal case (239).jpg,Normal case (239).jpg,Normal cases,normal,512,512,RGB,c31b6c7b46aad974f5217a2004c92af2
C:\Users\Usuario\.cache\kagglehub\datasets\adityamahimkar\iqothnccd-lung-cancer-dataset\versions\2\The IQ-OTHNCCD lung cancer dataset\The IQ-OTHNCCD lung cancer dataset\Normal cases\Normal case (24).jpg,Normal case (24).jpg,Normal cases,normal,512,512,RGB,cc690c160892f79b5be6400bc9c8a159
C:\Users\Usuario\.cache\kagglehub\datasets\adityamahimkar\iqothnccd-lung-cancer-dataset\versions\2\The IQ-OTHNCCD lung cancer dataset\The IQ-OTHNCCD lung cancer dataset\Normal cases\Normal case (240).jpg,Normal case (240).jpg,Normal cases,normal,512,512,RGB,1a12f35b936a4013ca8e08cdb25d4da2
C:\Users\Usuario\.cache\kagglehub\datasets\adityamahimkar\iqothnccd-lung-cancer-dataset\versions\2\The IQ-OTHNCCD lung cancer dataset\The IQ-OTHNCCD lung cancer dataset\Normal cases\Normal case (241).jpg,Normal case (241).jpg,Normal cases,normal,512,512,RGB,c61748a7da7b5cfc16f0f0717443b5b2
C:\Users\Usuario\.cache\kagglehub\datasets\adityamahimkar\iqothnccd-lung-cancer-dataset\versions\2\The IQ-OTHNCCD lung cancer dataset\The IQ-OTHNCCD lung cancer dataset\Normal cases\Normal case (242).jpg,Normal case (242).jpg,Normal cases,normal,512,512,RGB,a2234e0d9874bb9f91fe1e624dafcda6
C:\Users\Usuario\.cache\kagglehub\datasets\adityamahimkar\iqothnccd-lung-cancer-dataset\versions\2\The IQ-OTHNCCD lung cancer dataset\The IQ-OTHNCCD lung cancer dataset\Normal cases\Normal case (243).jpg,Normal case (243).jpg,Normal cases,normal,512,512,RGB,37ce1258c549ffaf9e0e5772aa5cac59
C:\Users\Usuario\.cache\kagglehub\datasets\adityamahimkar\iqothnccd-lung-cancer-dataset\versions\2\The IQ-OTHNCCD lung cancer dataset\The IQ-OTHNCCD lung cancer dataset\Normal cases\Normal case (244).jpg,Normal case (244).jpg,Normal cases,normal,512,512,RGB,5338d62ba261a5648325a27bb442538c
C:\Users\Usuario\.cache\kagglehub\datasets\adityamahimkar\iqothnccd-lung-cancer-dataset\versions\2\The IQ-OTHNCCD lung cancer dataset\The IQ-OTHNCCD lung cancer dataset\Normal cases\Normal case (245).jpg,Normal case (245).jpg,Normal cases,normal,512,512,RGB,113cdd038fce7d89ecdc01b27fa22c9c
C:\Users\Usuario\.cache\kagglehub\datasets\adityamahimkar\iqothnccd-lung-cancer-dataset\versions\2\The IQ-OTHNCCD lung cancer dataset\The IQ-OTHNCCD lung cancer dataset\Normal cases\Normal case (246).jpg,Normal case (246).jpg,Normal cases,normal,512,512,RGB,c211e64c50434ced3bb7d222623ab71a
C:\Users\Usuario\.cache\kagglehub\datasets\adityamahimkar\iqothnccd-lung-cancer-dataset\versions\2\The IQ-OTHNCCD lung cancer dataset\The IQ-OTHNCCD lung cancer dataset\Normal cases\Normal case (247).jpg,Normal case (247).jpg,Normal cases,normal,512,512,RGB,8cf80e59992162e1bc5e0ad448d96f0a
C:\Users\Usuario\.cache\kagglehub\datasets\adityamahimkar\iqothnccd-lung-cancer-dataset\versions\2\The IQ-OTHNCCD lung cancer dataset\The IQ-OTHNCCD lung cancer dataset\Normal cases\Normal case (248).jpg,Normal case (248).jpg,Normal cases,normal,512,512,RGB,446edab214bb9dee550f741d0a9a715b
C:\Users\Usuario\.cache\kagglehub\datasets\adityamahimkar\iqothnccd-lung-cancer-dataset\versions\2\The IQ-OTHNCCD lung cancer dataset\The IQ-OTHNCCD lung cancer dataset\Normal cases\Normal case (249).jpg,Normal case (249).jpg,Normal cases,normal,512,512,RGB,06c7cefbeb9d17bca1bf0be490db486a
C:\Users\Usuario\.cache\kagglehub\datasets\adityamahimkar\iqothnccd-lung-cancer-dataset\versions\2\The IQ-OTHNCCD lung cancer dataset\The IQ-OTHNCCD lung cancer dataset\Normal cases\Normal case (25).jpg,Normal case (25).jpg,Normal cases,normal,512,512,RGB,d9e725b8eaf0815f026c7c151b171f30
C:\Users\Usuario\.cache\kagglehub\datasets\adityamahimkar\iqothnccd-lung-cancer-dataset\versions\2\The IQ-OTHNCCD lung cancer dataset\The IQ-OTHNCCD lung cancer dataset\Normal cases\Normal case (250).jpg,Normal case (250).jpg,Normal cases,normal,512,512,RGB,d56c5933a6901baa49bfb5991a66c943
C:\Users\Usuario\.cache\kagglehub\datasets\adityamahimkar\iqothnccd-lung-cancer-dataset\versions\2\The IQ-OTHNCCD lung cancer dataset\The IQ-OTHNCCD lung cancer dataset\Normal cases\Normal case (251).jpg,Normal case (251).jpg,Normal cases,normal,512,512,RGB,4f4039be1f4d00ee961e45bbc8b823ee
C:\Users\Usuario\.cache\kagglehub\datasets\adityamahimkar\iqothnccd-lung-cancer-dataset\versions\2\The IQ-OTHNCCD lung cancer dataset\The IQ-OTHNCCD lung cancer dataset\Normal cases\Normal case (252).jpg,Normal case (252).jpg,Normal cases,normal,512,512,RGB,cb789b89f40167d0ba7c94b58ac07780
C:\Users\Usuario\.cache\kagglehub\datasets\adityamahimkar\iqothnccd-lung-cancer-dataset\versions\2\The IQ-OTHNCCD lung cancer dataset\The IQ-OTHNCCD lung cancer dataset\Normal cases\Normal case (253).jpg,Normal case (253).jpg,Normal cases,normal,512,512,RGB,c467658a4a205a905a57b6851873fce8
C:\Users\Usuario\.cache\kagglehub\datasets\adityamahimkar\iqothnccd-lung-cancer-dataset\versions\2\The IQ-OTHNCCD lung cancer dataset\The IQ-OTHNCCD lung cancer dataset\Normal cases\Normal case (254).jpg,Normal case (254).jpg,Normal cases,normal,512,512,RGB,a03609783c17aa35984b53ba9d3a99ab
C:\Users\Usuario\.cache\kagglehub\datasets\adityamahimkar\iqothnccd-lung-cancer-dataset\versions\2\The IQ-OTHNCCD lung cancer dataset\The IQ-OTHNCCD lung cancer dataset\Normal cases\Normal case (255).jpg,Normal case (255).jpg,Normal cases,normal,512,512,RGB,23310a1cced9b3cf3d4a4a5dc3dad990
C:\Users\Usuario\.cache\kagglehub\datasets\adityamahimkar\iqothnccd-lung-cancer-dataset\versions\2\The IQ-OTHNCCD lung cancer dataset\The IQ-OTHNCCD lung cancer dataset\Normal cases\Normal case (256).jpg,Normal case (256).jpg,Normal cases,normal,512,512,RGB,ae290d0c45142c34949f8ca5a10294ef
C:\Users\Usuario\.cache\kagglehub\datasets\adityamahimkar\iqothnccd-lung-cancer-dataset\versions\2\The IQ-OTHNCCD lung cancer dataset\The IQ-OTHNCCD lung cancer dataset\Normal cases\Normal case (257).jpg,Normal case (257).jpg,Normal cases,normal,512,512,RGB,4564fd443c1cb5889cffe88df22da030
C:\Users\Usuario\.cache\kagglehub\datasets\adityamahimkar\iqothnccd-lung-cancer-dataset\versions\2\The IQ-OTHNCCD lung cancer dataset\The IQ-OTHNCCD lung cancer dataset\Normal cases\Normal case (258).jpg,Normal case (258).jpg,Normal cases,normal,512,512,RGB,e1ee4eebda4826e4895a17af701dd32f
C:\Users\Usuario\.cache\kagglehub\datasets\adityamahimkar\iqothnccd-lung-cancer-dataset\versions\2\The IQ-OTHNCCD lung cancer dataset\The IQ-OTHNCCD lung cancer dataset\Normal cases\Normal case (259).jpg,Normal case (259).jpg,Normal cases,normal,512,512,RGB,052c502f7da155d1f4451e459b48a011
C:\Users\Usuario\.cache\kagglehub\datasets\adityamahimkar\iqothnccd-lung-cancer-dataset\versions\2\The IQ-OTHNCCD lung cancer dataset\The IQ-OTHNCCD lung cancer dataset\Normal cases\Normal case (26).jpg,Normal case (26).jpg,Normal cases,normal,512,512,RGB,24eb1ecb37b477bdb16bc8740ac82b6f
C:\Users\Usuario\.cache\kagglehub\datasets\adityamahimkar\iqothnccd-lung-cancer-dataset\versions\2\The IQ-OTHNCCD lung cancer dataset\The IQ-OTHNCCD lung cancer dataset\Normal cases\Normal case (260).jpg,Normal case (260).jpg,Normal cases,normal,512,512,RGB,711af0125c18ed8c8fc6c522f6dea6de
C:\Users\Usuario\.cache\kagglehub\datasets\adityamahimkar\iqothnccd-lung-cancer-dataset\versions\2\The IQ-OTHNCCD lung cancer dataset\The IQ-OTHNCCD lung cancer dataset\Normal cases\Normal case (261).jpg,Normal case (261).jpg,Normal cases,normal,512,512,RGB,8e049b066897ac0fc570260075e768fc
C:\Users\Usuario\.cache\kagglehub\datasets\adityamahimkar\iqothnccd-lung-cancer-dataset\versions\2\The IQ-OTHNCCD lung cancer dataset\The IQ-OTHNCCD lung cancer dataset\Normal cases\Normal case (262).jpg,Normal case (262).jpg,Normal cases,normal,512,512,RGB,720771c50ee96b57b975827cf0352889
C:\Users\Usuario\.cache\kagglehub\datasets\adityamahimkar\iqothnccd-lung-cancer-dataset\versions\2\The IQ-OTHNCCD lung cancer dataset\The IQ-OTHNCCD lung cancer dataset\Normal cases\Normal case (263).jpg,Normal case (263).jpg,Normal cases,normal,512,512,RGB,5254e5e877ca9137ae09149fd85cb2a4
C:\Users\Usuario\.cache\kagglehub\datasets\adityamahimkar\iqothnccd-lung-cancer-dataset\versions\2\The IQ-OTHNCCD lung cancer dataset\The IQ-OTHNCCD lung cancer dataset\Normal cases\Normal case (264).jpg,Normal case (264).jpg,Normal cases,normal,512,512,RGB,7014e6ddf9b7ad28e5a135b2f30fe4c5
C:\Users\Usuario\.cache\kagglehub\datasets\adityamahimkar\iqothnccd-lung-cancer-dataset\versions\2\The IQ-OTHNCCD lung cancer dataset\The IQ-OTHNCCD lung cancer dataset\Normal cases\Normal case (265).jpg,Normal case (265).jpg,Normal cases,normal,512,512,RGB,2277f6f896a9624023899bb83e8abdcf
C:\Users\Usuario\.cache\kagglehub\datasets\adityamahimkar\iqothnccd-lung-cancer-dataset\versions\2\The IQ-OTHNCCD lung cancer dataset\The IQ-OTHNCCD lung cancer dataset\Normal cases\Normal case (266).jpg,Normal case (266).jpg,Normal cases,normal,512,512,RGB,28b908affe79b2324898cd87b84ea229
C:\Users\Usuario\.cache\kagglehub\datasets\adityamahimkar\iqothnccd-lung-cancer-dataset\versions\2\The IQ-OTHNCCD lung cancer dataset\The IQ-OTHNCCD lung cancer dataset\Normal cases\Normal case (267).jpg,Normal case (267).jpg,Normal cases,normal,512,512,RGB,efac7f7abfe493152520ccf059bbca5a
C:\Users\Usuario\.cache\kagglehub\datasets\adityamahimkar\iqothnccd-lung-cancer-dataset\versions\2\The IQ-OTHNCCD lung cancer dataset\The IQ-OTHNCCD lung cancer dataset\Normal cases\Normal case (268).jpg,Normal case (268).jpg,Normal cases,normal,512,512,RGB,0f5a6c222a328628f5bc368b812cb539
C:\Users\Usuario\.cache\kagglehub\datasets\adityamahimkar\iqothnccd-lung-cancer-dataset\versions\2\The IQ-OTHNCCD lung cancer dataset\The IQ-OTHNCCD lung cancer dataset\Normal cases\Normal case (269).jpg,Normal case (269).jpg,Normal cases,normal,512,512,RGB,b273d9d3b72aa3973467b29b7f6919f9
C:\Users\Usuario\.cache\kagglehub\datasets\adityamahimkar\iqothnccd-lung-cancer-dataset\versions\2\The IQ-OTHNCCD lung cancer dataset\The IQ-OTHNCCD lung cancer dataset\Normal cases\Normal case (27).jpg,Normal case (27).jpg,Normal cases,normal,512,512,RGB,492c55d0ab269768780b1c2c161b0ffc
C:\Users\Usuario\.cache\kagglehub\datasets\adityamahimkar\iqothnccd-lung-cancer-dataset\versions\2\The IQ-OTHNCCD lung cancer dataset\The IQ-OTHNCCD lung cancer dataset\Normal cases\Normal case (270).jpg,Normal case (270).jpg,Normal cases,normal,512,512,RGB,174acbc7fe74d30f9f13552be5e1ad05
C:\Users\Usuario\.cache\kagglehub\datasets\adityamahimkar\iqothnccd-lung-cancer-dataset\versions\2\The IQ-OTHNCCD lung cancer dataset\The IQ-OTHNCCD lung cancer dataset\Normal cases\Normal case (271).jpg,Normal case (271).jpg,Normal cases,normal,512,512,RGB,71a1e6449072765eb96d428cdc0ec74b
C:\Users\Usuario\.cache\kagglehub\datasets\adityamahimkar\iqothnccd-lung-cancer-dataset\versions\2\The IQ-OTHNCCD lung cancer dataset\The IQ-OTHNCCD lung cancer dataset\Normal cases\Normal case (272).jpg,Normal case (272).jpg,Normal cases,normal,512,512,RGB,f0358f972ad89244a7d7c13780a8f987
C:\Users\Usuario\.cache\kagglehub\datasets\adityamahimkar\iqothnccd-lung-cancer-dataset\versions\2\The IQ-OTHNCCD lung cancer dataset\The IQ-OTHNCCD lung cancer dataset\Normal cases\Normal case (273).jpg,Normal case (273).jpg,Normal cases,normal,512,512,RGB,e68627d063aba51f78b379fb879d556f
C:\Users\Usuario\.cache\kagglehub\datasets\adityamahimkar\iqothnccd-lung-cancer-dataset\versions\2\The IQ-OTHNCCD lung cancer dataset\The IQ-OTHNCCD lung cancer dataset\Normal cases\Normal case (274).jpg,Normal case (274).jpg,Normal cases,normal,512,512,RGB,3b57b61302710a7850114b37cd193863
C:\Users\Usuario\.cache\kagglehub\datasets\adityamahimkar\iqothnccd-lung-cancer-dataset\versions\2\The IQ-OTHNCCD lung cancer dataset\The IQ-OTHNCCD lung cancer dataset\Normal cases\Normal case (275).jpg,Normal case (275).jpg,Normal cases,normal,512,512,RGB,025a632d13d91ee9544205de8a9db7e6
C:\Users\Usuario\.cache\kagglehub\datasets\adityamahimkar\iqothnccd-lung-cancer-dataset\versions\2\The IQ-OTHNCCD lung cancer dataset\The IQ-OTHNCCD lung cancer dataset\Normal cases\Normal case (276).jpg,Normal case (276).jpg,Normal cases,normal,512,512,RGB,e07dc5adfd1363120f57ba3318bf2104
C:\Users\Usuario\.cache\kagglehub\datasets\adityamahimkar\iqothnccd-lung-cancer-dataset\versions\2\The IQ-OTHNCCD lung cancer dataset\The IQ-OTHNCCD lung cancer dataset\Normal cases\Normal case (277).jpg,Normal case (277).jpg,Normal cases,normal,512,512,RGB,6f0e8ccf73d4fb9c15d7c55f236ecfef
C:\Users\Usuario\.cache\kagglehub\datasets\adityamahimkar\iqothnccd-lung-cancer-dataset\versions\2\The IQ-OTHNCCD lung cancer dataset\The IQ-OTHNCCD lung cancer dataset\Normal cases\Normal case (278).jpg,Normal case (278).jpg,Normal cases,normal,512,512,RGB,ca48b3330f19462186ef1b9bdc83f023
C:\Users\Usuario\.cache\kagglehub\datasets\adityamahimkar\iqothnccd-lung-cancer-dataset\versions\2\The IQ-OTHNCCD lung cancer dataset\The IQ-OTHNCCD lung cancer dataset\Normal cases\Normal case (279).jpg,Normal case (279).jpg,Normal cases,normal,512,512,RGB,0a97be58244d670ea5670df2e5c5f059
C:\Users\Usuario\.cache\kagglehub\datasets\adityamahimkar\iqothnccd-lung-cancer-dataset\versions\2\The IQ-OTHNCCD lung cancer dataset\The IQ-OTHNCCD lung cancer dataset\Normal cases\Normal case (28).jpg,Normal case (28).jpg,Normal cases,normal,512,512,RGB,040c3ffb8c6d577e955b8f1d897cf0a7
C:\Users\Usuario\.cache\kagglehub\datasets\adityamahimkar\iqothnccd-lung-cancer-dataset\versions\2\The IQ-OTHNCCD lung cancer dataset\The IQ-OTHNCCD lung cancer dataset\Normal cases\Normal case (280).jpg,Normal case (280).jpg,Normal cases,normal,512,512,RGB,bd1b55cf6c6dc475359f0b76d3f66bc9
C:\Users\Usuario\.cache\kagglehub\datasets\adityamahimkar\iqothnccd-lung-cancer-dataset\versions\2\The IQ-OTHNCCD lung cancer dataset\The IQ-OTHNCCD lung cancer dataset\Normal cases\Normal case (281).jpg,Normal case (281).jpg,Normal cases,normal,512,512,RGB,0210d91e0da5380500d9b123cd3fbf77
C:\Users\Usuario\.cache\kagglehub\datasets\adityamahimkar\iqothnccd-lung-cancer-dataset\versions\2\The IQ-OTHNCCD lung cancer dataset\The IQ-OTHNCCD lung cancer dataset\Normal cases\Normal case (282).jpg,Normal case (282).jpg,Normal cases,normal,512,512,RGB,8fe87e7a63663af339c74392db245dc8
C:\Users\Usuario\.cache\kagglehub\datasets\adityamahimkar\iqothnccd-lung-cancer-dataset\versions\2\The IQ-OTHNCCD lung cancer dataset\The IQ-OTHNCCD lung cancer dataset\Normal cases\Normal case (283).jpg,Normal case (283).jpg,Normal cases,normal,512,512,RGB,53f6746e78589d6bb7509a15aec988cc
C:\Users\Usuario\.cache\kagglehub\datasets\adityamahimkar\iqothnccd-lung-cancer-dataset\versions\2\The IQ-OTHNCCD lung cancer dataset\The IQ-OTHNCCD lung cancer dataset\Normal cases\Normal case (284).jpg,Normal case (284).jpg,Normal cases,normal,512,512,RGB,789f5bad474eaf20fb209f9ffc7b3692
C:\Users\Usuario\.cache\kagglehub\datasets\adityamahimkar\iqothnccd-lung-cancer-dataset\versions\2\The IQ-OTHNCCD lung cancer dataset\The IQ-OTHNCCD lung cancer dataset\Normal cases\Normal case (285).jpg,Normal case (285).jpg,Normal cases,normal,512,512,RGB,e8c658fdd0fc65bede4972a6796d4780
C:\Users\Usuario\.cache\kagglehub\datasets\adityamahimkar\iqothnccd-lung-cancer-dataset\versions\2\The IQ-OTHNCCD lung cancer dataset\The IQ-OTHNCCD lung cancer dataset\Normal cases\Normal case (286).jpg,Normal case (286).jpg,Normal cases,normal,512,512,RGB,ca35f749697fcbac3777df4ca163354d
C:\Users\Usuario\.cache\kagglehub\datasets\adityamahimkar\iqothnccd-lung-cancer-dataset\versions\2\The IQ-OTHNCCD lung cancer dataset\The IQ-OTHNCCD lung cancer dataset\Normal cases\Normal case (287).jpg,Normal case (287).jpg,Normal cases,normal,512,512,RGB,09134a56933fbb998a0cf7a0574732c7
C:\Users\Usuario\.cache\kagglehub\datasets\adityamahimkar\iqothnccd-lung-cancer-dataset\versions\2\The IQ-OTHNCCD lung cancer dataset\The IQ-OTHNCCD lung cancer dataset\Normal cases\Normal case (288).jpg,Normal case (288).jpg,Normal cases,normal,512,512,RGB,fca2818886771104c9d4ad831ea02ef3
C:\Users\Usuario\.cache\kagglehub\datasets\adityamahimkar\iqothnccd-lung-cancer-dataset\versions\2\The IQ-OTHNCCD lung cancer dataset\The IQ-OTHNCCD lung cancer dataset\Normal cases\Normal case (289).jpg,Normal case (289).jpg,Normal cases,normal,512,512,RGB,53c7e7b5b55c585ab436fd64a36c695f
C:\Users\Usuario\.cache\kagglehub\datasets\adityamahimkar\iqothnccd-lung-cancer-dataset\versions\2\The IQ-OTHNCCD lung cancer dataset\The IQ-OTHNCCD lung cancer dataset\Normal cases\Normal case (29).jpg,Normal case (29).jpg,Normal cases,normal,512,512,RGB,bb28231ae5a8fdc18777f1cfa6a1eeaf
C:\Users\Usuario\.cache\kagglehub\datasets\adityamahimkar\iqothnccd-lung-cancer-dataset\versions\2\The IQ-OTHNCCD lung cancer dataset\The IQ-OTHNCCD lung cancer dataset\Normal cases\Normal case (290).jpg,Normal case (290).jpg,Normal cases,normal,512,512,RGB,01a28a5f3689abfe420568788b368365
C:\Users\Usuario\.cache\kagglehub\datasets\adityamahimkar\iqothnccd-lung-cancer-dataset\versions\2\The IQ-OTHNCCD lung cancer dataset\The IQ-OTHNCCD lung cancer dataset\Normal cases\Normal case (291).jpg,Normal case (291).jpg,Normal cases,normal,512,512,RGB,6661924998222244da54e7632ca54b73
C:\Users\Usuario\.cache\kagglehub\datasets\adityamahimkar\iqothnccd-lung-cancer-dataset\versions\2\The IQ-OTHNCCD lung cancer dataset\The IQ-OTHNCCD lung cancer dataset\Normal cases\Normal case (292).jpg,Normal case (292).jpg,Normal cases,normal,512,512,RGB,2d9ab7ebadf8cf58b9ac25be3144daba
C:\Users\Usuario\.cache\kagglehub\datasets\adityamahimkar\iqothnccd-lung-cancer-dataset\versions\2\The IQ-OTHNCCD lung cancer dataset\The IQ-OTHNCCD lung cancer dataset\Normal cases\Normal case (293).jpg,Normal case (293).jpg,Normal cases,normal,512,512,RGB,faf102cbb78dcac1d3cbb18beaf5e4bb
C:\Users\Usuario\.cache\kagglehub\datasets\adityamahimkar\iqothnccd-lung-cancer-dataset\versions\2\The IQ-OTHNCCD lung cancer dataset\The IQ-OTHNCCD lung cancer dataset\Normal cases\Normal case (294).jpg,Normal case (294).jpg,Normal cases,normal,512,512,RGB,74099ddfa9e48f52e723acea2264ce05
C:\Users\Usuario\.cache\kagglehub\datasets\adityamahimkar\iqothnccd-lung-cancer-dataset\versions\2\The IQ-OTHNCCD lung cancer dataset\The IQ-OTHNCCD lung cancer dataset\Normal cases\Normal case (295).jpg,Normal case (295).jpg,Normal cases,normal,512,512,RGB,c74b058e9d695c99107fb5140125f63c
C:\Users\Usuario\.cache\kagglehub\datasets\adityamahimkar\iqothnccd-lung-cancer-dataset\versions\2\The IQ-OTHNCCD lung cancer dataset\The IQ-OTHNCCD lung cancer dataset\Normal cases\Normal case (296).jpg,Normal case (296).jpg,Normal cases,normal,512,512,RGB,6e27a9503a6a49c23d9b415ed922c5b9
C:\Users\Usuario\.cache\kagglehub\datasets\adityamahimkar\iqothnccd-lung-cancer-dataset\versions\2\The IQ-OTHNCCD lung cancer dataset\The IQ-OTHNCCD lung cancer dataset\Normal cases\Normal case (297).jpg,Normal case (297).jpg,Normal cases,normal,512,512,RGB,429ce64b60889d2e93443b319657f860
C:\Users\Usuario\.cache\kagglehub\datasets\adityamahimkar\iqothnccd-lung-cancer-dataset\versions\2\The IQ-OTHNCCD lung cancer dataset\The IQ-OTHNCCD lung cancer dataset\Normal cases\Normal case (298).jpg,Normal case (298).jpg,Normal cases,normal,512,512,RGB,9bfc32d291fa465aad1a6c6e0235bcba
C:\Users\Usuario\.cache\kagglehub\datasets\adityamahimkar\iqothnccd-lung-cancer-dataset\versions\2\The IQ-OTHNCCD lung cancer dataset\The IQ-OTHNCCD lung cancer dataset\Normal cases\Normal case (299).jpg,Normal case (299).jpg,Normal cases,normal,512,512,RGB,57d12e841a0723f6652362e95797c14c
C:\Users\Usuario\.cache\kagglehub\datasets\adityamahimkar\iqothnccd-lung-cancer-dataset\versions\2\The IQ-OTHNCCD lung cancer dataset\The IQ-OTHNCCD lung cancer dataset\Normal cases\Normal case (3).jpg,Normal case (3).jpg,Normal cases,normal,512,512,RGB,38c65566a2b2a3bc00811d7f1dbb409d
C:\Users\Usuario\.cache\kagglehub\datasets\adityamahimkar\iqothnccd-lung-cancer-dataset\versions\2\The IQ-OTHNCCD lung cancer dataset\The IQ-OTHNCCD lung cancer dataset\Normal cases\Normal case (30).jpg,Normal case (30).jpg,Normal cases,normal,512,512,RGB,18f1aab5e780adde83a3bb3a2c26880f
C:\Users\Usuario\.cache\kagglehub\datasets\adityamahimkar\iqothnccd-lung-cancer-dataset\versions\2\The IQ-OTHNCCD lung cancer dataset\The IQ-OTHNCCD lung cancer dataset\Normal cases\Normal case (300).jpg,Normal case (300).jpg,Normal cases,normal,512,512,RGB,65553555cc05f6decfad306745008e16
C:\Users\Usuario\.cache\kagglehub\datasets\adityamahimkar\iqothnccd-lung-cancer-dataset\versions\2\The IQ-OTHNCCD lung cancer dataset\The IQ-OTHNCCD lung cancer dataset\Normal cases\Normal case (301).jpg,Normal case (301).jpg,Normal cases,normal,512,512,RGB,baf4ec74ec73cc079bf22b86602b2e5f
C:\Users\Usuario\.cache\kagglehub\datasets\adityamahimkar\iqothnccd-lung-cancer-dataset\versions\2\The IQ-OTHNCCD lung cancer dataset\The IQ-OTHNCCD lung cancer dataset\Normal cases\Normal case (302).jpg,Normal case (302).jpg,Normal cases,normal,512,512,RGB,c0d28fdcc8f4f91d5b6d49f67e56cc76
C:\Users\Usuario\.cache\kagglehub\datasets\adityamahimkar\iqothnccd-lung-cancer-dataset\versions\2\The IQ-OTHNCCD lung cancer dataset\The IQ-OTHNCCD lung cancer dataset\Normal cases\Normal case (303).jpg,Normal case (303).jpg,Normal cases,normal,512,512,RGB,2940bdf34941653a3af1c0e9681b4afd
C:\Users\Usuario\.cache\kagglehub\datasets\adityamahimkar\iqothnccd-lung-cancer-dataset\versions\2\The IQ-OTHNCCD lung cancer dataset\The IQ-OTHNCCD lung cancer dataset\Normal cases\Normal case (304).jpg,Normal case (304).jpg,Normal cases,normal,512,512,RGB,93de4fdb1df9f4a1d833de8633a83a2c
C:\Users\Usuario\.cache\kagglehub\datasets\adityamahimkar\iqothnccd-lung-cancer-dataset\versions\2\The IQ-OTHNCCD lung cancer dataset\The IQ-OTHNCCD lung cancer dataset\Normal cases\Normal case (305).jpg,Normal case (305).jpg,Normal cases,normal,512,512,RGB,c80670dd64b0a60f49475dbc6d0923d7
C:\Users\Usuario\.cache\kagglehub\datasets\adityamahimkar\iqothnccd-lung-cancer-dataset\versions\2\The IQ-OTHNCCD lung cancer dataset\The IQ-OTHNCCD lung cancer dataset\Normal cases\Normal case (306).jpg,Normal case (306).jpg,Normal cases,normal,512,512,RGB,3ce04cff664110d26b72a762e03da339
C:\Users\Usuario\.cache\kagglehub\datasets\adityamahimkar\iqothnccd-lung-cancer-dataset\versions\2\The IQ-OTHNCCD lung cancer dataset\The IQ-OTHNCCD lung cancer dataset\Normal cases\Normal case (307).jpg,Normal case (307).jpg,Normal cases,normal,512,512,RGB,126dc5e615973ae54fee21996ee199dc
C:\Users\Usuario\.cache\kagglehub\datasets\adityamahimkar\iqothnccd-lung-cancer-dataset\versions\2\The IQ-OTHNCCD lung cancer dataset\The IQ-OTHNCCD lung cancer dataset\Normal cases\Normal case (308).jpg,Normal case (308).jpg,Normal cases,normal,512,512,RGB,ace5f602daacc74ddc10df9ab1a1824a
C:\Users\Usuario\.cache\kagglehub\datasets\adityamahimkar\iqothnccd-lung-cancer-dataset\versions\2\The IQ-OTHNCCD lung cancer dataset\The IQ-OTHNCCD lung cancer dataset\Normal cases\Normal case (309).jpg,Normal case (309).jpg,Normal cases,normal,512,512,RGB,e0f66fbdd845103ea4f51d7849357e25
C:\Users\Usuario\.cache\kagglehub\datasets\adityamahimkar\iqothnccd-lung-cancer-dataset\versions\2\The IQ-OTHNCCD lung cancer dataset\The IQ-OTHNCCD lung cancer dataset\Normal cases\Normal case (31).jpg,Normal case (31).jpg,Normal cases,normal,512,512,RGB,d79c4ba01dcdc699edb4fd263dccca0f
C:\Users\Usuario\.cache\kagglehub\datasets\adityamahimkar\iqothnccd-lung-cancer-dataset\versions\2\The IQ-OTHNCCD lung cancer dataset\The IQ-OTHNCCD lung cancer dataset\Normal cases\Normal case (310).jpg,Normal case (310).jpg,Normal cases,normal,512,512,RGB,650124f6826e3719b4667b4fe345d910
C:\Users\Usuario\.cache\kagglehub\datasets\adityamahimkar\iqothnccd-lung-cancer-dataset\versions\2\The IQ-OTHNCCD lung cancer dataset\The IQ-OTHNCCD lung cancer dataset\Normal cases\Normal case (311).jpg,Normal case (311).jpg,Normal cases,normal,512,512,RGB,63e9d316a8fa5c19bfc8da98179ec1f9
C:\Users\Usuario\.cache\kagglehub\datasets\adityamahimkar\iqothnccd-lung-cancer-dataset\versions\2\The IQ-OTHNCCD lung cancer dataset\The IQ-OTHNCCD lung cancer dataset\Normal cases\Normal case (312).jpg,Normal case (312).jpg,Normal cases,normal,512,512,RGB,c186390e29a4270f07d0f448666af08d
C:\Users\Usuario\.cache\kagglehub\datasets\adityamahimkar\iqothnccd-lung-cancer-dataset\versions\2\The IQ-OTHNCCD lung cancer dataset\The IQ-OTHNCCD lung cancer dataset\Normal cases\Normal case (313).jpg,Normal case (313).jpg,Normal cases,normal,512,512,RGB,b5002d98893c3fec9767b6725a885d93
C:\Users\Usuario\.cache\kagglehub\datasets\adityamahimkar\iqothnccd-lung-cancer-dataset\versions\2\The IQ-OTHNCCD lung cancer dataset\The IQ-OTHNCCD lung cancer dataset\Normal cases\Normal case (314).jpg,Normal case (314).jpg,Normal cases,normal,512,512,RGB,ef904b22411ac4c691cdecd48002a6ef
C:\Users\Usuario\.cache\kagglehub\datasets\adityamahimkar\iqothnccd-lung-cancer-dataset\versions\2\The IQ-OTHNCCD lung cancer dataset\The IQ-OTHNCCD lung cancer dataset\Normal cases\Normal case (315).jpg,Normal case (315).jpg,Normal cases,normal,512,512,RGB,511e557d5e434158e45b00a02490c760
C:\Users\Usuario\.cache\kagglehub\datasets\adityamahimkar\iqothnccd-lung-cancer-dataset\versions\2\The IQ-OTHNCCD lung cancer dataset\The IQ-OTHNCCD lung cancer dataset\Normal cases\Normal case (316).jpg,Normal case (316).jpg,Normal cases,normal,512,512,RGB,2e06f6e11092c24a7f3bf7894dd8cdc9
C:\Users\Usuario\.cache\kagglehub\datasets\adityamahimkar\iqothnccd-lung-cancer-dataset\versions\2\The IQ-OTHNCCD lung cancer dataset\The IQ-OTHNCCD lung cancer dataset\Normal cases\Normal case (317).jpg,Normal case (317).jpg,Normal cases,normal,512,512,RGB,e850a4275dc4756da448b7616c219df9
C:\Users\Usuario\.cache\kagglehub\datasets\adityamahimkar\iqothnccd-lung-cancer-dataset\versions\2\The IQ-OTHNCCD lung cancer dataset\The IQ-OTHNCCD lung cancer dataset\Normal cases\Normal case (318).jpg,Normal case (318).jpg,Normal cases,normal,512,512,RGB,85d9b23d96eeb99d88b2b87b968870ad
C:\Users\Usuario\.cache\kagglehub\datasets\adityamahimkar\iqothnccd-lung-cancer-dataset\versions\2\The IQ-OTHNCCD lung cancer dataset\The IQ-OTHNCCD lung cancer dataset\Normal cases\Normal case (319).jpg,Normal case (319).jpg,Normal cases,normal,512,512,RGB,cf6f9cb3754f17bec8efa89402a56590
C:\Users\Usuario\.cache\kagglehub\datasets\adityamahimkar\iqothnccd-lung-cancer-dataset\versions\2\The IQ-OTHNCCD lung cancer dataset\The IQ-OTHNCCD lung cancer dataset\Normal cases\Normal case (32).jpg,Normal case (32).jpg,Normal cases,normal,512,512,RGB,b4d9ba835ae0cf910be46cce875396e4
C:\Users\Usuario\.cache\kagglehub\datasets\adityamahimkar\iqothnccd-lung-cancer-dataset\versions\2\The IQ-OTHNCCD lung cancer dataset\The IQ-OTHNCCD lung cancer dataset\Normal cases\Normal case (320).jpg,Normal case (320).jpg,Normal cases,normal,512,512,RGB,630bd7c7d5b4dda8a3fd6575992d029d
C:\Users\Usuario\.cache\kagglehub\datasets\adityamahimkar\iqothnccd-lung-cancer-dataset\versions\2\The IQ-OTHNCCD lung cancer dataset\The IQ-OTHNCCD lung cancer dataset\Normal cases\Normal case (321).jpg,Normal case (321).jpg,Normal cases,normal,512,512,RGB,464e3d22f96e43a74447ed24982441e9
C:\Users\Usuario\.cache\kagglehub\datasets\adityamahimkar\iqothnccd-lung-cancer-dataset\versions\2\The IQ-OTHNCCD lung cancer dataset\The IQ-OTHNCCD lung cancer dataset\Normal cases\Normal case (322).jpg,Normal case (322).jpg,Normal cases,normal,512,512,RGB,43fc16dcaf6693775e1f96e1dbe410c5
C:\Users\Usuario\.cache\kagglehub\datasets\adityamahimkar\iqothnccd-lung-cancer-dataset\versions\2\The IQ-OTHNCCD lung cancer dataset\The IQ-OTHNCCD lung cancer dataset\Normal cases\Normal case (323).jpg,Normal case (323).jpg,Normal cases,normal,512,512,RGB,4a78d0198a02d04048deeda24f80fcb1
C:\Users\Usuario\.cache\kagglehub\datasets\adityamahimkar\iqothnccd-lung-cancer-dataset\versions\2\The IQ-OTHNCCD lung cancer dataset\The IQ-OTHNCCD lung cancer dataset\Normal cases\Normal case (324).jpg,Normal case (324).jpg,Normal cases,normal,512,512,RGB,370f5f6b7dc0b5ebc69121509065181f
C:\Users\Usuario\.cache\kagglehub\datasets\adityamahimkar\iqothnccd-lung-cancer-dataset\versions\2\The IQ-OTHNCCD lung cancer dataset\The IQ-OTHNCCD lung cancer dataset\Normal cases\Normal case (325).jpg,Normal case (325).jpg,Normal cases,normal,512,512,RGB,e864b88b19485dc190d1335002267df1
C:\Users\Usuario\.cache\kagglehub\datasets\adityamahimkar\iqothnccd-lung-cancer-dataset\versions\2\The IQ-OTHNCCD lung cancer dataset\The IQ-OTHNCCD lung cancer dataset\Normal cases\Normal case (326).jpg,Normal case (326).jpg,Normal cases,normal,512,512,RGB,da905f1db020289e4b2956891cd1aca4
C:\Users\Usuario\.cache\kagglehub\datasets\adityamahimkar\iqothnccd-lung-cancer-dataset\versions\2\The IQ-OTHNCCD lung cancer dataset\The IQ-OTHNCCD lung cancer dataset\Normal cases\Normal case (327).jpg,Normal case (327).jpg,Normal cases,normal,512,512,RGB,a3d78ee1fc967772abe2cb1bb09b42fa
C:\Users\Usuario\.cache\kagglehub\datasets\adityamahimkar\iqothnccd-lung-cancer-dataset\versions\2\The IQ-OTHNCCD lung cancer dataset\The IQ-OTHNCCD lung cancer dataset\Normal cases\Normal case (328).jpg,Normal case (328).jpg,Normal cases,normal,512,512,RGB,bb4ca0fcef0018ec3c8b63228a7ea99c
C:\Users\Usuario\.cache\kagglehub\datasets\adityamahimkar\iqothnccd-lung-cancer-dataset\versions\2\The IQ-OTHNCCD lung cancer dataset\The IQ-OTHNCCD lung cancer dataset\Normal cases\Normal case (329).jpg,Normal case (329).jpg,Normal cases,normal,512,512,RGB,cce23a8c382809b6851cbd4813b8ddc5
C:\Users\Usuario\.cache\kagglehub\datasets\adityamahimkar\iqothnccd-lung-cancer-dataset\versions\2\The IQ-OTHNCCD lung cancer dataset\The IQ-OTHNCCD lung cancer dataset\Normal cases\Normal case (33).jpg,Normal case (33).jpg,Normal cases,normal,512,512,RGB,b96c08589563f388130b4bc5083dcd3d
C:\Users\Usuario\.cache\kagglehub\datasets\adityamahimkar\iqothnccd-lung-cancer-dataset\versions\2\The IQ-OTHNCCD lung cancer dataset\The IQ-OTHNCCD lung cancer dataset\Normal cases\Normal case (330).jpg,Normal case (330).jpg,Normal cases,normal,512,512,RGB,983e37ce1d40f4260afd5a5690cf05e9
C:\Users\Usuario\.cache\kagglehub\datasets\adityamahimkar\iqothnccd-lung-cancer-dataset\versions\2\The IQ-OTHNCCD lung cancer dataset\The IQ-OTHNCCD lung cancer dataset\Normal cases\Normal case (331).jpg,Normal case (331).jpg,Normal cases,normal,512,512,RGB,9aa7b52d07365c36cbb1b9a7f2740341
C:\Users\Usuario\.cache\kagglehub\datasets\adityamahimkar\iqothnccd-lung-cancer-dataset\versions\2\The IQ-OTHNCCD lung cancer dataset\The IQ-OTHNCCD lung cancer dataset\Normal cases\Normal case (332).jpg,Normal case (332).jpg,Normal cases,normal,512,512,RGB,c718f78f06a8b8faef2030b3f8ea4dbb
C:\Users\Usuario\.cache\kagglehub\datasets\adityamahimkar\iqothnccd-lung-cancer-dataset\versions\2\The IQ-OTHNCCD lung cancer dataset\The IQ-OTHNCCD lung cancer dataset\Normal cases\Normal case (333).jpg,Normal case (333).jpg,Normal cases,normal,512,512,RGB,73aa71a87a66fad34ee702eb54eccc9c
C:\Users\Usuario\.cache\kagglehub\datasets\adityamahimkar\iqothnccd-lung-cancer-dataset\versions\2\The IQ-OTHNCCD lung cancer dataset\The IQ-OTHNCCD lung cancer dataset\Normal cases\Normal case (334).jpg,Normal case (334).jpg,Normal cases,normal,512,512,RGB,c4151e82dba8de6b2208ae761908644e
C:\Users\Usuario\.cache\kagglehub\datasets\adityamahimkar\iqothnccd-lung-cancer-dataset\versions\2\The IQ-OTHNCCD lung cancer dataset\The IQ-OTHNCCD lung cancer dataset\Normal cases\Normal case (335).jpg,Normal case (335).jpg,Normal cases,normal,512,512,RGB,121fd36eb038c609d250551e798fd022
C:\Users\Usuario\.cache\kagglehub\datasets\adityamahimkar\iqothnccd-lung-cancer-dataset\versions\2\The IQ-OTHNCCD lung cancer dataset\The IQ-OTHNCCD lung cancer dataset\Normal cases\Normal case (336).jpg,Normal case (336).jpg,Normal cases,normal,512,512,RGB,f375d9542e17eda1edf2836dc58b37a2
C:\Users\Usuario\.cache\kagglehub\datasets\adityamahimkar\iqothnccd-lung-cancer-dataset\versions\2\The IQ-OTHNCCD lung cancer dataset\The IQ-OTHNCCD lung cancer dataset\Normal cases\Normal case (337).jpg,Normal case (337).jpg,Normal cases,normal,512,512,RGB,177ba6722fb0514ed150f2fcd083dd7d
C:\Users\Usuario\.cache\kagglehub\datasets\adityamahimkar\iqothnccd-lung-cancer-dataset\versions\2\The IQ-OTHNCCD lung cancer dataset\The IQ-OTHNCCD lung cancer dataset\Normal cases\Normal case (338).jpg,Normal case (338).jpg,Normal cases,normal,512,512,RGB,82f22ab855dbe3b099d1591fe6f74043
C:\Users\Usuario\.cache\kagglehub\datasets\adityamahimkar\iqothnccd-lung-cancer-dataset\versions\2\The IQ-OTHNCCD lung cancer dataset\The IQ-OTHNCCD lung cancer dataset\Normal cases\Normal case (339).jpg,Normal case (339).jpg,Normal cases,normal,512,512,RGB,bfc0c88a433fc6ab9e7846565ef82f9c
C:\Users\Usuario\.cache\kagglehub\datasets\adityamahimkar\iqothnccd-lung-cancer-dataset\versions\2\The IQ-OTHNCCD lung cancer dataset\The IQ-OTHNCCD lung cancer dataset\Normal cases\Normal case (34).jpg,Normal case (34).jpg,Normal cases,normal,512,512,RGB,968711fcbab37f0e3e5512f61eeb9900
C:\Users\Usuario\.cache\kagglehub\datasets\adityamahimkar\iqothnccd-lung-cancer-dataset\versions\2\The IQ-OTHNCCD lung cancer dataset\The IQ-OTHNCCD lung cancer dataset\Normal cases\Normal case (340).jpg,Normal case (340).jpg,Normal cases,normal,512,512,RGB,d4cdcbb7f392dfb237263830dc06c4c8
C:\Users\Usuario\.cache\kagglehub\datasets\adityamahimkar\iqothnccd-lung-cancer-dataset\versions\2\The IQ-OTHNCCD lung cancer dataset\The IQ-OTHNCCD lung cancer dataset\Normal cases\Normal case (341).jpg,Normal case (341).jpg,Normal cases,normal,512,512,RGB,fb365d348d77fdc9c61d33d8d97fd711
C:\Users\Usuario\.cache\kagglehub\datasets\adityamahimkar\iqothnccd-lung-cancer-dataset\versions\2\The IQ-OTHNCCD lung cancer dataset\The IQ-OTHNCCD lung cancer dataset\Normal cases\Normal case (342).jpg,Normal case (342).jpg,Normal cases,normal,512,512,RGB,4eb9b026d1cb7a430f540968eaaf3458
C:\Users\Usuario\.cache\kagglehub\datasets\adityamahimkar\iqothnccd-lung-cancer-dataset\versions\2\The IQ-OTHNCCD lung cancer dataset\The IQ-OTHNCCD lung cancer dataset\Normal cases\Normal case (343).jpg,Normal case (343).jpg,Normal cases,normal,512,512,RGB,51c56a7d4aaf424ba96aedc6802df21a
C:\Users\Usuario\.cache\kagglehub\datasets\adityamahimkar\iqothnccd-lung-cancer-dataset\versions\2\The IQ-OTHNCCD lung cancer dataset\The IQ-OTHNCCD lung cancer dataset\Normal cases\Normal case (344).jpg,Normal case (344).jpg,Normal cases,normal,506,331,RGB,c7ad592f1cedd236c5845b2fa56387e2
C:\Users\Usuario\.cache\kagglehub\datasets\adityamahimkar\iqothnccd-lung-cancer-dataset\versions\2\The IQ-OTHNCCD lung cancer dataset\The IQ-OTHNCCD lung cancer dataset\Normal cases\Normal case (345).jpg,Normal case (345).jpg,Normal cases,normal,512,512,RGB,11496bd0e1c40d6b212d77ba10f119ba
C:\Users\Usuario\.cache\kagglehub\datasets\adityamahimkar\iqothnccd-lung-cancer-dataset\versions\2\The IQ-OTHNCCD lung cancer dataset\The IQ-OTHNCCD lung cancer dataset\Normal cases\Normal case (346).jpg,Normal case (346).jpg,Normal cases,normal,512,512,RGB,f995d0611efc2b0b499882581c1198d0
C:\Users\Usuario\.cache\kagglehub\datasets\adityamahimkar\iqothnccd-lung-cancer-dataset\versions\2\The IQ-OTHNCCD lung cancer dataset\The IQ-OTHNCCD lung cancer dataset\Normal cases\Normal case (347).jpg,Normal case (347).jpg,Normal cases,normal,512,512,RGB,5d7e02e70f55f0316e428990a104b819
C:\Users\Usuario\.cache\kagglehub\datasets\adityamahimkar\iqothnccd-lung-cancer-dataset\versions\2\The IQ-OTHNCCD lung cancer dataset\The IQ-OTHNCCD lung cancer dataset\Normal cases\Normal case (348).jpg,Normal case (348).jpg,Normal cases,normal,512,512,RGB,5bc51fb05a3641de737e3cd66c07a9f6
C:\Users\Usuario\.cache\kagglehub\datasets\adityamahimkar\iqothnccd-lung-cancer-dataset\versions\2\The IQ-OTHNCCD lung cancer dataset\The IQ-OTHNCCD lung cancer dataset\Normal cases\Normal case (349).jpg,Normal case (349).jpg,Normal cases,normal,512,512,RGB,20edb881c29bd2680e0db3d42bf56e52
C:\Users\Usuario\.cache\kagglehub\datasets\adityamahimkar\iqothnccd-lung-cancer-dataset\versions\2\The IQ-OTHNCCD lung cancer dataset\The IQ-OTHNCCD lung cancer dataset\Normal cases\Normal case (35).jpg,Normal case (35).jpg,Normal cases,normal,512,512,RGB,659bc85518c5091c65c318006d6ae76a
C:\Users\Usuario\.cache\kagglehub\datasets\adityamahimkar\iqothnccd-lung-cancer-dataset\versions\2\The IQ-OTHNCCD lung cancer dataset\The IQ-OTHNCCD lung cancer dataset\Normal cases\Normal case (350).jpg,Normal case (350).jpg,Normal cases,normal,512,512,RGB,418cff4f8fe90157e562cf9fbb48351d
C:\Users\Usuario\.cache\kagglehub\datasets\adityamahimkar\iqothnccd-lung-cancer-dataset\versions\2\The IQ-OTHNCCD lung cancer dataset\The IQ-OTHNCCD lung cancer dataset\Normal cases\Normal case (351).jpg,Normal case (351).jpg,Normal cases,normal,512,512,RGB,7cebc1c3bd165b60b1f176b27eb3d820
C:\Users\Usuario\.cache\kagglehub\datasets\adityamahimkar\iqothnccd-lung-cancer-dataset\versions\2\The IQ-OTHNCCD lung cancer dataset\The IQ-OTHNCCD lung cancer dataset\Normal cases\Normal case (352).jpg,Normal case (352).jpg,Normal cases,normal,512,512,RGB,cb267df06a9835e40378d9b074096088
C:\Users\Usuario\.cache\kagglehub\datasets\adityamahimkar\iqothnccd-lung-cancer-dataset\versions\2\The IQ-OTHNCCD lung cancer dataset\The IQ-OTHNCCD lung cancer dataset\Normal cases\Normal case (353).jpg,Normal case (353).jpg,Normal cases,normal,512,512,RGB,9d22c8725cfa0a20cede86717474a218
C:\Users\Usuario\.cache\kagglehub\datasets\adityamahimkar\iqothnccd-lung-cancer-dataset\versions\2\The IQ-OTHNCCD lung cancer dataset\The IQ-OTHNCCD lung cancer dataset\Normal cases\Normal case (354).jpg,Normal case (354).jpg,Normal cases,normal,512,512,RGB,754118d1f7932c9b5487d3b795c3c0b5
C:\Users\Usuario\.cache\kagglehub\datasets\adityamahimkar\iqothnccd-lung-cancer-dataset\versions\2\The IQ-OTHNCCD lung cancer dataset\The IQ-OTHNCCD lung cancer dataset\Normal cases\Normal case (355).jpg,Normal case (355).jpg,Normal cases,normal,512,512,RGB,3b28edeb5d44faf1adc718e42f6a3c9f
C:\Users\Usuario\.cache\kagglehub\datasets\adityamahimkar\iqothnccd-lung-cancer-dataset\versions\2\The IQ-OTHNCCD lung cancer dataset\The IQ-OTHNCCD lung cancer dataset\Normal cases\Normal case (356).jpg,Normal case (356).jpg,Normal cases,normal,512,512,RGB,250b3f57cc93fbe26a93061e34e97a9d
C:\Users\Usuario\.cache\kagglehub\datasets\adityamahimkar\iqothnccd-lung-cancer-dataset\versions\2\The IQ-OTHNCCD lung cancer dataset\The IQ-OTHNCCD lung cancer dataset\Normal cases\Normal case (357).jpg,Normal case (357).jpg,Normal cases,normal,512,512,RGB,1281fb23e9f0711ee755485fd55e465b
C:\Users\Usuario\.cache\kagglehub\datasets\adityamahimkar\iqothnccd-lung-cancer-dataset\versions\2\The IQ-OTHNCCD lung cancer dataset\The IQ-OTHNCCD lung cancer dataset\Normal cases\Normal case (358).jpg,Normal case (358).jpg,Normal cases,normal,512,512,RGB,2382370293009fe04a067e1a1ea90575
C:\Users\Usuario\.cache\kagglehub\datasets\adityamahimkar\iqothnccd-lung-cancer-dataset\versions\2\The IQ-OTHNCCD lung cancer dataset\The IQ-OTHNCCD lung cancer dataset\Normal cases\Normal case (359).jpg,Normal case (359).jpg,Normal cases,normal,512,512,RGB,098ce972cce82f46a5946632be1cb6e4
C:\Users\Usuario\.cache\kagglehub\datasets\adityamahimkar\iqothnccd-lung-cancer-dataset\versions\2\The IQ-OTHNCCD lung cancer dataset\The IQ-OTHNCCD lung cancer dataset\Normal cases\Normal case (36).jpg,Normal case (36).jpg,Normal cases,normal,512,512,RGB,ee149b861da4b742d6a08bc0365acd65
C:\Users\Usuario\.cache\kagglehub\datasets\adityamahimkar\iqothnccd-lung-cancer-dataset\versions\2\The IQ-OTHNCCD lung cancer dataset\The IQ-OTHNCCD lung cancer dataset\Normal cases\Normal case (360).jpg,Normal case (360).jpg,Normal cases,normal,512,512,RGB,238bb249cb39bb5e5dd00363c0ba0a73
C:\Users\Usuario\.cache\kagglehub\datasets\adityamahimkar\iqothnccd-lung-cancer-dataset\versions\2\The IQ-OTHNCCD lung cancer dataset\The IQ-OTHNCCD lung cancer dataset\Normal cases\Normal case (361).jpg,Normal case (361).jpg,Normal cases,normal,512,512,RGB,fc4f1f43d205981207c587701b223f1d
C:\Users\Usuario\.cache\kagglehub\datasets\adityamahimkar\iqothnccd-lung-cancer-dataset\versions\2\The IQ-OTHNCCD lung cancer dataset\The IQ-OTHNCCD lung cancer dataset\Normal cases\Normal case (362).jpg,Normal case (362).jpg,Normal cases,normal,512,512,RGB,4f48a180c0770df59b5eb396f22cae0e
C:\Users\Usuario\.cache\kagglehub\datasets\adityamahimkar\iqothnccd-lung-cancer-dataset\versions\2\The IQ-OTHNCCD lung cancer dataset\The IQ-OTHNCCD lung cancer dataset\Normal cases\Normal case (363).jpg,Normal case (363).jpg,Normal cases,normal,512,512,RGB,66cb7eafbfc25e5f4b8e433c5e24c06c
C:\Users\Usuario\.cache\kagglehub\datasets\adityamahimkar\iqothnccd-lung-cancer-dataset\versions\2\The IQ-OTHNCCD lung cancer dataset\The IQ-OTHNCCD lung cancer dataset\Normal cases\Normal case (364).jpg,Normal case (364).jpg,Normal cases,normal,512,512,RGB,a6247bf3f6532dcb790b8b32b6fe140a
C:\Users\Usuario\.cache\kagglehub\datasets\adityamahimkar\iqothnccd-lung-cancer-dataset\versions\2\The IQ-OTHNCCD lung cancer dataset\The IQ-OTHNCCD lung cancer dataset\Normal cases\Normal case (365).jpg,Normal case (365).jpg,Normal cases,normal,512,512,RGB,371f3de31c596b3cb59fc6bf2430b1c6
C:\Users\Usuario\.cache\kagglehub\datasets\adityamahimkar\iqothnccd-lung-cancer-dataset\versions\2\The IQ-OTHNCCD lung cancer dataset\The IQ-OTHNCCD lung cancer dataset\Normal cases\Normal case (366).jpg,Normal case (366).jpg,Normal cases,normal,512,512,RGB,43e1d68ae94ae9e6e4511c2d3fd3eabe
C:\Users\Usuario\.cache\kagglehub\datasets\adityamahimkar\iqothnccd-lung-cancer-dataset\versions\2\The IQ-OTHNCCD lung cancer dataset\The IQ-OTHNCCD lung cancer dataset\Normal cases\Normal case (367).jpg,Normal case (367).jpg,Normal cases,normal,512,512,RGB,651834b9e7177f67d793ada83d570ea5
C:\Users\Usuario\.cache\kagglehub\datasets\adityamahimkar\iqothnccd-lung-cancer-dataset\versions\2\The IQ-OTHNCCD lung cancer dataset\The IQ-OTHNCCD lung cancer dataset\Normal cases\Normal case (368).jpg,Normal case (368).jpg,Normal cases,normal,512,512,RGB,2414e885b980056a2740bd5669807205
C:\Users\Usuario\.cache\kagglehub\datasets\adityamahimkar\iqothnccd-lung-cancer-dataset\versions\2\The IQ-OTHNCCD lung cancer dataset\The IQ-OTHNCCD lung cancer dataset\Normal cases\Normal case (369).jpg,Normal case (369).jpg,Normal cases,normal,512,512,RGB,c054d524faf1d965dd44167f35ad8e4c
C:\Users\Usuario\.cache\kagglehub\datasets\adityamahimkar\iqothnccd-lung-cancer-dataset\versions\2\The IQ-OTHNCCD lung cancer dataset\The IQ-OTHNCCD lung cancer dataset\Normal cases\Normal case (37).jpg,Normal case (37).jpg,Normal cases,normal,512,512,RGB,6d0319169ccd5ed5f2704e6ba387e6dc
C:\Users\Usuario\.cache\kagglehub\datasets\adityamahimkar\iqothnccd-lung-cancer-dataset\versions\2\The IQ-OTHNCCD lung cancer dataset\The IQ-OTHNCCD lung cancer dataset\Normal cases\Normal case (370).jpg,Normal case (370).jpg,Normal cases,normal,512,512,RGB,8bc10031e8a56bc821f4487411f67937
C:\Users\Usuario\.cache\kagglehub\datasets\adityamahimkar\iqothnccd-lung-cancer-dataset\versions\2\The IQ-OTHNCCD lung cancer dataset\The IQ-OTHNCCD lung cancer dataset\Normal cases\Normal case (371).jpg,Normal case (371).jpg,Normal cases,normal,512,512,RGB,cf1dcf04401dd39f3373f5fc733eef98
C:\Users\Usuario\.cache\kagglehub\datasets\adityamahimkar\iqothnccd-lung-cancer-dataset\versions\2\The IQ-OTHNCCD lung cancer dataset\The IQ-OTHNCCD lung cancer dataset\Normal cases\Normal case (372).jpg,Normal case (372).jpg,Normal cases,normal,512,512,RGB,fdcdcbfd8aca11dc6721f6350018d7d8
C:\Users\Usuario\.cache\kagglehub\datasets\adityamahimkar\iqothnccd-lung-cancer-dataset\versions\2\The IQ-OTHNCCD lung cancer dataset\The IQ-OTHNCCD lung cancer dataset\Normal cases\Normal case (373).jpg,Normal case (373).jpg,Normal cases,normal,512,512,RGB,3a89e305b98bb3060f3d8f2134d32d05
C:\Users\Usuario\.cache\kagglehub\datasets\adityamahimkar\iqothnccd-lung-cancer-dataset\versions\2\The IQ-OTHNCCD lung cancer dataset\The IQ-OTHNCCD lung cancer dataset\Normal cases\Normal case (374).jpg,Normal case (374).jpg,Normal cases,normal,512,512,RGB,dd93b9ee55ada42fde1f546938e4e00c
C:\Users\Usuario\.cache\kagglehub\datasets\adityamahimkar\iqothnccd-lung-cancer-dataset\versions\2\The IQ-OTHNCCD lung cancer dataset\The IQ-OTHNCCD lung cancer dataset\Normal cases\Normal case (375).jpg,Normal case (375).jpg,Normal cases,normal,512,512,RGB,caa554d4557a2bd73e8e31640c7e468f
C:\Users\Usuario\.cache\kagglehub\datasets\adityamahimkar\iqothnccd-lung-cancer-dataset\versions\2\The IQ-OTHNCCD lung cancer dataset\The IQ-OTHNCCD lung cancer dataset\Normal cases\Normal case (376).jpg,Normal case (376).jpg,Normal cases,normal,512,512,RGB,efe6c5f96f51c76d1efd8dc293f1adfe
C:\Users\Usuario\.cache\kagglehub\datasets\adityamahimkar\iqothnccd-lung-cancer-dataset\versions\2\The IQ-OTHNCCD lung cancer dataset\The IQ-OTHNCCD lung cancer dataset\Normal cases\Normal case (377).jpg,Normal case (377).jpg,Normal cases,normal,512,512,RGB,c0a46aca6de4c3e8a2983000c20baed3
C:\Users\Usuario\.cache\kagglehub\datasets\adityamahimkar\iqothnccd-lung-cancer-dataset\versions\2\The IQ-OTHNCCD lung cancer dataset\The IQ-OTHNCCD lung cancer dataset\Normal cases\Normal case (378).jpg,Normal case (378).jpg,Normal cases,normal,512,512,RGB,1b885daf903cabed2f001c0e71ae68c7
C:\Users\Usuario\.cache\kagglehub\datasets\adityamahimkar\iqothnccd-lung-cancer-dataset\versions\2\The IQ-OTHNCCD lung cancer dataset\The IQ-OTHNCCD lung cancer dataset\Normal cases\Normal case (379).jpg,Normal case (379).jpg,Normal cases,normal,512,512,RGB,31f642f81d985719cb24a469cd33d2a3
C:\Users\Usuario\.cache\kagglehub\datasets\adityamahimkar\iqothnccd-lung-cancer-dataset\versions\2\The IQ-OTHNCCD lung cancer dataset\The IQ-OTHNCCD lung cancer dataset\Normal cases\Normal case (38).jpg,Normal case (38).jpg,Normal cases,normal,512,512,RGB,109662e0f84bd7467b59cba055413e3e
C:\Users\Usuario\.cache\kagglehub\datasets\adityamahimkar\iqothnccd-lung-cancer-dataset\versions\2\The IQ-OTHNCCD lung cancer dataset\The IQ-OTHNCCD lung cancer dataset\Normal cases\Normal case (380).jpg,Normal case (380).jpg,Normal cases,normal,512,512,RGB,fdeb12105d585e7dee600c7f2adb142f
C:\Users\Usuario\.cache\kagglehub\datasets\adityamahimkar\iqothnccd-lung-cancer-dataset\versions\2\The IQ-OTHNCCD lung cancer dataset\The IQ-OTHNCCD lung cancer dataset\Normal cases\Normal case (381).jpg,Normal case (381).jpg,Normal cases,normal,512,512,RGB,e4e3a3b8dae6e7d93f01caf9758f8a28
C:\Users\Usuario\.cache\kagglehub\datasets\adityamahimkar\iqothnccd-lung-cancer-dataset\versions\2\The IQ-OTHNCCD lung cancer dataset\The IQ-OTHNCCD lung cancer dataset\Normal cases\Normal case (382).jpg,Normal case (382).jpg,Normal cases,normal,512,512,RGB,42e9647450d88b8f46f22da26082269d
C:\Users\Usuario\.cache\kagglehub\datasets\adityamahimkar\iqothnccd-lung-cancer-dataset\versions\2\The IQ-OTHNCCD lung cancer dataset\The IQ-OTHNCCD lung cancer dataset\Normal cases\Normal case (383).jpg,Normal case (383).jpg,Normal cases,normal,512,512,RGB,662ee68e60882cbad2e78c2553a4baab
C:\Users\Usuario\.cache\kagglehub\datasets\adityamahimkar\iqothnccd-lung-cancer-dataset\versions\2\The IQ-OTHNCCD lung cancer dataset\The IQ-OTHNCCD lung cancer dataset\Normal cases\Normal case (384).jpg,Normal case (384).jpg,Normal cases,normal,512,512,RGB,1666df199f4a0184b8e0dd3b5c4f29d1
C:\Users\Usuario\.cache\kagglehub\datasets\adityamahimkar\iqothnccd-lung-cancer-dataset\versions\2\The IQ-OTHNCCD lung cancer dataset\The IQ-OTHNCCD lung cancer dataset\Normal cases\Normal case (385).jpg,Normal case (385).jpg,Normal cases,normal,512,512,RGB,23323226205052408622cf066f1eef52
C:\Users\Usuario\.cache\kagglehub\datasets\adityamahimkar\iqothnccd-lung-cancer-dataset\versions\2\The IQ-OTHNCCD lung cancer dataset\The IQ-OTHNCCD lung cancer dataset\Normal cases\Normal case (386).jpg,Normal case (386).jpg,Normal cases,normal,512,512,RGB,b95bd7f2fdcd6d4bee01d4bd5274b675
C:\Users\Usuario\.cache\kagglehub\datasets\adityamahimkar\iqothnccd-lung-cancer-dataset\versions\2\The IQ-OTHNCCD lung cancer dataset\The IQ-OTHNCCD lung cancer dataset\Normal cases\Normal case (387).jpg,Normal case (387).jpg,Normal cases,normal,512,512,RGB,fc7624d8b3011b87f50b201182b53f88
C:\Users\Usuario\.cache\kagglehub\datasets\adityamahimkar\iqothnccd-lung-cancer-dataset\versions\2\The IQ-OTHNCCD lung cancer dataset\The IQ-OTHNCCD lung cancer dataset\Normal cases\Normal case (388).jpg,Normal case (388).jpg,Normal cases,normal,512,512,RGB,310ba171fbad1e74ae95168f554e8609
C:\Users\Usuario\.cache\kagglehub\datasets\adityamahimkar\iqothnccd-lung-cancer-dataset\versions\2\The IQ-OTHNCCD lung cancer dataset\The IQ-OTHNCCD lung cancer dataset\Normal cases\Normal case (389).jpg,Normal case (389).jpg,Normal cases,normal,512,512,RGB,2ad140cbac4c34a25befbcdc1b89cb0f
C:\Users\Usuario\.cache\kagglehub\datasets\adityamahimkar\iqothnccd-lung-cancer-dataset\versions\2\The IQ-OTHNCCD lung cancer dataset\The IQ-OTHNCCD lung cancer dataset\Normal cases\Normal case (39).jpg,Normal case (39).jpg,Normal cases,normal,512,512,RGB,eb15a6f3b6b288dafd721ab0f5afa50d
C:\Users\Usuario\.cache\kagglehub\datasets\adityamahimkar\iqothnccd-lung-cancer-dataset\versions\2\The IQ-OTHNCCD lung cancer dataset\The IQ-OTHNCCD lung cancer dataset\Normal cases\Normal case (390).jpg,Normal case (390).jpg,Normal cases,normal,512,512,RGB,64e685aea50cac8d32ee135778ded28d
C:\Users\Usuario\.cache\kagglehub\datasets\adityamahimkar\iqothnccd-lung-cancer-dataset\versions\2\The IQ-OTHNCCD lung cancer dataset\The IQ-OTHNCCD lung cancer dataset\Normal cases\Normal case (391).jpg,Normal case (391).jpg,Normal cases,normal,512,512,RGB,b8adfd42bbe81daa1a547b9dacdbbec9
C:\Users\Usuario\.cache\kagglehub\datasets\adityamahimkar\iqothnccd-lung-cancer-dataset\versions\2\The IQ-OTHNCCD lung cancer dataset\The IQ-OTHNCCD lung cancer dataset\Normal cases\Normal case (392).jpg,Normal case (392).jpg,Normal cases,normal,512,512,RGB,1cffcb0465927ea53183c05024da4bd8
C:\Users\Usuario\.cache\kagglehub\datasets\adityamahimkar\iqothnccd-lung-cancer-dataset\versions\2\The IQ-OTHNCCD lung cancer dataset\The IQ-OTHNCCD lung cancer dataset\Normal cases\Normal case (393).jpg,Normal case (393).jpg,Normal cases,normal,512,512,RGB,73398269b123827f4ed3ca38e5696ad7
C:\Users\Usuario\.cache\kagglehub\datasets\adityamahimkar\iqothnccd-lung-cancer-dataset\versions\2\The IQ-OTHNCCD lung cancer dataset\The IQ-OTHNCCD lung cancer dataset\Normal cases\Normal case (394).jpg,Normal case (394).jpg,Normal cases,normal,512,512,RGB,4e2bf04d093d1490a1863cb7a436454e
C:\Users\Usuario\.cache\kagglehub\datasets\adityamahimkar\iqothnccd-lung-cancer-dataset\versions\2\The IQ-OTHNCCD lung cancer dataset\The IQ-OTHNCCD lung cancer dataset\Normal cases\Normal case (395).jpg,Normal case (395).jpg,Normal cases,normal,512,512,RGB,1c787e4a8ebd1694697a75fdaa0a3d2d
C:\Users\Usuario\.cache\kagglehub\datasets\adityamahimkar\iqothnccd-lung-cancer-dataset\versions\2\The IQ-OTHNCCD lung cancer dataset\The IQ-OTHNCCD lung cancer dataset\Normal cases\Normal case (396).jpg,Normal case (396).jpg,Normal cases,normal,512,512,RGB,2a98b2dcc848bde0fb6d61cc7924fe26
C:\Users\Usuario\.cache\kagglehub\datasets\adityamahimkar\iqothnccd-lung-cancer-dataset\versions\2\The IQ-OTHNCCD lung cancer dataset\The IQ-OTHNCCD lung cancer dataset\Normal cases\Normal case (397).jpg,Normal case (397).jpg,Normal cases,normal,512,512,RGB,ff388cd993edf03122231802c787aa45
C:\Users\Usuario\.cache\kagglehub\datasets\adityamahimkar\iqothnccd-lung-cancer-dataset\versions\2\The IQ-OTHNCCD lung cancer dataset\The IQ-OTHNCCD lung cancer dataset\Normal cases\Normal case (398).jpg,Normal case (398).jpg,Normal cases,normal,512,512,RGB,1f7d1592874a0269a35067daeca835d9
C:\Users\Usuario\.cache\kagglehub\datasets\adityamahimkar\iqothnccd-lung-cancer-dataset\versions\2\The IQ-OTHNCCD lung cancer dataset\The IQ-OTHNCCD lung cancer dataset\Normal cases\Normal case (399).jpg,Normal case (399).jpg,Normal cases,normal,512,512,RGB,f7f5f6f93bf2beb10f9ff386ad5a6c3e
C:\Users\Usuario\.cache\kagglehub\datasets\adityamahimkar\iqothnccd-lung-cancer-dataset\versions\2\The IQ-OTHNCCD lung cancer dataset\The IQ-OTHNCCD lung cancer dataset\Normal cases\Normal case (4).jpg,Normal case (4).jpg,Normal cases,normal,512,512,RGB,685a828794692b24b2b3b41ca0fae96e
C:\Users\Usuario\.cache\kagglehub\datasets\adityamahimkar\iqothnccd-lung-cancer-dataset\versions\2\The IQ-OTHNCCD lung cancer dataset\The IQ-OTHNCCD lung cancer dataset\Normal cases\Normal case (40).jpg,Normal case (40).jpg,Normal cases,normal,512,512,RGB,465a5de057f21809ebc0c051facde7c4
C:\Users\Usuario\.cache\kagglehub\datasets\adityamahimkar\iqothnccd-lung-cancer-dataset\versions\2\The IQ-OTHNCCD lung cancer dataset\The IQ-OTHNCCD lung cancer dataset\Normal cases\Normal case (400).jpg,Normal case (400).jpg,Normal cases,normal,512,512,RGB,d4ee736b71ab34c5c2319b64eed12a24
C:\Users\Usuario\.cache\kagglehub\datasets\adityamahimkar\iqothnccd-lung-cancer-dataset\versions\2\The IQ-OTHNCCD lung cancer dataset\The IQ-OTHNCCD lung cancer dataset\Normal cases\Normal case (401).jpg,Normal case (401).jpg,Normal cases,normal,512,512,RGB,5fd03b8f0ad49b6c50894eff3dd7e99b
C:\Users\Usuario\.cache\kagglehub\datasets\adityamahimkar\iqothnccd-lung-cancer-dataset\versions\2\The IQ-OTHNCCD lung cancer dataset\The IQ-OTHNCCD lung cancer dataset\Normal cases\Normal case (402).jpg,Normal case (402).jpg,Normal cases,normal,512,512,RGB,c5c57649907c59be7a68fcb472489150
C:\Users\Usuario\.cache\kagglehub\datasets\adityamahimkar\iqothnccd-lung-cancer-dataset\versions\2\The IQ-OTHNCCD lung cancer dataset\The IQ-OTHNCCD lung cancer dataset\Normal cases\Normal case (403).jpg,Normal case (403).jpg,Normal cases,normal,512,512,RGB,a5bb2d126b62116af7364a1c97cdf234
C:\Users\Usuario\.cache\kagglehub\datasets\adityamahimkar\iqothnccd-lung-cancer-dataset\versions\2\The IQ-OTHNCCD lung cancer dataset\The IQ-OTHNCCD lung cancer dataset\Normal cases\Normal case (404).jpg,Normal case (404).jpg,Normal cases,normal,512,512,RGB,1bf8b3207c11fe343de00ea424e7a43a
C:\Users\Usuario\.cache\kagglehub\datasets\adityamahimkar\iqothnccd-lung-cancer-dataset\versions\2\The IQ-OTHNCCD lung cancer dataset\The IQ-OTHNCCD lung cancer dataset\Normal cases\Normal case (405).jpg,Normal case (405).jpg,Normal cases,normal,512,512,RGB,cf6a2fb465607a73d24bc0fc247971b3
C:\Users\Usuario\.cache\kagglehub\datasets\adityamahimkar\iqothnccd-lung-cancer-dataset\versions\2\The IQ-OTHNCCD lung cancer dataset\The IQ-OTHNCCD lung cancer dataset\Normal cases\Normal case (41).jpg,Normal case (41).jpg,Normal cases,normal,512,512,RGB,5c5f9c4545cf2d1d3d029fd8fea08164
C:\Users\Usuario\.cache\kagglehub\datasets\adityamahimkar\iqothnccd-lung-cancer-dataset\versions\2\The IQ-OTHNCCD lung cancer dataset\The IQ-OTHNCCD lung cancer dataset\Normal cases\Normal case (42).jpg,Normal case (42).jpg,Normal cases,normal,512,512,RGB,71eb098e8fd6b25ad9ccabed0908304a
C:\Users\Usuario\.cache\kagglehub\datasets\adityamahimkar\iqothnccd-lung-cancer-dataset\versions\2\The IQ-OTHNCCD lung cancer dataset\The IQ-OTHNCCD lung cancer dataset\Normal cases\Normal case (43).jpg,Normal case (43).jpg,Normal cases,normal,512,512,RGB,103e5424e8610e0c50d8ad7d254ea3df
C:\Users\Usuario\.cache\kagglehub\datasets\adityamahimkar\iqothnccd-lung-cancer-dataset\versions\2\The IQ-OTHNCCD lung cancer dataset\The IQ-OTHNCCD lung cancer dataset\Normal cases\Normal case (44).jpg,Normal case (44).jpg,Normal cases,normal,512,512,RGB,8a21ff0876baaa5e5b88da788eab4e2a
C:\Users\Usuario\.cache\kagglehub\datasets\adityamahimkar\iqothnccd-lung-cancer-dataset\versions\2\The IQ-OTHNCCD lung cancer dataset\The IQ-OTHNCCD lung cancer dataset\Normal cases\Normal case (45).jpg,Normal case (45).jpg,Normal cases,normal,512,512,RGB,47faa890c5b01f3355928e611d73750d
C:\Users\Usuario\.cache\kagglehub\datasets\adityamahimkar\iqothnccd-lung-cancer-dataset\versions\2\The IQ-OTHNCCD lung cancer dataset\The IQ-OTHNCCD lung cancer dataset\Normal cases\Normal case (46).jpg,Normal case (46).jpg,Normal cases,normal,512,512,RGB,6dedb5af859c1244f2c57cf21d175436
C:\Users\Usuario\.cache\kagglehub\datasets\adityamahimkar\iqothnccd-lung-cancer-dataset\versions\2\The IQ-OTHNCCD lung cancer dataset\The IQ-OTHNCCD lung cancer dataset\Normal cases\Normal case (47).jpg,Normal case (47).jpg,Normal cases,normal,512,512,RGB,100b2846a355b174568df90cf4035138
C:\Users\Usuario\.cache\kagglehub\datasets\adityamahimkar\iqothnccd-lung-cancer-dataset\versions\2\The IQ-OTHNCCD lung cancer dataset\The IQ-OTHNCCD lung cancer dataset\Normal cases\Normal case (48).jpg,Normal case (48).jpg,Normal cases,normal,512,512,RGB,5eaf181ccc75b7a0e783bfc42e8c5743
C:\Users\Usuario\.cache\kagglehub\datasets\adityamahimkar\iqothnccd-lung-cancer-dataset\versions\2\The IQ-OTHNCCD lung cancer dataset\The IQ-OTHNCCD lung cancer dataset\Normal cases\Normal case (49).jpg,Normal case (49).jpg,Normal cases,normal,512,512,RGB,9b2ca40efa7719c2be70c968b71f5c65
C:\Users\Usuario\.cache\kagglehub\datasets\adityamahimkar\iqothnccd-lung-cancer-dataset\versions\2\The IQ-OTHNCCD lung cancer dataset\The IQ-OTHNCCD lung cancer dataset\Normal cases\Normal case (5).jpg,Normal case (5).jpg,Normal cases,normal,512,512,RGB,ebb2e69b2e1c0eb45a6f327e9aa2d6a1
C:\Users\Usuario\.cache\kagglehub\datasets\adityamahimkar\iqothnccd-lung-cancer-dataset\versions\2\The IQ-OTHNCCD lung cancer dataset\The IQ-OTHNCCD lung cancer dataset\Normal cases\Normal case (50).jpg,Normal case (50).jpg,Normal cases,normal,512,512,RGB,abc1b0e33e0bebff5872d85f6e45ea11
C:\Users\Usuario\.cache\kagglehub\datasets\adityamahimkar\iqothnccd-lung-cancer-dataset\versions\2\The IQ-OTHNCCD lung cancer dataset\The IQ-OTHNCCD lung cancer dataset\Normal cases\Normal case (51).jpg,Normal case (51).jpg,Normal cases,normal,512,512,RGB,7a8ca348e52ccea33e814b31e8b7fbbe
C:\Users\Usuario\.cache\kagglehub\datasets\adityamahimkar\iqothnccd-lung-cancer-dataset\versions\2\The IQ-OTHNCCD lung cancer dataset\The IQ-OTHNCCD lung cancer dataset\Normal cases\Normal case (52).jpg,Normal case (52).jpg,Normal cases,normal,512,512,RGB,1a4c407df95a18cf37737fce72b9e48e
C:\Users\Usuario\.cache\kagglehub\datasets\adityamahimkar\iqothnccd-lung-cancer-dataset\versions\2\The IQ-OTHNCCD lung cancer dataset\The IQ-OTHNCCD lung cancer dataset\Normal cases\Normal case (53).jpg,Normal case (53).jpg,Normal cases,normal,512,512,RGB,828ab3f1f6bd8775714dcfd8a4795a64
C:\Users\Usuario\.cache\kagglehub\datasets\adityamahimkar\iqothnccd-lung-cancer-dataset\versions\2\The IQ-OTHNCCD lung cancer dataset\The IQ-OTHNCCD lung cancer dataset\Normal cases\Normal case (54).jpg,Normal case (54).jpg,Normal cases,normal,512,512,RGB,b24372040c286e248f2667d28563e202
C:\Users\Usuario\.cache\kagglehub\datasets\adityamahimkar\iqothnccd-lung-cancer-dataset\versions\2\The IQ-OTHNCCD lung cancer dataset\The IQ-OTHNCCD lung cancer dataset\Normal cases\Normal case (55).jpg,Normal case (55).jpg,Normal cases,normal,512,512,RGB,23b3f258bc34bf0f472b2a69932612d5
C:\Users\Usuario\.cache\kagglehub\datasets\adityamahimkar\iqothnccd-lung-cancer-dataset\versions\2\The IQ-OTHNCCD lung cancer dataset\The IQ-OTHNCCD lung cancer dataset\Normal cases\Normal case (56).jpg,Normal case (56).jpg,Normal cases,normal,512,512,RGB,e02b397ff2449ddd3abf43663e34eb75
C:\Users\Usuario\.cache\kagglehub\datasets\adityamahimkar\iqothnccd-lung-cancer-dataset\versions\2\The IQ-OTHNCCD lung cancer dataset\The IQ-OTHNCCD lung cancer dataset\Normal cases\Normal case (57).jpg,Normal case (57).jpg,Normal cases,normal,512,512,RGB,931b488f92a9cf7f83efceaf137fbd90
C:\Users\Usuario\.cache\kagglehub\datasets\adityamahimkar\iqothnccd-lung-cancer-dataset\versions\2\The IQ-OTHNCCD lung cancer dataset\The IQ-OTHNCCD lung cancer dataset\Normal cases\Normal case (58).jpg,Normal case (58).jpg,Normal cases,normal,512,512,RGB,7f54afbe1b9777705d0f55d131e0b89c
C:\Users\Usuario\.cache\kagglehub\datasets\adityamahimkar\iqothnccd-lung-cancer-dataset\versions\2\The IQ-OTHNCCD lung cancer dataset\The IQ-OTHNCCD lung cancer dataset\Normal cases\Normal case (59).jpg,Normal case (59).jpg,Normal cases,normal,512,512,RGB,792f554e910290a296468001c8cbfaa7
C:\Users\Usuario\.cache\kagglehub\datasets\adityamahimkar\iqothnccd-lung-cancer-dataset\versions\2\The IQ-OTHNCCD lung cancer dataset\The IQ-OTHNCCD lung cancer dataset\Normal cases\Normal case (6).jpg,Normal case (6).jpg,Normal cases,normal,512,512,RGB,8795ce80ae56a3849076592601a16fe6
C:\Users\Usuario\.cache\kagglehub\datasets\adityamahimkar\iqothnccd-lung-cancer-dataset\versions\2\The IQ-OTHNCCD lung cancer dataset\The IQ-OTHNCCD lung cancer dataset\Normal cases\Normal case (60).jpg,Normal case (60).jpg,Normal cases,normal,512,512,RGB,20e39be4d2128d38bd7a8f9156643473
C:\Users\Usuario\.cache\kagglehub\datasets\adityamahimkar\iqothnccd-lung-cancer-dataset\versions\2\The IQ-OTHNCCD lung cancer dataset\The IQ-OTHNCCD lung cancer dataset\Normal cases\Normal case (61).jpg,Normal case (61).jpg,Normal cases,normal,512,512,RGB,c051268bcfba608f2481d6e9a753af1c
C:\Users\Usuario\.cache\kagglehub\datasets\adityamahimkar\iqothnccd-lung-cancer-dataset\versions\2\The IQ-OTHNCCD lung cancer dataset\The IQ-OTHNCCD lung cancer dataset\Normal cases\Normal case (62).jpg,Normal case (62).jpg,Normal cases,normal,512,512,RGB,7ce148e6ebaa6c9bdc1c88f128258bf7
C:\Users\Usuario\.cache\kagglehub\datasets\adityamahimkar\iqothnccd-lung-cancer-dataset\versions\2\The IQ-OTHNCCD lung cancer dataset\The IQ-OTHNCCD lung cancer dataset\Normal cases\Normal case (63).jpg,Normal case (63).jpg,Normal cases,normal,512,512,RGB,55637fe67a6094f81986f18beb0122f2
C:\Users\Usuario\.cache\kagglehub\datasets\adityamahimkar\iqothnccd-lung-cancer-dataset\versions\2\The IQ-OTHNCCD lung cancer dataset\The IQ-OTHNCCD lung cancer dataset\Normal cases\Normal case (64).jpg,Normal case (64).jpg,Normal cases,normal,512,512,RGB,8b13e04c52b3a20e0eec558c8b9d4bfe
C:\Users\Usuario\.cache\kagglehub\datasets\adityamahimkar\iqothnccd-lung-cancer-dataset\versions\2\The IQ-OTHNCCD lung cancer dataset\The IQ-OTHNCCD lung cancer dataset\Normal cases\Normal case (65).jpg,Normal case (65).jpg,Normal cases,normal,512,512,RGB,72cd19d3301a375a67604e781f853769
C:\Users\Usuario\.cache\kagglehub\datasets\adityamahimkar\iqothnccd-lung-cancer-dataset\versions\2\The IQ-OTHNCCD lung cancer dataset\The IQ-OTHNCCD lung cancer dataset\Normal cases\Normal case (66).jpg,Normal case (66).jpg,Normal cases,normal,512,512,RGB,83125fa849eb61fcf8d095211792ca1f
C:\Users\Usuario\.cache\kagglehub\datasets\adityamahimkar\iqothnccd-lung-cancer-dataset\versions\2\The IQ-OTHNCCD lung cancer dataset\The IQ-OTHNCCD lung cancer dataset\Normal cases\Normal case (67).jpg,Normal case (67).jpg,Normal cases,normal,512,512,RGB,2f8e5648619052afc68b43f7ce9d4f21
C:\Users\Usuario\.cache\kagglehub\datasets\adityamahimkar\iqothnccd-lung-cancer-dataset\versions\2\The IQ-OTHNCCD lung cancer dataset\The IQ-OTHNCCD lung cancer dataset\Normal cases\Normal case (68).jpg,Normal case (68).jpg,Normal cases,normal,512,512,RGB,a67d05f2b723d1a8a21d09ec2d83de16
C:\Users\Usuario\.cache\kagglehub\datasets\adityamahimkar\iqothnccd-lung-cancer-dataset\versions\2\The IQ-OTHNCCD lung cancer dataset\The IQ-OTHNCCD lung cancer dataset\Normal cases\Normal case (69).jpg,Normal case (69).jpg,Normal cases,normal,512,512,RGB,f7ca2ad165d61a33cdb7f947aed2622d
C:\Users\Usuario\.cache\kagglehub\datasets\adityamahimkar\iqothnccd-lung-cancer-dataset\versions\2\The IQ-OTHNCCD lung cancer dataset\The IQ-OTHNCCD lung cancer dataset\Normal cases\Normal case (7).jpg,Normal case (7).jpg,Normal cases,normal,512,512,RGB,a43c20561f3bff1436d3ee1061284bfc
C:\Users\Usuario\.cache\kagglehub\datasets\adityamahimkar\iqothnccd-lung-cancer-dataset\versions\2\The IQ-OTHNCCD lung cancer dataset\The IQ-OTHNCCD lung cancer dataset\Normal cases\Normal case (70).jpg,Normal case (70).jpg,Normal cases,normal,512,512,RGB,43a89fb9a770428d14d14a6ecd19da55
C:\Users\Usuario\.cache\kagglehub\datasets\adityamahimkar\iqothnccd-lung-cancer-dataset\versions\2\The IQ-OTHNCCD lung cancer dataset\The IQ-OTHNCCD lung cancer dataset\Normal cases\Normal case (71).jpg,Normal case (71).jpg,Normal cases,normal,512,512,RGB,f348fb1c7aff441ff65fd8bbf34a8790
C:\Users\Usuario\.cache\kagglehub\datasets\adityamahimkar\iqothnccd-lung-cancer-dataset\versions\2\The IQ-OTHNCCD lung cancer dataset\The IQ-OTHNCCD lung cancer dataset\Normal cases\Normal case (72).jpg,Normal case (72).jpg,Normal cases,normal,512,512,RGB,a062fdeb428bd7748878cf7cd9f6383c
C:\Users\Usuario\.cache\kagglehub\datasets\adityamahimkar\iqothnccd-lung-cancer-dataset\versions\2\The IQ-OTHNCCD lung cancer dataset\The IQ-OTHNCCD lung cancer dataset\Normal cases\Normal case (73).jpg,Normal case (73).jpg,Normal cases,normal,512,512,RGB,af3b50ca9458b1b1930caac18da74c5a
C:\Users\Usuario\.cache\kagglehub\datasets\adityamahimkar\iqothnccd-lung-cancer-dataset\versions\2\The IQ-OTHNCCD lung cancer dataset\The IQ-OTHNCCD lung cancer dataset\Normal cases\Normal case (74).jpg,Normal case (74).jpg,Normal cases,normal,512,512,RGB,6224913dce919e085acbb28db831efe5
C:\Users\Usuario\.cache\kagglehub\datasets\adityamahimkar\iqothnccd-lung-cancer-dataset\versions\2\The IQ-OTHNCCD lung cancer dataset\The IQ-OTHNCCD lung cancer dataset\Normal cases\Normal case (75).jpg,Normal case (75).jpg,Normal cases,normal,512,512,RGB,fd070dc166ac4ed3b857792368ae8429
C:\Users\Usuario\.cache\kagglehub\datasets\adityamahimkar\iqothnccd-lung-cancer-dataset\versions\2\The IQ-OTHNCCD lung cancer dataset\The IQ-OTHNCCD lung cancer dataset\Normal cases\Normal case (76).jpg,Normal case (76).jpg,Normal cases,normal,512,512,RGB,c8c86d1da8b689f585348ae4f1cc6ff3
C:\Users\Usuario\.cache\kagglehub\datasets\adityamahimkar\iqothnccd-lung-cancer-dataset\versions\2\The IQ-OTHNCCD lung cancer dataset\The IQ-OTHNCCD lung cancer dataset\Normal cases\Normal case (77).jpg,Normal case (77).jpg,Normal cases,normal,512,512,RGB,49c15fac8733287cd4ab5d25e7cf21ab
C:\Users\Usuario\.cache\kagglehub\datasets\adityamahimkar\iqothnccd-lung-cancer-dataset\versions\2\The IQ-OTHNCCD lung cancer dataset\The IQ-OTHNCCD lung cancer dataset\Normal cases\Normal case (78).jpg,Normal case (78).jpg,Normal cases,normal,512,512,RGB,df877ce2f23d1e251b32ca63fb482432
C:\Users\Usuario\.cache\kagglehub\datasets\adityamahimkar\iqothnccd-lung-cancer-dataset\versions\2\The IQ-OTHNCCD lung cancer dataset\The IQ-OTHNCCD lung cancer dataset\Normal cases\Normal case (79).jpg,Normal case (79).jpg,Normal cases,normal,512,512,RGB,27c8caa38bd974316b6c58665845c5b3
C:\Users\Usuario\.cache\kagglehub\datasets\adityamahimkar\iqothnccd-lung-cancer-dataset\versions\2\The IQ-OTHNCCD lung cancer dataset\The IQ-OTHNCCD lung cancer dataset\Normal cases\Normal case (8).jpg,Normal case (8).jpg,Normal cases,normal,512,512,RGB,daa44e110cc3572beb8a16a0d1e8756d
C:\Users\Usuario\.cache\kagglehub\datasets\adityamahimkar\iqothnccd-lung-cancer-dataset\versions\2\The IQ-OTHNCCD lung cancer dataset\The IQ-OTHNCCD lung cancer dataset\Normal cases\Normal case (80).jpg,Normal case (80).jpg,Normal cases,normal,512,512,RGB,94437277ceaf05c5bcb3cdc76714458f
C:\Users\Usuario\.cache\kagglehub\datasets\adityamahimkar\iqothnccd-lung-cancer-dataset\versions\2\The IQ-OTHNCCD lung cancer dataset\The IQ-OTHNCCD lung cancer dataset\Normal cases\Normal case (81).jpg,Normal case (81).jpg,Normal cases,normal,512,512,RGB,1229430e5f5e56a54123b39e3c8bd5d3
C:\Users\Usuario\.cache\kagglehub\datasets\adityamahimkar\iqothnccd-lung-cancer-dataset\versions\2\The IQ-OTHNCCD lung cancer dataset\The IQ-OTHNCCD lung cancer dataset\Normal cases\Normal case (82).jpg,Normal case (82).jpg,Normal cases,normal,512,512,RGB,0e7f061d19b3ccb63bbe95298ef6d19c
C:\Users\Usuario\.cache\kagglehub\datasets\adityamahimkar\iqothnccd-lung-cancer-dataset\versions\2\The IQ-OTHNCCD lung cancer dataset\The IQ-OTHNCCD lung cancer dataset\Normal cases\Normal case (83).jpg,Normal case (83).jpg,Normal cases,normal,512,512,RGB,c7592ec110a2c48a7ce453e64841329f
C:\Users\Usuario\.cache\kagglehub\datasets\adityamahimkar\iqothnccd-lung-cancer-dataset\versions\2\The IQ-OTHNCCD lung cancer dataset\The IQ-OTHNCCD lung cancer dataset\Normal cases\Normal case (84).jpg,Normal case (84).jpg,Normal cases,normal,512,512,RGB,afbca1c4191616ac7a6c96bc6ee89b32
C:\Users\Usuario\.cache\kagglehub\datasets\adityamahimkar\iqothnccd-lung-cancer-dataset\versions\2\The IQ-OTHNCCD lung cancer dataset\The IQ-OTHNCCD lung cancer dataset\Normal cases\Normal case (85).jpg,Normal case (85).jpg,Normal cases,normal,512,512,RGB,10705d41514775e608b7c81453169e01
C:\Users\Usuario\.cache\kagglehub\datasets\adityamahimkar\iqothnccd-lung-cancer-dataset\versions\2\The IQ-OTHNCCD lung cancer dataset\The IQ-OTHNCCD lung cancer dataset\Normal cases\Normal case (86).jpg,Normal case (86).jpg,Normal cases,normal,512,512,RGB,c42974d170d3996c2ba552b06b029f7f
C:\Users\Usuario\.cache\kagglehub\datasets\adityamahimkar\iqothnccd-lung-cancer-dataset\versions\2\The IQ-OTHNCCD lung cancer dataset\The IQ-OTHNCCD lung cancer dataset\Normal cases\Normal case (87).jpg,Normal case (87).jpg,Normal cases,normal,512,512,RGB,f7c45e802b1dc2b8a30fda4e481d93b1
C:\Users\Usuario\.cache\kagglehub\datasets\adityamahimkar\iqothnccd-lung-cancer-dataset\versions\2\The IQ-OTHNCCD lung cancer dataset\The IQ-OTHNCCD lung cancer dataset\Normal cases\Normal case (88).jpg,Normal case (88).jpg,Normal cases,normal,512,512,RGB,e5b7a82cc487f33f3b60b9852f997808
C:\Users\Usuario\.cache\kagglehub\datasets\adityamahimkar\iqothnccd-lung-cancer-dataset\versions\2\The IQ-OTHNCCD lung cancer dataset\The IQ-OTHNCCD lung cancer dataset\Normal cases\Normal case (89).jpg,Normal case (89).jpg,Normal cases,normal,512,512,RGB,1f40c73081723dffac58e58edb5b154c
C:\Users\Usuario\.cache\kagglehub\datasets\adityamahimkar\iqothnccd-lung-cancer-dataset\versions\2\The IQ-OTHNCCD lung cancer dataset\The IQ-OTHNCCD lung cancer dataset\Normal cases\Normal case (9).jpg,Normal case (9).jpg,Normal cases,normal,512,512,RGB,5f9176a81548336a249fd85fcf6c3925
C:\Users\Usuario\.cache\kagglehub\datasets\adityamahimkar\iqothnccd-lung-cancer-dataset\versions\2\The IQ-OTHNCCD lung cancer dataset\The IQ-OTHNCCD lung cancer dataset\Normal cases\Normal case (90).jpg,Normal case (90).jpg,Normal cases,normal,512,512,RGB,f7c7086e4c7bea69cbef9078c34204dd
C:\Users\Usuario\.cache\kagglehub\datasets\adityamahimkar\iqothnccd-lung-cancer-dataset\versions\2\The IQ-OTHNCCD lung cancer dataset\The IQ-OTHNCCD lung cancer dataset\Normal cases\Normal case (91).jpg,Normal case (91).jpg,Normal cases,normal,512,512,RGB,45f2197cec4ed9e47c6aeced7c1e793c
C:\Users\Usuario\.cache\kagglehub\datasets\adityamahimkar\iqothnccd-lung-cancer-dataset\versions\2\The IQ-OTHNCCD lung cancer dataset\The IQ-OTHNCCD lung cancer dataset\Normal cases\Normal case (92).jpg,Normal case (92).jpg,Normal cases,normal,512,512,RGB,fdf9cf71c4d5d711c08bf6cbcd32d7af
C:\Users\Usuario\.cache\kagglehub\datasets\adityamahimkar\iqothnccd-lung-cancer-dataset\versions\2\The IQ-OTHNCCD lung cancer dataset\The IQ-OTHNCCD lung cancer dataset\Normal cases\Normal case (93).jpg,Normal case (93).jpg,Normal cases,normal,512,512,RGB,ad3444d4da2b01be043cc46468c5dcaf
C:\Users\Usuario\.cache\kagglehub\datasets\adityamahimkar\iqothnccd-lung-cancer-dataset\versions\2\The IQ-OTHNCCD lung cancer dataset\The IQ-OTHNCCD lung cancer dataset\Normal cases\Normal case (94).jpg,Normal case (94).jpg,Normal cases,normal,512,512,RGB,c3d921673d89c30bf3bad02019cf8fdd
C:\Users\Usuario\.cache\kagglehub\datasets\adityamahimkar\iqothnccd-lung-cancer-dataset\versions\2\The IQ-OTHNCCD lung cancer dataset\The IQ-OTHNCCD lung cancer dataset\Normal cases\Normal case (95).jpg,Normal case (95).jpg,Normal cases,normal,512,512,RGB,db57917aad04aa10840323c8f33ea6bc
C:\Users\Usuario\.cache\kagglehub\datasets\adityamahimkar\iqothnccd-lung-cancer-dataset\versions\2\The IQ-OTHNCCD lung cancer dataset\The IQ-OTHNCCD lung cancer dataset\Normal cases\Normal case (96).jpg,Normal case (96).jpg,Normal cases,normal,512,512,RGB,3436e02fb58dfb89211acfc558ec2e2a
C:\Users\Usuario\.cache\kagglehub\datasets\adityamahimkar\iqothnccd-lung-cancer-dataset\versions\2\The IQ-OTHNCCD lung cancer dataset\The IQ-OTHNCCD lung cancer dataset\Normal cases\Normal case (97).jpg,Normal case (97).jpg,Normal cases,normal,512,512,RGB,8adcb9b139cb00982f0cc8e4a4bb1a79
C:\Users\Usuario\.cache\kagglehub\datasets\adityamahimkar\iqothnccd-lung-cancer-dataset\versions\2\The IQ-OTHNCCD lung cancer dataset\The IQ-OTHNCCD lung cancer dataset\Normal cases\Normal case (98).jpg,Normal case (98).jpg,Normal cases,normal,512,512,RGB,9af6cba15e201cf3aacdd1774663b5ca
C:\Users\Usuario\.cache\kagglehub\datasets\adityamahimkar\iqothnccd-lung-cancer-dataset\versions\2\The IQ-OTHNCCD lung cancer dataset\The IQ-OTHNCCD lung cancer dataset\Normal cases\Normal case (99).jpg,Normal case (99).jpg,Normal cases,normal,512,512,RGB,52b94ea58a01aa94cc4c61232da36c91
