path,filename,original_class,class,width,height,mode
C:\Users\Usuario\.cache\kagglehub\datasets\adityamahimkar\iqothnccd-lung-cancer-dataset\versions\2\The IQ-OTHNCCD lung cancer dataset\The IQ-OTHNCCD lung cancer dataset\Bengin cases\Bengin case (1).jpg,Bengin case (1).jpg,Bengin cases,benign,512,512,RGB
C:\Users\Usuario\.cache\kagglehub\datasets\adityamahimkar\iqothnccd-lung-cancer-dataset\versions\2\The IQ-OTHNCCD lung cancer dataset\The IQ-OTHNCCD lung cancer dataset\Bengin cases\Bengin case (10).jpg,Bengin case (10).jpg,Bengin cases,benign,512,512,RGB
C:\Users\Usuario\.cache\kagglehub\datasets\adityamahimkar\iqothnccd-lung-cancer-dataset\versions\2\The IQ-OTHNCCD lung cancer dataset\The IQ-OTHNCCD lung cancer dataset\Bengin cases\Bengin case (100).jpg,Bengin case (100).jpg,Bengin cases,benign,512,512,RGB
C:\Users\Usuario\.cache\kagglehub\datasets\adityamahimkar\iqothnccd-lung-cancer-dataset\versions\2\The IQ-OTHNCCD lung cancer dataset\The IQ-OTHNCCD lung cancer dataset\Bengin cases\Bengin case (101).jpg,Bengin case (101).jpg,Bengin cases,benign,512,512,RGB
C:\Users\Usuario\.cache\kagglehub\datasets\adityamahimkar\iqothnccd-lung-cancer-dataset\versions\2\The IQ-OTHNCCD lung cancer dataset\The IQ-OTHNCCD lung cancer dataset\Bengin cases\Bengin case (102).jpg,Bengin case (102).jpg,Bengin cases,benign,512,512,RGB
C:\Users\Usuario\.cache\kagglehub\datasets\adityamahimkar\iqothnccd-lung-cancer-dataset\versions\2\The IQ-OTHNCCD lung cancer dataset\The IQ-OTHNCCD lung cancer dataset\Bengin cases\Bengin case (103).jpg,Bengin case (103).jpg,Bengin cases,benign,512,512,RGB
C:\Users\Usuario\.cache\kagglehub\datasets\adityamahimkar\iqothnccd-lung-cancer-dataset\versions\2\The IQ-OTHNCCD lung cancer dataset\The IQ-OTHNCCD lung cancer dataset\Bengin cases\Bengin case (104).jpg,Bengin case (104).jpg,Bengin cases,benign,512,512,RGB
C:\Users\Usuario\.cache\kagglehub\datasets\adityamahimkar\iqothnccd-lung-cancer-dataset\versions\2\The IQ-OTHNCCD lung cancer dataset\The IQ-OTHNCCD lung cancer dataset\Bengin cases\Bengin case (105).jpg,Bengin case (105).jpg,Bengin cases,benign,512,512,RGB
C:\Users\Usuario\.cache\kagglehub\datasets\adityamahimkar\iqothnccd-lung-cancer-dataset\versions\2\The IQ-OTHNCCD lung cancer dataset\The IQ-OTHNCCD lung cancer dataset\Bengin cases\Bengin case (106).jpg,Bengin case (106).jpg,Bengin cases,benign,512,512,RGB
C:\Users\Usuario\.cache\kagglehub\datasets\adityamahimkar\iqothnccd-lung-cancer-dataset\versions\2\The IQ-OTHNCCD lung cancer dataset\The IQ-OTHNCCD lung cancer dataset\Bengin cases\Bengin case (107).jpg,Bengin case (107).jpg,Bengin cases,benign,512,512,RGB
C:\Users\Usuario\.cache\kagglehub\datasets\adityamahimkar\iqothnccd-lung-cancer-dataset\versions\2\The IQ-OTHNCCD lung cancer dataset\The IQ-OTHNCCD lung cancer dataset\Bengin cases\Bengin case (108).jpg,Bengin case (108).jpg,Bengin cases,benign,512,512,RGB
C:\Users\Usuario\.cache\kagglehub\datasets\adityamahimkar\iqothnccd-lung-cancer-dataset\versions\2\The IQ-OTHNCCD lung cancer dataset\The IQ-OTHNCCD lung cancer dataset\Bengin cases\Bengin case (109).jpg,Bengin case (109).jpg,Bengin cases,benign,512,512,RGB
C:\Users\Usuario\.cache\kagglehub\datasets\adityamahimkar\iqothnccd-lung-cancer-dataset\versions\2\The IQ-OTHNCCD lung cancer dataset\The IQ-OTHNCCD lung cancer dataset\Bengin cases\Bengin case (11).jpg,Bengin case (11).jpg,Bengin cases,benign,512,512,RGB
C:\Users\Usuario\.cache\kagglehub\datasets\adityamahimkar\iqothnccd-lung-cancer-dataset\versions\2\The IQ-OTHNCCD lung cancer dataset\The IQ-OTHNCCD lung cancer dataset\Bengin cases\Bengin case (110).jpg,Bengin case (110).jpg,Bengin cases,benign,512,512,RGB
C:\Users\Usuario\.cache\kagglehub\datasets\adityamahimkar\iqothnccd-lung-cancer-dataset\versions\2\The IQ-OTHNCCD lung cancer dataset\The IQ-OTHNCCD lung cancer dataset\Bengin cases\Bengin case (111).jpg,Bengin case (111).jpg,Bengin cases,benign,512,512,RGB
C:\Users\Usuario\.cache\kagglehub\datasets\adityamahimkar\iqothnccd-lung-cancer-dataset\versions\2\The IQ-OTHNCCD lung cancer dataset\The IQ-OTHNCCD lung cancer dataset\Bengin cases\Bengin case (112).jpg,Bengin case (112).jpg,Bengin cases,benign,512,512,RGB
C:\Users\Usuario\.cache\kagglehub\datasets\adityamahimkar\iqothnccd-lung-cancer-dataset\versions\2\The IQ-OTHNCCD lung cancer dataset\The IQ-OTHNCCD lung cancer dataset\Bengin cases\Bengin case (113).jpg,Bengin case (113).jpg,Bengin cases,benign,512,512,RGB
C:\Users\Usuario\.cache\kagglehub\datasets\adityamahimkar\iqothnccd-lung-cancer-dataset\versions\2\The IQ-OTHNCCD lung cancer dataset\The IQ-OTHNCCD lung cancer dataset\Bengin cases\Bengin case (114).jpg,Bengin case (114).jpg,Bengin cases,benign,512,512,RGB
C:\Users\Usuario\.cache\kagglehub\datasets\adityamahimkar\iqothnccd-lung-cancer-dataset\versions\2\The IQ-OTHNCCD lung cancer dataset\The IQ-OTHNCCD lung cancer dataset\Bengin cases\Bengin case (115).jpg,Bengin case (115).jpg,Bengin cases,benign,512,512,RGB
C:\Users\Usuario\.cache\kagglehub\datasets\adityamahimkar\iqothnccd-lung-cancer-dataset\versions\2\The IQ-OTHNCCD lung cancer dataset\The IQ-OTHNCCD lung cancer dataset\Bengin cases\Bengin case (116).jpg,Bengin case (116).jpg,Bengin cases,benign,512,512,RGB
C:\Users\Usuario\.cache\kagglehub\datasets\adityamahimkar\iqothnccd-lung-cancer-dataset\versions\2\The IQ-OTHNCCD lung cancer dataset\The IQ-OTHNCCD lung cancer dataset\Bengin cases\Bengin case (117).jpg,Bengin case (117).jpg,Bengin cases,benign,512,512,RGB
C:\Users\Usuario\.cache\kagglehub\datasets\adityamahimkar\iqothnccd-lung-cancer-dataset\versions\2\The IQ-OTHNCCD lung cancer dataset\The IQ-OTHNCCD lung cancer dataset\Bengin cases\Bengin case (118).jpg,Bengin case (118).jpg,Bengin cases,benign,512,512,RGB
C:\Users\Usuario\.cache\kagglehub\datasets\adityamahimkar\iqothnccd-lung-cancer-dataset\versions\2\The IQ-OTHNCCD lung cancer dataset\The IQ-OTHNCCD lung cancer dataset\Bengin cases\Bengin case (119).jpg,Bengin case (119).jpg,Bengin cases,benign,512,512,RGB
C:\Users\Usuario\.cache\kagglehub\datasets\adityamahimkar\iqothnccd-lung-cancer-dataset\versions\2\The IQ-OTHNCCD lung cancer dataset\The IQ-OTHNCCD lung cancer dataset\Bengin cases\Bengin case (12).jpg,Bengin case (12).jpg,Bengin cases,benign,512,512,RGB
C:\Users\Usuario\.cache\kagglehub\datasets\adityamahimkar\iqothnccd-lung-cancer-dataset\versions\2\The IQ-OTHNCCD lung cancer dataset\The IQ-OTHNCCD lung cancer dataset\Bengin cases\Bengin case (120).jpg,Bengin case (120).jpg,Bengin cases,benign,512,512,RGB
C:\Users\Usuario\.cache\kagglehub\datasets\adityamahimkar\iqothnccd-lung-cancer-dataset\versions\2\The IQ-OTHNCCD lung cancer dataset\The IQ-OTHNCCD lung cancer dataset\Bengin cases\Bengin case (13).jpg,Bengin case (13).jpg,Bengin cases,benign,512,512,RGB
C:\Users\Usuario\.cache\kagglehub\datasets\adityamahimkar\iqothnccd-lung-cancer-dataset\versions\2\The IQ-OTHNCCD lung cancer dataset\The IQ-OTHNCCD lung cancer dataset\Bengin cases\Bengin case (14).jpg,Bengin case (14).jpg,Bengin cases,benign,512,512,RGB
C:\Users\Usuario\.cache\kagglehub\datasets\adityamahimkar\iqothnccd-lung-cancer-dataset\versions\2\The IQ-OTHNCCD lung cancer dataset\The IQ-OTHNCCD lung cancer dataset\Bengin cases\Bengin case (15).jpg,Bengin case (15).jpg,Bengin cases,benign,512,512,RGB
C:\Users\Usuario\.cache\kagglehub\datasets\adityamahimkar\iqothnccd-lung-cancer-dataset\versions\2\The IQ-OTHNCCD lung cancer dataset\The IQ-OTHNCCD lung cancer dataset\Bengin cases\Bengin case (16).jpg,Bengin case (16).jpg,Bengin cases,benign,512,512,RGB
C:\Users\Usuario\.cache\kagglehub\datasets\adityamahimkar\iqothnccd-lung-cancer-dataset\versions\2\The IQ-OTHNCCD lung cancer dataset\The IQ-OTHNCCD lung cancer dataset\Bengin cases\Bengin case (17).jpg,Bengin case (17).jpg,Bengin cases,benign,512,512,RGB
C:\Users\Usuario\.cache\kagglehub\datasets\adityamahimkar\iqothnccd-lung-cancer-dataset\versions\2\The IQ-OTHNCCD lung cancer dataset\The IQ-OTHNCCD lung cancer dataset\Bengin cases\Bengin case (18).jpg,Bengin case (18).jpg,Bengin cases,benign,512,512,RGB
C:\Users\Usuario\.cache\kagglehub\datasets\adityamahimkar\iqothnccd-lung-cancer-dataset\versions\2\The IQ-OTHNCCD lung cancer dataset\The IQ-OTHNCCD lung cancer dataset\Bengin cases\Bengin case (19).jpg,Bengin case (19).jpg,Bengin cases,benign,512,512,RGB
C:\Users\Usuario\.cache\kagglehub\datasets\adityamahimkar\iqothnccd-lung-cancer-dataset\versions\2\The IQ-OTHNCCD lung cancer dataset\The IQ-OTHNCCD lung cancer dataset\Bengin cases\Bengin case (2).jpg,Bengin case (2).jpg,Bengin cases,benign,512,512,RGB
C:\Users\Usuario\.cache\kagglehub\datasets\adityamahimkar\iqothnccd-lung-cancer-dataset\versions\2\The IQ-OTHNCCD lung cancer dataset\The IQ-OTHNCCD lung cancer dataset\Bengin cases\Bengin case (20).jpg,Bengin case (20).jpg,Bengin cases,benign,512,512,RGB
C:\Users\Usuario\.cache\kagglehub\datasets\adityamahimkar\iqothnccd-lung-cancer-dataset\versions\2\The IQ-OTHNCCD lung cancer dataset\The IQ-OTHNCCD lung cancer dataset\Bengin cases\Bengin case (21).jpg,Bengin case (21).jpg,Bengin cases,benign,512,512,RGB
C:\Users\Usuario\.cache\kagglehub\datasets\adityamahimkar\iqothnccd-lung-cancer-dataset\versions\2\The IQ-OTHNCCD lung cancer dataset\The IQ-OTHNCCD lung cancer dataset\Bengin cases\Bengin case (22).jpg,Bengin case (22).jpg,Bengin cases,benign,512,512,RGB
C:\Users\Usuario\.cache\kagglehub\datasets\adityamahimkar\iqothnccd-lung-cancer-dataset\versions\2\The IQ-OTHNCCD lung cancer dataset\The IQ-OTHNCCD lung cancer dataset\Bengin cases\Bengin case (23).jpg,Bengin case (23).jpg,Bengin cases,benign,512,512,RGB
C:\Users\Usuario\.cache\kagglehub\datasets\adityamahimkar\iqothnccd-lung-cancer-dataset\versions\2\The IQ-OTHNCCD lung cancer dataset\The IQ-OTHNCCD lung cancer dataset\Bengin cases\Bengin case (24).jpg,Bengin case (24).jpg,Bengin cases,benign,512,512,RGB
C:\Users\Usuario\.cache\kagglehub\datasets\adityamahimkar\iqothnccd-lung-cancer-dataset\versions\2\The IQ-OTHNCCD lung cancer dataset\The IQ-OTHNCCD lung cancer dataset\Bengin cases\Bengin case (25).jpg,Bengin case (25).jpg,Bengin cases,benign,512,512,RGB
C:\Users\Usuario\.cache\kagglehub\datasets\adityamahimkar\iqothnccd-lung-cancer-dataset\versions\2\The IQ-OTHNCCD lung cancer dataset\The IQ-OTHNCCD lung cancer dataset\Bengin cases\Bengin case (26).jpg,Bengin case (26).jpg,Bengin cases,benign,512,512,RGB
C:\Users\Usuario\.cache\kagglehub\datasets\adityamahimkar\iqothnccd-lung-cancer-dataset\versions\2\The IQ-OTHNCCD lung cancer dataset\The IQ-OTHNCCD lung cancer dataset\Bengin cases\Bengin case (27).jpg,Bengin case (27).jpg,Bengin cases,benign,512,512,RGB
C:\Users\Usuario\.cache\kagglehub\datasets\adityamahimkar\iqothnccd-lung-cancer-dataset\versions\2\The IQ-OTHNCCD lung cancer dataset\The IQ-OTHNCCD lung cancer dataset\Bengin cases\Bengin case (28).jpg,Bengin case (28).jpg,Bengin cases,benign,512,512,RGB
C:\Users\Usuario\.cache\kagglehub\datasets\adityamahimkar\iqothnccd-lung-cancer-dataset\versions\2\The IQ-OTHNCCD lung cancer dataset\The IQ-OTHNCCD lung cancer dataset\Bengin cases\Bengin case (29).jpg,Bengin case (29).jpg,Bengin cases,benign,512,512,RGB
C:\Users\Usuario\.cache\kagglehub\datasets\adityamahimkar\iqothnccd-lung-cancer-dataset\versions\2\The IQ-OTHNCCD lung cancer dataset\The IQ-OTHNCCD lung cancer dataset\Bengin cases\Bengin case (3).jpg,Bengin case (3).jpg,Bengin cases,benign,512,512,RGB
C:\Users\Usuario\.cache\kagglehub\datasets\adityamahimkar\iqothnccd-lung-cancer-dataset\versions\2\The IQ-OTHNCCD lung cancer dataset\The IQ-OTHNCCD lung cancer dataset\Bengin cases\Bengin case (30).jpg,Bengin case (30).jpg,Bengin cases,benign,512,512,RGB
C:\Users\Usuario\.cache\kagglehub\datasets\adityamahimkar\iqothnccd-lung-cancer-dataset\versions\2\The IQ-OTHNCCD lung cancer dataset\The IQ-OTHNCCD lung cancer dataset\Bengin cases\Bengin case (31).jpg,Bengin case (31).jpg,Bengin cases,benign,512,512,RGB
C:\Users\Usuario\.cache\kagglehub\datasets\adityamahimkar\iqothnccd-lung-cancer-dataset\versions\2\The IQ-OTHNCCD lung cancer dataset\The IQ-OTHNCCD lung cancer dataset\Bengin cases\Bengin case (32).jpg,Bengin case (32).jpg,Bengin cases,benign,512,512,RGB
C:\Users\Usuario\.cache\kagglehub\datasets\adityamahimkar\iqothnccd-lung-cancer-dataset\versions\2\The IQ-OTHNCCD lung cancer dataset\The IQ-OTHNCCD lung cancer dataset\Bengin cases\Bengin case (33).jpg,Bengin case (33).jpg,Bengin cases,benign,512,512,RGB
C:\Users\Usuario\.cache\kagglehub\datasets\adityamahimkar\iqothnccd-lung-cancer-dataset\versions\2\The IQ-OTHNCCD lung cancer dataset\The IQ-OTHNCCD lung cancer dataset\Bengin cases\Bengin case (34).jpg,Bengin case (34).jpg,Bengin cases,benign,512,512,RGB
C:\Users\Usuario\.cache\kagglehub\datasets\adityamahimkar\iqothnccd-lung-cancer-dataset\versions\2\The IQ-OTHNCCD lung cancer dataset\The IQ-OTHNCCD lung cancer dataset\Bengin cases\Bengin case (35).jpg,Bengin case (35).jpg,Bengin cases,benign,512,512,RGB
C:\Users\Usuario\.cache\kagglehub\datasets\adityamahimkar\iqothnccd-lung-cancer-dataset\versions\2\The IQ-OTHNCCD lung cancer dataset\The IQ-OTHNCCD lung cancer dataset\Bengin cases\Bengin case (36).jpg,Bengin case (36).jpg,Bengin cases,benign,512,512,RGB
C:\Users\Usuario\.cache\kagglehub\datasets\adityamahimkar\iqothnccd-lung-cancer-dataset\versions\2\The IQ-OTHNCCD lung cancer dataset\The IQ-OTHNCCD lung cancer dataset\Bengin cases\Bengin case (37).jpg,Bengin case (37).jpg,Bengin cases,benign,512,512,RGB
C:\Users\Usuario\.cache\kagglehub\datasets\adityamahimkar\iqothnccd-lung-cancer-dataset\versions\2\The IQ-OTHNCCD lung cancer dataset\The IQ-OTHNCCD lung cancer dataset\Bengin cases\Bengin case (38).jpg,Bengin case (38).jpg,Bengin cases,benign,512,512,RGB
C:\Users\Usuario\.cache\kagglehub\datasets\adityamahimkar\iqothnccd-lung-cancer-dataset\versions\2\The IQ-OTHNCCD lung cancer dataset\The IQ-OTHNCCD lung cancer dataset\Bengin cases\Bengin case (39).jpg,Bengin case (39).jpg,Bengin cases,benign,512,512,RGB
C:\Users\Usuario\.cache\kagglehub\datasets\adityamahimkar\iqothnccd-lung-cancer-dataset\versions\2\The IQ-OTHNCCD lung cancer dataset\The IQ-OTHNCCD lung cancer dataset\Bengin cases\Bengin case (4).jpg,Bengin case (4).jpg,Bengin cases,benign,512,512,RGB
C:\Users\Usuario\.cache\kagglehub\datasets\adityamahimkar\iqothnccd-lung-cancer-dataset\versions\2\The IQ-OTHNCCD lung cancer dataset\The IQ-OTHNCCD lung cancer dataset\Bengin cases\Bengin case (40).jpg,Bengin case (40).jpg,Bengin cases,benign,512,512,RGB
C:\Users\Usuario\.cache\kagglehub\datasets\adityamahimkar\iqothnccd-lung-cancer-dataset\versions\2\The IQ-OTHNCCD lung cancer dataset\The IQ-OTHNCCD lung cancer dataset\Bengin cases\Bengin case (41).jpg,Bengin case (41).jpg,Bengin cases,benign,512,512,RGB
C:\Users\Usuario\.cache\kagglehub\datasets\adityamahimkar\iqothnccd-lung-cancer-dataset\versions\2\The IQ-OTHNCCD lung cancer dataset\The IQ-OTHNCCD lung cancer dataset\Bengin cases\Bengin case (42).jpg,Bengin case (42).jpg,Bengin cases,benign,512,512,RGB
C:\Users\Usuario\.cache\kagglehub\datasets\adityamahimkar\iqothnccd-lung-cancer-dataset\versions\2\The IQ-OTHNCCD lung cancer dataset\The IQ-OTHNCCD lung cancer dataset\Bengin cases\Bengin case (43).jpg,Bengin case (43).jpg,Bengin cases,benign,512,512,RGB
C:\Users\Usuario\.cache\kagglehub\datasets\adityamahimkar\iqothnccd-lung-cancer-dataset\versions\2\The IQ-OTHNCCD lung cancer dataset\The IQ-OTHNCCD lung cancer dataset\Bengin cases\Bengin case (44).jpg,Bengin case (44).jpg,Bengin cases,benign,512,512,RGB
C:\Users\Usuario\.cache\kagglehub\datasets\adityamahimkar\iqothnccd-lung-cancer-dataset\versions\2\The IQ-OTHNCCD lung cancer dataset\The IQ-OTHNCCD lung cancer dataset\Bengin cases\Bengin case (45).jpg,Bengin case (45).jpg,Bengin cases,benign,512,512,RGB
C:\Users\Usuario\.cache\kagglehub\datasets\adityamahimkar\iqothnccd-lung-cancer-dataset\versions\2\The IQ-OTHNCCD lung cancer dataset\The IQ-OTHNCCD lung cancer dataset\Bengin cases\Bengin case (46).jpg,Bengin case (46).jpg,Bengin cases,benign,512,512,RGB
C:\Users\Usuario\.cache\kagglehub\datasets\adityamahimkar\iqothnccd-lung-cancer-dataset\versions\2\The IQ-OTHNCCD lung cancer dataset\The IQ-OTHNCCD lung cancer dataset\Bengin cases\Bengin case (47).jpg,Bengin case (47).jpg,Bengin cases,benign,512,512,RGB
C:\Users\Usuario\.cache\kagglehub\datasets\adityamahimkar\iqothnccd-lung-cancer-dataset\versions\2\The IQ-OTHNCCD lung cancer dataset\The IQ-OTHNCCD lung cancer dataset\Bengin cases\Bengin case (48).jpg,Bengin case (48).jpg,Bengin cases,benign,512,512,RGB
C:\Users\Usuario\.cache\kagglehub\datasets\adityamahimkar\iqothnccd-lung-cancer-dataset\versions\2\The IQ-OTHNCCD lung cancer dataset\The IQ-OTHNCCD lung cancer dataset\Bengin cases\Bengin case (49).jpg,Bengin case (49).jpg,Bengin cases,benign,512,512,RGB
C:\Users\Usuario\.cache\kagglehub\datasets\adityamahimkar\iqothnccd-lung-cancer-dataset\versions\2\The IQ-OTHNCCD lung cancer dataset\The IQ-OTHNCCD lung cancer dataset\Bengin cases\Bengin case (5).jpg,Bengin case (5).jpg,Bengin cases,benign,512,512,RGB
C:\Users\Usuario\.cache\kagglehub\datasets\adityamahimkar\iqothnccd-lung-cancer-dataset\versions\2\The IQ-OTHNCCD lung cancer dataset\The IQ-OTHNCCD lung cancer dataset\Bengin cases\Bengin case (50).jpg,Bengin case (50).jpg,Bengin cases,benign,512,512,RGB
C:\Users\Usuario\.cache\kagglehub\datasets\adityamahimkar\iqothnccd-lung-cancer-dataset\versions\2\The IQ-OTHNCCD lung cancer dataset\The IQ-OTHNCCD lung cancer dataset\Bengin cases\Bengin case (51).jpg,Bengin case (51).jpg,Bengin cases,benign,512,512,RGB
C:\Users\Usuario\.cache\kagglehub\datasets\adityamahimkar\iqothnccd-lung-cancer-dataset\versions\2\The IQ-OTHNCCD lung cancer dataset\The IQ-OTHNCCD lung cancer dataset\Bengin cases\Bengin case (52).jpg,Bengin case (52).jpg,Bengin cases,benign,512,512,RGB
C:\Users\Usuario\.cache\kagglehub\datasets\adityamahimkar\iqothnccd-lung-cancer-dataset\versions\2\The IQ-OTHNCCD lung cancer dataset\The IQ-OTHNCCD lung cancer dataset\Bengin cases\Bengin case (53).jpg,Bengin case (53).jpg,Bengin cases,benign,512,512,RGB
C:\Users\Usuario\.cache\kagglehub\datasets\adityamahimkar\iqothnccd-lung-cancer-dataset\versions\2\The IQ-OTHNCCD lung cancer dataset\The IQ-OTHNCCD lung cancer dataset\Bengin cases\Bengin case (54).jpg,Bengin case (54).jpg,Bengin cases,benign,512,512,RGB
C:\Users\Usuario\.cache\kagglehub\datasets\adityamahimkar\iqothnccd-lung-cancer-dataset\versions\2\The IQ-OTHNCCD lung cancer dataset\The IQ-OTHNCCD lung cancer dataset\Bengin cases\Bengin case (55).jpg,Bengin case (55).jpg,Bengin cases,benign,512,512,RGB
C:\Users\Usuario\.cache\kagglehub\datasets\adityamahimkar\iqothnccd-lung-cancer-dataset\versions\2\The IQ-OTHNCCD lung cancer dataset\The IQ-OTHNCCD lung cancer dataset\Bengin cases\Bengin case (56).jpg,Bengin case (56).jpg,Bengin cases,benign,512,512,RGB
C:\Users\Usuario\.cache\kagglehub\datasets\adityamahimkar\iqothnccd-lung-cancer-dataset\versions\2\The IQ-OTHNCCD lung cancer dataset\The IQ-OTHNCCD lung cancer dataset\Bengin cases\Bengin case (57).jpg,Bengin case (57).jpg,Bengin cases,benign,512,512,RGB
C:\Users\Usuario\.cache\kagglehub\datasets\adityamahimkar\iqothnccd-lung-cancer-dataset\versions\2\The IQ-OTHNCCD lung cancer dataset\The IQ-OTHNCCD lung cancer dataset\Bengin cases\Bengin case (58).jpg,Bengin case (58).jpg,Bengin cases,benign,512,512,RGB
C:\Users\Usuario\.cache\kagglehub\datasets\adityamahimkar\iqothnccd-lung-cancer-dataset\versions\2\The IQ-OTHNCCD lung cancer dataset\The IQ-OTHNCCD lung cancer dataset\Bengin cases\Bengin case (59).jpg,Bengin case (59).jpg,Bengin cases,benign,512,512,RGB
C:\Users\Usuario\.cache\kagglehub\datasets\adityamahimkar\iqothnccd-lung-cancer-dataset\versions\2\The IQ-OTHNCCD lung cancer dataset\The IQ-OTHNCCD lung cancer dataset\Bengin cases\Bengin case (6).jpg,Bengin case (6).jpg,Bengin cases,benign,512,512,RGB
C:\Users\Usuario\.cache\kagglehub\datasets\adityamahimkar\iqothnccd-lung-cancer-dataset\versions\2\The IQ-OTHNCCD lung cancer dataset\The IQ-OTHNCCD lung cancer dataset\Bengin cases\Bengin case (60).jpg,Bengin case (60).jpg,Bengin cases,benign,512,512,RGB
C:\Users\Usuario\.cache\kagglehub\datasets\adityamahimkar\iqothnccd-lung-cancer-dataset\versions\2\The IQ-OTHNCCD lung cancer dataset\The IQ-OTHNCCD lung cancer dataset\Bengin cases\Bengin case (61).jpg,Bengin case (61).jpg,Bengin cases,benign,512,512,RGB
C:\Users\Usuario\.cache\kagglehub\datasets\adityamahimkar\iqothnccd-lung-cancer-dataset\versions\2\The IQ-OTHNCCD lung cancer dataset\The IQ-OTHNCCD lung cancer dataset\Bengin cases\Bengin case (62).jpg,Bengin case (62).jpg,Bengin cases,benign,512,512,RGB
C:\Users\Usuario\.cache\kagglehub\datasets\adityamahimkar\iqothnccd-lung-cancer-dataset\versions\2\The IQ-OTHNCCD lung cancer dataset\The IQ-OTHNCCD lung cancer dataset\Bengin cases\Bengin case (63).jpg,Bengin case (63).jpg,Bengin cases,benign,512,512,RGB
C:\Users\Usuario\.cache\kagglehub\datasets\adityamahimkar\iqothnccd-lung-cancer-dataset\versions\2\The IQ-OTHNCCD lung cancer dataset\The IQ-OTHNCCD lung cancer dataset\Bengin cases\Bengin case (64).jpg,Bengin case (64).jpg,Bengin cases,benign,512,512,RGB
C:\Users\Usuario\.cache\kagglehub\datasets\adityamahimkar\iqothnccd-lung-cancer-dataset\versions\2\The IQ-OTHNCCD lung cancer dataset\The IQ-OTHNCCD lung cancer dataset\Bengin cases\Bengin case (65).jpg,Bengin case (65).jpg,Bengin cases,benign,512,512,RGB
C:\Users\Usuario\.cache\kagglehub\datasets\adityamahimkar\iqothnccd-lung-cancer-dataset\versions\2\The IQ-OTHNCCD lung cancer dataset\The IQ-OTHNCCD lung cancer dataset\Bengin cases\Bengin case (66).jpg,Bengin case (66).jpg,Bengin cases,benign,512,512,RGB
C:\Users\Usuario\.cache\kagglehub\datasets\adityamahimkar\iqothnccd-lung-cancer-dataset\versions\2\The IQ-OTHNCCD lung cancer dataset\The IQ-OTHNCCD lung cancer dataset\Bengin cases\Bengin case (67).jpg,Bengin case (67).jpg,Bengin cases,benign,512,512,RGB
C:\Users\Usuario\.cache\kagglehub\datasets\adityamahimkar\iqothnccd-lung-cancer-dataset\versions\2\The IQ-OTHNCCD lung cancer dataset\The IQ-OTHNCCD lung cancer dataset\Bengin cases\Bengin case (68).jpg,Bengin case (68).jpg,Bengin cases,benign,512,512,RGB
C:\Users\Usuario\.cache\kagglehub\datasets\adityamahimkar\iqothnccd-lung-cancer-dataset\versions\2\The IQ-OTHNCCD lung cancer dataset\The IQ-OTHNCCD lung cancer dataset\Bengin cases\Bengin case (69).jpg,Bengin case (69).jpg,Bengin cases,benign,512,512,RGB
C:\Users\Usuario\.cache\kagglehub\datasets\adityamahimkar\iqothnccd-lung-cancer-dataset\versions\2\The IQ-OTHNCCD lung cancer dataset\The IQ-OTHNCCD lung cancer dataset\Bengin cases\Bengin case (7).jpg,Bengin case (7).jpg,Bengin cases,benign,512,512,RGB
C:\Users\Usuario\.cache\kagglehub\datasets\adityamahimkar\iqothnccd-lung-cancer-dataset\versions\2\The IQ-OTHNCCD lung cancer dataset\The IQ-OTHNCCD lung cancer dataset\Bengin cases\Bengin case (70).jpg,Bengin case (70).jpg,Bengin cases,benign,512,512,RGB
C:\Users\Usuario\.cache\kagglehub\datasets\adityamahimkar\iqothnccd-lung-cancer-dataset\versions\2\The IQ-OTHNCCD lung cancer dataset\The IQ-OTHNCCD lung cancer dataset\Bengin cases\Bengin case (71).jpg,Bengin case (71).jpg,Bengin cases,benign,512,512,RGB
C:\Users\Usuario\.cache\kagglehub\datasets\adityamahimkar\iqothnccd-lung-cancer-dataset\versions\2\The IQ-OTHNCCD lung cancer dataset\The IQ-OTHNCCD lung cancer dataset\Bengin cases\Bengin case (72).jpg,Bengin case (72).jpg,Bengin cases,benign,512,512,RGB
C:\Users\Usuario\.cache\kagglehub\datasets\adityamahimkar\iqothnccd-lung-cancer-dataset\versions\2\The IQ-OTHNCCD lung cancer dataset\The IQ-OTHNCCD lung cancer dataset\Bengin cases\Bengin case (73).jpg,Bengin case (73).jpg,Bengin cases,benign,512,512,RGB
C:\Users\Usuario\.cache\kagglehub\datasets\adityamahimkar\iqothnccd-lung-cancer-dataset\versions\2\The IQ-OTHNCCD lung cancer dataset\The IQ-OTHNCCD lung cancer dataset\Bengin cases\Bengin case (74).jpg,Bengin case (74).jpg,Bengin cases,benign,512,512,RGB
C:\Users\Usuario\.cache\kagglehub\datasets\adityamahimkar\iqothnccd-lung-cancer-dataset\versions\2\The IQ-OTHNCCD lung cancer dataset\The IQ-OTHNCCD lung cancer dataset\Bengin cases\Bengin case (75).jpg,Bengin case (75).jpg,Bengin cases,benign,512,512,RGB
C:\Users\Usuario\.cache\kagglehub\datasets\adityamahimkar\iqothnccd-lung-cancer-dataset\versions\2\The IQ-OTHNCCD lung cancer dataset\The IQ-OTHNCCD lung cancer dataset\Bengin cases\Bengin case (76).jpg,Bengin case (76).jpg,Bengin cases,benign,512,512,RGB
C:\Users\Usuario\.cache\kagglehub\datasets\adityamahimkar\iqothnccd-lung-cancer-dataset\versions\2\The IQ-OTHNCCD lung cancer dataset\The IQ-OTHNCCD lung cancer dataset\Bengin cases\Bengin case (77).jpg,Bengin case (77).jpg,Bengin cases,benign,512,512,RGB
C:\Users\Usuario\.cache\kagglehub\datasets\adityamahimkar\iqothnccd-lung-cancer-dataset\versions\2\The IQ-OTHNCCD lung cancer dataset\The IQ-OTHNCCD lung cancer dataset\Bengin cases\Bengin case (78).jpg,Bengin case (78).jpg,Bengin cases,benign,512,512,RGB
C:\Users\Usuario\.cache\kagglehub\datasets\adityamahimkar\iqothnccd-lung-cancer-dataset\versions\2\The IQ-OTHNCCD lung cancer dataset\The IQ-OTHNCCD lung cancer dataset\Bengin cases\Bengin case (79).jpg,Bengin case (79).jpg,Bengin cases,benign,512,512,RGB
C:\Users\Usuario\.cache\kagglehub\datasets\adityamahimkar\iqothnccd-lung-cancer-dataset\versions\2\The IQ-OTHNCCD lung cancer dataset\The IQ-OTHNCCD lung cancer dataset\Bengin cases\Bengin case (8).jpg,Bengin case (8).jpg,Bengin cases,benign,512,512,RGB
C:\Users\Usuario\.cache\kagglehub\datasets\adityamahimkar\iqothnccd-lung-cancer-dataset\versions\2\The IQ-OTHNCCD lung cancer dataset\The IQ-OTHNCCD lung cancer dataset\Bengin cases\Bengin case (80).jpg,Bengin case (80).jpg,Bengin cases,benign,512,512,RGB
C:\Users\Usuario\.cache\kagglehub\datasets\adityamahimkar\iqothnccd-lung-cancer-dataset\versions\2\The IQ-OTHNCCD lung cancer dataset\The IQ-OTHNCCD lung cancer dataset\Bengin cases\Bengin case (81).jpg,Bengin case (81).jpg,Bengin cases,benign,512,512,RGB
C:\Users\Usuario\.cache\kagglehub\datasets\adityamahimkar\iqothnccd-lung-cancer-dataset\versions\2\The IQ-OTHNCCD lung cancer dataset\The IQ-OTHNCCD lung cancer dataset\Bengin cases\Bengin case (82).jpg,Bengin case (82).jpg,Bengin cases,benign,512,512,RGB
C:\Users\Usuario\.cache\kagglehub\datasets\adityamahimkar\iqothnccd-lung-cancer-dataset\versions\2\The IQ-OTHNCCD lung cancer dataset\The IQ-OTHNCCD lung cancer dataset\Bengin cases\Bengin case (83).jpg,Bengin case (83).jpg,Bengin cases,benign,512,512,RGB
C:\Users\Usuario\.cache\kagglehub\datasets\adityamahimkar\iqothnccd-lung-cancer-dataset\versions\2\The IQ-OTHNCCD lung cancer dataset\The IQ-OTHNCCD lung cancer dataset\Bengin cases\Bengin case (84).jpg,Bengin case (84).jpg,Bengin cases,benign,512,512,RGB
C:\Users\Usuario\.cache\kagglehub\datasets\adityamahimkar\iqothnccd-lung-cancer-dataset\versions\2\The IQ-OTHNCCD lung cancer dataset\The IQ-OTHNCCD lung cancer dataset\Bengin cases\Bengin case (85).jpg,Bengin case (85).jpg,Bengin cases,benign,512,512,RGB
C:\Users\Usuario\.cache\kagglehub\datasets\adityamahimkar\iqothnccd-lung-cancer-dataset\versions\2\The IQ-OTHNCCD lung cancer dataset\The IQ-OTHNCCD lung cancer dataset\Bengin cases\Bengin case (86).jpg,Bengin case (86).jpg,Bengin cases,benign,512,512,RGB
C:\Users\Usuario\.cache\kagglehub\datasets\adityamahimkar\iqothnccd-lung-cancer-dataset\versions\2\The IQ-OTHNCCD lung cancer dataset\The IQ-OTHNCCD lung cancer dataset\Bengin cases\Bengin case (87).jpg,Bengin case (87).jpg,Bengin cases,benign,512,512,RGB
C:\Users\Usuario\.cache\kagglehub\datasets\adityamahimkar\iqothnccd-lung-cancer-dataset\versions\2\The IQ-OTHNCCD lung cancer dataset\The IQ-OTHNCCD lung cancer dataset\Bengin cases\Bengin case (88).jpg,Bengin case (88).jpg,Bengin cases,benign,512,512,RGB
C:\Users\Usuario\.cache\kagglehub\datasets\adityamahimkar\iqothnccd-lung-cancer-dataset\versions\2\The IQ-OTHNCCD lung cancer dataset\The IQ-OTHNCCD lung cancer dataset\Bengin cases\Bengin case (89).jpg,Bengin case (89).jpg,Bengin cases,benign,512,512,RGB
C:\Users\Usuario\.cache\kagglehub\datasets\adityamahimkar\iqothnccd-lung-cancer-dataset\versions\2\The IQ-OTHNCCD lung cancer dataset\The IQ-OTHNCCD lung cancer dataset\Bengin cases\Bengin case (9).jpg,Bengin case (9).jpg,Bengin cases,benign,512,512,RGB
C:\Users\Usuario\.cache\kagglehub\datasets\adityamahimkar\iqothnccd-lung-cancer-dataset\versions\2\The IQ-OTHNCCD lung cancer dataset\The IQ-OTHNCCD lung cancer dataset\Bengin cases\Bengin case (90).jpg,Bengin case (90).jpg,Bengin cases,benign,512,512,RGB
C:\Users\Usuario\.cache\kagglehub\datasets\adityamahimkar\iqothnccd-lung-cancer-dataset\versions\2\The IQ-OTHNCCD lung cancer dataset\The IQ-OTHNCCD lung cancer dataset\Bengin cases\Bengin case (91).jpg,Bengin case (91).jpg,Bengin cases,benign,512,512,RGB
C:\Users\Usuario\.cache\kagglehub\datasets\adityamahimkar\iqothnccd-lung-cancer-dataset\versions\2\The IQ-OTHNCCD lung cancer dataset\The IQ-OTHNCCD lung cancer dataset\Bengin cases\Bengin case (92).jpg,Bengin case (92).jpg,Bengin cases,benign,512,512,RGB
C:\Users\Usuario\.cache\kagglehub\datasets\adityamahimkar\iqothnccd-lung-cancer-dataset\versions\2\The IQ-OTHNCCD lung cancer dataset\The IQ-OTHNCCD lung cancer dataset\Bengin cases\Bengin case (93).jpg,Bengin case (93).jpg,Bengin cases,benign,512,512,RGB
C:\Users\Usuario\.cache\kagglehub\datasets\adityamahimkar\iqothnccd-lung-cancer-dataset\versions\2\The IQ-OTHNCCD lung cancer dataset\The IQ-OTHNCCD lung cancer dataset\Bengin cases\Bengin case (94).jpg,Bengin case (94).jpg,Bengin cases,benign,512,512,RGB
C:\Users\Usuario\.cache\kagglehub\datasets\adityamahimkar\iqothnccd-lung-cancer-dataset\versions\2\The IQ-OTHNCCD lung cancer dataset\The IQ-OTHNCCD lung cancer dataset\Bengin cases\Bengin case (95).jpg,Bengin case (95).jpg,Bengin cases,benign,512,512,RGB
C:\Users\Usuario\.cache\kagglehub\datasets\adityamahimkar\iqothnccd-lung-cancer-dataset\versions\2\The IQ-OTHNCCD lung cancer dataset\The IQ-OTHNCCD lung cancer dataset\Bengin cases\Bengin case (96).jpg,Bengin case (96).jpg,Bengin cases,benign,512,512,RGB
C:\Users\Usuario\.cache\kagglehub\datasets\adityamahimkar\iqothnccd-lung-cancer-dataset\versions\2\The IQ-OTHNCCD lung cancer dataset\The IQ-OTHNCCD lung cancer dataset\Bengin cases\Bengin case (97).jpg,Bengin case (97).jpg,Bengin cases,benign,512,512,RGB
C:\Users\Usuario\.cache\kagglehub\datasets\adityamahimkar\iqothnccd-lung-cancer-dataset\versions\2\The IQ-OTHNCCD lung cancer dataset\The IQ-OTHNCCD lung cancer dataset\Bengin cases\Bengin case (98).jpg,Bengin case (98).jpg,Bengin cases,benign,512,512,RGB
C:\Users\Usuario\.cache\kagglehub\datasets\adityamahimkar\iqothnccd-lung-cancer-dataset\versions\2\The IQ-OTHNCCD lung cancer dataset\The IQ-OTHNCCD lung cancer dataset\Bengin cases\Bengin case (99).jpg,Bengin case (99).jpg,Bengin cases,benign,512,512,RGB
C:\Users\Usuario\.cache\kagglehub\datasets\adityamahimkar\iqothnccd-lung-cancer-dataset\versions\2\The IQ-OTHNCCD lung cancer dataset\The IQ-OTHNCCD lung cancer dataset\Malignant cases\Malignant case (1).jpg,Malignant case (1).jpg,Malignant cases,malignant,512,512,RGB
C:\Users\Usuario\.cache\kagglehub\datasets\adityamahimkar\iqothnccd-lung-cancer-dataset\versions\2\The IQ-OTHNCCD lung cancer dataset\The IQ-OTHNCCD lung cancer dataset\Malignant cases\Malignant case (10).jpg,Malignant case (10).jpg,Malignant cases,malignant,512,512,RGB
C:\Users\Usuario\.cache\kagglehub\datasets\adityamahimkar\iqothnccd-lung-cancer-dataset\versions\2\The IQ-OTHNCCD lung cancer dataset\The IQ-OTHNCCD lung cancer dataset\Malignant cases\Malignant case (100).jpg,Malignant case (100).jpg,Malignant cases,malignant,512,512,RGB
C:\Users\Usuario\.cache\kagglehub\datasets\adityamahimkar\iqothnccd-lung-cancer-dataset\versions\2\The IQ-OTHNCCD lung cancer dataset\The IQ-OTHNCCD lung cancer dataset\Malignant cases\Malignant case (101).jpg,Malignant case (101).jpg,Malignant cases,malignant,512,512,RGB
C:\Users\Usuario\.cache\kagglehub\datasets\adityamahimkar\iqothnccd-lung-cancer-dataset\versions\2\The IQ-OTHNCCD lung cancer dataset\The IQ-OTHNCCD lung cancer dataset\Malignant cases\Malignant case (102).jpg,Malignant case (102).jpg,Malignant cases,malignant,512,512,RGB
C:\Users\Usuario\.cache\kagglehub\datasets\adityamahimkar\iqothnccd-lung-cancer-dataset\versions\2\The IQ-OTHNCCD lung cancer dataset\The IQ-OTHNCCD lung cancer dataset\Malignant cases\Malignant case (103).jpg,Malignant case (103).jpg,Malignant cases,malignant,512,512,RGB
C:\Users\Usuario\.cache\kagglehub\datasets\adityamahimkar\iqothnccd-lung-cancer-dataset\versions\2\The IQ-OTHNCCD lung cancer dataset\The IQ-OTHNCCD lung cancer dataset\Malignant cases\Malignant case (104).jpg,Malignant case (104).jpg,Malignant cases,malignant,512,512,RGB
C:\Users\Usuario\.cache\kagglehub\datasets\adityamahimkar\iqothnccd-lung-cancer-dataset\versions\2\The IQ-OTHNCCD lung cancer dataset\The IQ-OTHNCCD lung cancer dataset\Malignant cases\Malignant case (105).jpg,Malignant case (105).jpg,Malignant cases,malignant,512,512,RGB
C:\Users\Usuario\.cache\kagglehub\datasets\adityamahimkar\iqothnccd-lung-cancer-dataset\versions\2\The IQ-OTHNCCD lung cancer dataset\The IQ-OTHNCCD lung cancer dataset\Malignant cases\Malignant case (106).jpg,Malignant case (106).jpg,Malignant cases,malignant,512,512,RGB
C:\Users\Usuario\.cache\kagglehub\datasets\adityamahimkar\iqothnccd-lung-cancer-dataset\versions\2\The IQ-OTHNCCD lung cancer dataset\The IQ-OTHNCCD lung cancer dataset\Malignant cases\Malignant case (107).jpg,Malignant case (107).jpg,Malignant cases,malignant,512,512,RGB
C:\Users\Usuario\.cache\kagglehub\datasets\adityamahimkar\iqothnccd-lung-cancer-dataset\versions\2\The IQ-OTHNCCD lung cancer dataset\The IQ-OTHNCCD lung cancer dataset\Malignant cases\Malignant case (108).jpg,Malignant case (108).jpg,Malignant cases,malignant,512,512,RGB
C:\Users\Usuario\.cache\kagglehub\datasets\adityamahimkar\iqothnccd-lung-cancer-dataset\versions\2\The IQ-OTHNCCD lung cancer dataset\The IQ-OTHNCCD lung cancer dataset\Malignant cases\Malignant case (109).jpg,Malignant case (109).jpg,Malignant cases,malignant,512,512,RGB
C:\Users\Usuario\.cache\kagglehub\datasets\adityamahimkar\iqothnccd-lung-cancer-dataset\versions\2\The IQ-OTHNCCD lung cancer dataset\The IQ-OTHNCCD lung cancer dataset\Malignant cases\Malignant case (11).jpg,Malignant case (11).jpg,Malignant cases,malignant,512,512,RGB
C:\Users\Usuario\.cache\kagglehub\datasets\adityamahimkar\iqothnccd-lung-cancer-dataset\versions\2\The IQ-OTHNCCD lung cancer dataset\The IQ-OTHNCCD lung cancer dataset\Malignant cases\Malignant case (110).jpg,Malignant case (110).jpg,Malignant cases,malignant,512,512,RGB
C:\Users\Usuario\.cache\kagglehub\datasets\adityamahimkar\iqothnccd-lung-cancer-dataset\versions\2\The IQ-OTHNCCD lung cancer dataset\The IQ-OTHNCCD lung cancer dataset\Malignant cases\Malignant case (111).jpg,Malignant case (111).jpg,Malignant cases,malignant,512,512,RGB
C:\Users\Usuario\.cache\kagglehub\datasets\adityamahimkar\iqothnccd-lung-cancer-dataset\versions\2\The IQ-OTHNCCD lung cancer dataset\The IQ-OTHNCCD lung cancer dataset\Malignant cases\Malignant case (112).jpg,Malignant case (112).jpg,Malignant cases,malignant,512,512,RGB
C:\Users\Usuario\.cache\kagglehub\datasets\adityamahimkar\iqothnccd-lung-cancer-dataset\versions\2\The IQ-OTHNCCD lung cancer dataset\The IQ-OTHNCCD lung cancer dataset\Malignant cases\Malignant case (113).jpg,Malignant case (113).jpg,Malignant cases,malignant,512,512,RGB
C:\Users\Usuario\.cache\kagglehub\datasets\adityamahimkar\iqothnccd-lung-cancer-dataset\versions\2\The IQ-OTHNCCD lung cancer dataset\The IQ-OTHNCCD lung cancer dataset\Malignant cases\Malignant case (114).jpg,Malignant case (114).jpg,Malignant cases,malignant,512,512,RGB
C:\Users\Usuario\.cache\kagglehub\datasets\adityamahimkar\iqothnccd-lung-cancer-dataset\versions\2\The IQ-OTHNCCD lung cancer dataset\The IQ-OTHNCCD lung cancer dataset\Malignant cases\Malignant case (115).jpg,Malignant case (115).jpg,Malignant cases,malignant,512,512,RGB
C:\Users\Usuario\.cache\kagglehub\datasets\adityamahimkar\iqothnccd-lung-cancer-dataset\versions\2\The IQ-OTHNCCD lung cancer dataset\The IQ-OTHNCCD lung cancer dataset\Malignant cases\Malignant case (116).jpg,Malignant case (116).jpg,Malignant cases,malignant,512,512,RGB
C:\Users\Usuario\.cache\kagglehub\datasets\adityamahimkar\iqothnccd-lung-cancer-dataset\versions\2\The IQ-OTHNCCD lung cancer dataset\The IQ-OTHNCCD lung cancer dataset\Malignant cases\Malignant case (117).jpg,Malignant case (117).jpg,Malignant cases,malignant,512,512,RGB
C:\Users\Usuario\.cache\kagglehub\datasets\adityamahimkar\iqothnccd-lung-cancer-dataset\versions\2\The IQ-OTHNCCD lung cancer dataset\The IQ-OTHNCCD lung cancer dataset\Malignant cases\Malignant case (118).jpg,Malignant case (118).jpg,Malignant cases,malignant,512,512,RGB
C:\Users\Usuario\.cache\kagglehub\datasets\adityamahimkar\iqothnccd-lung-cancer-dataset\versions\2\The IQ-OTHNCCD lung cancer dataset\The IQ-OTHNCCD lung cancer dataset\Malignant cases\Malignant case (119).jpg,Malignant case (119).jpg,Malignant cases,malignant,512,512,RGB
C:\Users\Usuario\.cache\kagglehub\datasets\adityamahimkar\iqothnccd-lung-cancer-dataset\versions\2\The IQ-OTHNCCD lung cancer dataset\The IQ-OTHNCCD lung cancer dataset\Malignant cases\Malignant case (12).jpg,Malignant case (12).jpg,Malignant cases,malignant,512,512,RGB
C:\Users\Usuario\.cache\kagglehub\datasets\adityamahimkar\iqothnccd-lung-cancer-dataset\versions\2\The IQ-OTHNCCD lung cancer dataset\The IQ-OTHNCCD lung cancer dataset\Malignant cases\Malignant case (120).jpg,Malignant case (120).jpg,Malignant cases,malignant,512,512,RGB
C:\Users\Usuario\.cache\kagglehub\datasets\adityamahimkar\iqothnccd-lung-cancer-dataset\versions\2\The IQ-OTHNCCD lung cancer dataset\The IQ-OTHNCCD lung cancer dataset\Malignant cases\Malignant case (121).jpg,Malignant case (121).jpg,Malignant cases,malignant,512,512,RGB
C:\Users\Usuario\.cache\kagglehub\datasets\adityamahimkar\iqothnccd-lung-cancer-dataset\versions\2\The IQ-OTHNCCD lung cancer dataset\The IQ-OTHNCCD lung cancer dataset\Malignant cases\Malignant case (122).jpg,Malignant case (122).jpg,Malignant cases,malignant,512,512,RGB
C:\Users\Usuario\.cache\kagglehub\datasets\adityamahimkar\iqothnccd-lung-cancer-dataset\versions\2\The IQ-OTHNCCD lung cancer dataset\The IQ-OTHNCCD lung cancer dataset\Malignant cases\Malignant case (123).jpg,Malignant case (123).jpg,Malignant cases,malignant,512,512,RGB
C:\Users\Usuario\.cache\kagglehub\datasets\adityamahimkar\iqothnccd-lung-cancer-dataset\versions\2\The IQ-OTHNCCD lung cancer dataset\The IQ-OTHNCCD lung cancer dataset\Malignant cases\Malignant case (124).jpg,Malignant case (124).jpg,Malignant cases,malignant,512,512,RGB
C:\Users\Usuario\.cache\kagglehub\datasets\adityamahimkar\iqothnccd-lung-cancer-dataset\versions\2\The IQ-OTHNCCD lung cancer dataset\The IQ-OTHNCCD lung cancer dataset\Malignant cases\Malignant case (125).jpg,Malignant case (125).jpg,Malignant cases,malignant,512,512,RGB
C:\Users\Usuario\.cache\kagglehub\datasets\adityamahimkar\iqothnccd-lung-cancer-dataset\versions\2\The IQ-OTHNCCD lung cancer dataset\The IQ-OTHNCCD lung cancer dataset\Malignant cases\Malignant case (126).jpg,Malignant case (126).jpg,Malignant cases,malignant,512,512,RGB
C:\Users\Usuario\.cache\kagglehub\datasets\adityamahimkar\iqothnccd-lung-cancer-dataset\versions\2\The IQ-OTHNCCD lung cancer dataset\The IQ-OTHNCCD lung cancer dataset\Malignant cases\Malignant case (127).jpg,Malignant case (127).jpg,Malignant cases,malignant,512,512,RGB
C:\Users\Usuario\.cache\kagglehub\datasets\adityamahimkar\iqothnccd-lung-cancer-dataset\versions\2\The IQ-OTHNCCD lung cancer dataset\The IQ-OTHNCCD lung cancer dataset\Malignant cases\Malignant case (128).jpg,Malignant case (128).jpg,Malignant cases,malignant,512,512,RGB
C:\Users\Usuario\.cache\kagglehub\datasets\adityamahimkar\iqothnccd-lung-cancer-dataset\versions\2\The IQ-OTHNCCD lung cancer dataset\The IQ-OTHNCCD lung cancer dataset\Malignant cases\Malignant case (129).jpg,Malignant case (129).jpg,Malignant cases,malignant,512,512,RGB
C:\Users\Usuario\.cache\kagglehub\datasets\adityamahimkar\iqothnccd-lung-cancer-dataset\versions\2\The IQ-OTHNCCD lung cancer dataset\The IQ-OTHNCCD lung cancer dataset\Malignant cases\Malignant case (13).jpg,Malignant case (13).jpg,Malignant cases,malignant,512,512,RGB
C:\Users\Usuario\.cache\kagglehub\datasets\adityamahimkar\iqothnccd-lung-cancer-dataset\versions\2\The IQ-OTHNCCD lung cancer dataset\The IQ-OTHNCCD lung cancer dataset\Malignant cases\Malignant case (130).jpg,Malignant case (130).jpg,Malignant cases,malignant,512,512,RGB
C:\Users\Usuario\.cache\kagglehub\datasets\adityamahimkar\iqothnccd-lung-cancer-dataset\versions\2\The IQ-OTHNCCD lung cancer dataset\The IQ-OTHNCCD lung cancer dataset\Malignant cases\Malignant case (131).jpg,Malignant case (131).jpg,Malignant cases,malignant,512,512,RGB
C:\Users\Usuario\.cache\kagglehub\datasets\adityamahimkar\iqothnccd-lung-cancer-dataset\versions\2\The IQ-OTHNCCD lung cancer dataset\The IQ-OTHNCCD lung cancer dataset\Malignant cases\Malignant case (132).jpg,Malignant case (132).jpg,Malignant cases,malignant,512,512,RGB
C:\Users\Usuario\.cache\kagglehub\datasets\adityamahimkar\iqothnccd-lung-cancer-dataset\versions\2\The IQ-OTHNCCD lung cancer dataset\The IQ-OTHNCCD lung cancer dataset\Malignant cases\Malignant case (133).jpg,Malignant case (133).jpg,Malignant cases,malignant,512,512,RGB
C:\Users\Usuario\.cache\kagglehub\datasets\adityamahimkar\iqothnccd-lung-cancer-dataset\versions\2\The IQ-OTHNCCD lung cancer dataset\The IQ-OTHNCCD lung cancer dataset\Malignant cases\Malignant case (134).jpg,Malignant case (134).jpg,Malignant cases,malignant,512,512,RGB
C:\Users\Usuario\.cache\kagglehub\datasets\adityamahimkar\iqothnccd-lung-cancer-dataset\versions\2\The IQ-OTHNCCD lung cancer dataset\The IQ-OTHNCCD lung cancer dataset\Malignant cases\Malignant case (135).jpg,Malignant case (135).jpg,Malignant cases,malignant,512,512,RGB
C:\Users\Usuario\.cache\kagglehub\datasets\adityamahimkar\iqothnccd-lung-cancer-dataset\versions\2\The IQ-OTHNCCD lung cancer dataset\The IQ-OTHNCCD lung cancer dataset\Malignant cases\Malignant case (136).jpg,Malignant case (136).jpg,Malignant cases,malignant,512,512,RGB
C:\Users\Usuario\.cache\kagglehub\datasets\adityamahimkar\iqothnccd-lung-cancer-dataset\versions\2\The IQ-OTHNCCD lung cancer dataset\The IQ-OTHNCCD lung cancer dataset\Malignant cases\Malignant case (137).jpg,Malignant case (137).jpg,Malignant cases,malignant,512,512,RGB
C:\Users\Usuario\.cache\kagglehub\datasets\adityamahimkar\iqothnccd-lung-cancer-dataset\versions\2\The IQ-OTHNCCD lung cancer dataset\The IQ-OTHNCCD lung cancer dataset\Malignant cases\Malignant case (138).jpg,Malignant case (138).jpg,Malignant cases,malignant,512,512,RGB
C:\Users\Usuario\.cache\kagglehub\datasets\adityamahimkar\iqothnccd-lung-cancer-dataset\versions\2\The IQ-OTHNCCD lung cancer dataset\The IQ-OTHNCCD lung cancer dataset\Malignant cases\Malignant case (139).jpg,Malignant case (139).jpg,Malignant cases,malignant,512,512,RGB
C:\Users\Usuario\.cache\kagglehub\datasets\adityamahimkar\iqothnccd-lung-cancer-dataset\versions\2\The IQ-OTHNCCD lung cancer dataset\The IQ-OTHNCCD lung cancer dataset\Malignant cases\Malignant case (14).jpg,Malignant case (14).jpg,Malignant cases,malignant,512,512,RGB
C:\Users\Usuario\.cache\kagglehub\datasets\adityamahimkar\iqothnccd-lung-cancer-dataset\versions\2\The IQ-OTHNCCD lung cancer dataset\The IQ-OTHNCCD lung cancer dataset\Malignant cases\Malignant case (140).jpg,Malignant case (140).jpg,Malignant cases,malignant,512,512,RGB
C:\Users\Usuario\.cache\kagglehub\datasets\adityamahimkar\iqothnccd-lung-cancer-dataset\versions\2\The IQ-OTHNCCD lung cancer dataset\The IQ-OTHNCCD lung cancer dataset\Malignant cases\Malignant case (141).jpg,Malignant case (141).jpg,Malignant cases,malignant,512,512,RGB
C:\Users\Usuario\.cache\kagglehub\datasets\adityamahimkar\iqothnccd-lung-cancer-dataset\versions\2\The IQ-OTHNCCD lung cancer dataset\The IQ-OTHNCCD lung cancer dataset\Malignant cases\Malignant case (142).jpg,Malignant case (142).jpg,Malignant cases,malignant,512,512,RGB
C:\Users\Usuario\.cache\kagglehub\datasets\adityamahimkar\iqothnccd-lung-cancer-dataset\versions\2\The IQ-OTHNCCD lung cancer dataset\The IQ-OTHNCCD lung cancer dataset\Malignant cases\Malignant case (143).jpg,Malignant case (143).jpg,Malignant cases,malignant,512,512,RGB
C:\Users\Usuario\.cache\kagglehub\datasets\adityamahimkar\iqothnccd-lung-cancer-dataset\versions\2\The IQ-OTHNCCD lung cancer dataset\The IQ-OTHNCCD lung cancer dataset\Malignant cases\Malignant case (144).jpg,Malignant case (144).jpg,Malignant cases,malignant,512,512,RGB
C:\Users\Usuario\.cache\kagglehub\datasets\adityamahimkar\iqothnccd-lung-cancer-dataset\versions\2\The IQ-OTHNCCD lung cancer dataset\The IQ-OTHNCCD lung cancer dataset\Malignant cases\Malignant case (145).jpg,Malignant case (145).jpg,Malignant cases,malignant,512,512,RGB
C:\Users\Usuario\.cache\kagglehub\datasets\adityamahimkar\iqothnccd-lung-cancer-dataset\versions\2\The IQ-OTHNCCD lung cancer dataset\The IQ-OTHNCCD lung cancer dataset\Malignant cases\Malignant case (146).jpg,Malignant case (146).jpg,Malignant cases,malignant,512,512,RGB
C:\Users\Usuario\.cache\kagglehub\datasets\adityamahimkar\iqothnccd-lung-cancer-dataset\versions\2\The IQ-OTHNCCD lung cancer dataset\The IQ-OTHNCCD lung cancer dataset\Malignant cases\Malignant case (147).jpg,Malignant case (147).jpg,Malignant cases,malignant,512,512,RGB
C:\Users\Usuario\.cache\kagglehub\datasets\adityamahimkar\iqothnccd-lung-cancer-dataset\versions\2\The IQ-OTHNCCD lung cancer dataset\The IQ-OTHNCCD lung cancer dataset\Malignant cases\Malignant case (148).jpg,Malignant case (148).jpg,Malignant cases,malignant,512,512,RGB
C:\Users\Usuario\.cache\kagglehub\datasets\adityamahimkar\iqothnccd-lung-cancer-dataset\versions\2\The IQ-OTHNCCD lung cancer dataset\The IQ-OTHNCCD lung cancer dataset\Malignant cases\Malignant case (149).jpg,Malignant case (149).jpg,Malignant cases,malignant,512,512,RGB
C:\Users\Usuario\.cache\kagglehub\datasets\adityamahimkar\iqothnccd-lung-cancer-dataset\versions\2\The IQ-OTHNCCD lung cancer dataset\The IQ-OTHNCCD lung cancer dataset\Malignant cases\Malignant case (15).jpg,Malignant case (15).jpg,Malignant cases,malignant,512,512,RGB
C:\Users\Usuario\.cache\kagglehub\datasets\adityamahimkar\iqothnccd-lung-cancer-dataset\versions\2\The IQ-OTHNCCD lung cancer dataset\The IQ-OTHNCCD lung cancer dataset\Malignant cases\Malignant case (150).jpg,Malignant case (150).jpg,Malignant cases,malignant,512,512,RGB
C:\Users\Usuario\.cache\kagglehub\datasets\adityamahimkar\iqothnccd-lung-cancer-dataset\versions\2\The IQ-OTHNCCD lung cancer dataset\The IQ-OTHNCCD lung cancer dataset\Malignant cases\Malignant case (151).jpg,Malignant case (151).jpg,Malignant cases,malignant,512,512,RGB
C:\Users\Usuario\.cache\kagglehub\datasets\adityamahimkar\iqothnccd-lung-cancer-dataset\versions\2\The IQ-OTHNCCD lung cancer dataset\The IQ-OTHNCCD lung cancer dataset\Malignant cases\Malignant case (152).jpg,Malignant case (152).jpg,Malignant cases,malignant,512,512,RGB
C:\Users\Usuario\.cache\kagglehub\datasets\adityamahimkar\iqothnccd-lung-cancer-dataset\versions\2\The IQ-OTHNCCD lung cancer dataset\The IQ-OTHNCCD lung cancer dataset\Malignant cases\Malignant case (153).jpg,Malignant case (153).jpg,Malignant cases,malignant,512,512,RGB
C:\Users\Usuario\.cache\kagglehub\datasets\adityamahimkar\iqothnccd-lung-cancer-dataset\versions\2\The IQ-OTHNCCD lung cancer dataset\The IQ-OTHNCCD lung cancer dataset\Malignant cases\Malignant case (154).jpg,Malignant case (154).jpg,Malignant cases,malignant,512,512,RGB
C:\Users\Usuario\.cache\kagglehub\datasets\adityamahimkar\iqothnccd-lung-cancer-dataset\versions\2\The IQ-OTHNCCD lung cancer dataset\The IQ-OTHNCCD lung cancer dataset\Malignant cases\Malignant case (155).jpg,Malignant case (155).jpg,Malignant cases,malignant,512,512,RGB
C:\Users\Usuario\.cache\kagglehub\datasets\adityamahimkar\iqothnccd-lung-cancer-dataset\versions\2\The IQ-OTHNCCD lung cancer dataset\The IQ-OTHNCCD lung cancer dataset\Malignant cases\Malignant case (156).jpg,Malignant case (156).jpg,Malignant cases,malignant,512,512,RGB
C:\Users\Usuario\.cache\kagglehub\datasets\adityamahimkar\iqothnccd-lung-cancer-dataset\versions\2\The IQ-OTHNCCD lung cancer dataset\The IQ-OTHNCCD lung cancer dataset\Malignant cases\Malignant case (157).jpg,Malignant case (157).jpg,Malignant cases,malignant,512,512,RGB
C:\Users\Usuario\.cache\kagglehub\datasets\adityamahimkar\iqothnccd-lung-cancer-dataset\versions\2\The IQ-OTHNCCD lung cancer dataset\The IQ-OTHNCCD lung cancer dataset\Malignant cases\Malignant case (158).jpg,Malignant case (158).jpg,Malignant cases,malignant,512,512,RGB
C:\Users\Usuario\.cache\kagglehub\datasets\adityamahimkar\iqothnccd-lung-cancer-dataset\versions\2\The IQ-OTHNCCD lung cancer dataset\The IQ-OTHNCCD lung cancer dataset\Malignant cases\Malignant case (159).jpg,Malignant case (159).jpg,Malignant cases,malignant,512,512,RGB
C:\Users\Usuario\.cache\kagglehub\datasets\adityamahimkar\iqothnccd-lung-cancer-dataset\versions\2\The IQ-OTHNCCD lung cancer dataset\The IQ-OTHNCCD lung cancer dataset\Malignant cases\Malignant case (16).jpg,Malignant case (16).jpg,Malignant cases,malignant,512,512,RGB
C:\Users\Usuario\.cache\kagglehub\datasets\adityamahimkar\iqothnccd-lung-cancer-dataset\versions\2\The IQ-OTHNCCD lung cancer dataset\The IQ-OTHNCCD lung cancer dataset\Malignant cases\Malignant case (160).jpg,Malignant case (160).jpg,Malignant cases,malignant,512,512,RGB
C:\Users\Usuario\.cache\kagglehub\datasets\adityamahimkar\iqothnccd-lung-cancer-dataset\versions\2\The IQ-OTHNCCD lung cancer dataset\The IQ-OTHNCCD lung cancer dataset\Malignant cases\Malignant case (161).jpg,Malignant case (161).jpg,Malignant cases,malignant,512,512,RGB
C:\Users\Usuario\.cache\kagglehub\datasets\adityamahimkar\iqothnccd-lung-cancer-dataset\versions\2\The IQ-OTHNCCD lung cancer dataset\The IQ-OTHNCCD lung cancer dataset\Malignant cases\Malignant case (162).jpg,Malignant case (162).jpg,Malignant cases,malignant,512,512,RGB
C:\Users\Usuario\.cache\kagglehub\datasets\adityamahimkar\iqothnccd-lung-cancer-dataset\versions\2\The IQ-OTHNCCD lung cancer dataset\The IQ-OTHNCCD lung cancer dataset\Malignant cases\Malignant case (163).jpg,Malignant case (163).jpg,Malignant cases,malignant,512,512,RGB
C:\Users\Usuario\.cache\kagglehub\datasets\adityamahimkar\iqothnccd-lung-cancer-dataset\versions\2\The IQ-OTHNCCD lung cancer dataset\The IQ-OTHNCCD lung cancer dataset\Malignant cases\Malignant case (164).jpg,Malignant case (164).jpg,Malignant cases,malignant,512,512,RGB
C:\Users\Usuario\.cache\kagglehub\datasets\adityamahimkar\iqothnccd-lung-cancer-dataset\versions\2\The IQ-OTHNCCD lung cancer dataset\The IQ-OTHNCCD lung cancer dataset\Malignant cases\Malignant case (165).jpg,Malignant case (165).jpg,Malignant cases,malignant,512,512,RGB
C:\Users\Usuario\.cache\kagglehub\datasets\adityamahimkar\iqothnccd-lung-cancer-dataset\versions\2\The IQ-OTHNCCD lung cancer dataset\The IQ-OTHNCCD lung cancer dataset\Malignant cases\Malignant case (166).jpg,Malignant case (166).jpg,Malignant cases,malignant,512,512,RGB
C:\Users\Usuario\.cache\kagglehub\datasets\adityamahimkar\iqothnccd-lung-cancer-dataset\versions\2\The IQ-OTHNCCD lung cancer dataset\The IQ-OTHNCCD lung cancer dataset\Malignant cases\Malignant case (167).jpg,Malignant case (167).jpg,Malignant cases,malignant,512,512,RGB
C:\Users\Usuario\.cache\kagglehub\datasets\adityamahimkar\iqothnccd-lung-cancer-dataset\versions\2\The IQ-OTHNCCD lung cancer dataset\The IQ-OTHNCCD lung cancer dataset\Malignant cases\Malignant case (168).jpg,Malignant case (168).jpg,Malignant cases,malignant,512,512,RGB
C:\Users\Usuario\.cache\kagglehub\datasets\adityamahimkar\iqothnccd-lung-cancer-dataset\versions\2\The IQ-OTHNCCD lung cancer dataset\The IQ-OTHNCCD lung cancer dataset\Malignant cases\Malignant case (169).jpg,Malignant case (169).jpg,Malignant cases,malignant,512,512,RGB
C:\Users\Usuario\.cache\kagglehub\datasets\adityamahimkar\iqothnccd-lung-cancer-dataset\versions\2\The IQ-OTHNCCD lung cancer dataset\The IQ-OTHNCCD lung cancer dataset\Malignant cases\Malignant case (17).jpg,Malignant case (17).jpg,Malignant cases,malignant,512,512,RGB
C:\Users\Usuario\.cache\kagglehub\datasets\adityamahimkar\iqothnccd-lung-cancer-dataset\versions\2\The IQ-OTHNCCD lung cancer dataset\The IQ-OTHNCCD lung cancer dataset\Malignant cases\Malignant case (170).jpg,Malignant case (170).jpg,Malignant cases,malignant,512,512,RGB
C:\Users\Usuario\.cache\kagglehub\datasets\adityamahimkar\iqothnccd-lung-cancer-dataset\versions\2\The IQ-OTHNCCD lung cancer dataset\The IQ-OTHNCCD lung cancer dataset\Malignant cases\Malignant case (171).jpg,Malignant case (171).jpg,Malignant cases,malignant,512,512,RGB
C:\Users\Usuario\.cache\kagglehub\datasets\adityamahimkar\iqothnccd-lung-cancer-dataset\versions\2\The IQ-OTHNCCD lung cancer dataset\The IQ-OTHNCCD lung cancer dataset\Malignant cases\Malignant case (172).jpg,Malignant case (172).jpg,Malignant cases,malignant,512,512,RGB
C:\Users\Usuario\.cache\kagglehub\datasets\adityamahimkar\iqothnccd-lung-cancer-dataset\versions\2\The IQ-OTHNCCD lung cancer dataset\The IQ-OTHNCCD lung cancer dataset\Malignant cases\Malignant case (173).jpg,Malignant case (173).jpg,Malignant cases,malignant,512,512,RGB
C:\Users\Usuario\.cache\kagglehub\datasets\adityamahimkar\iqothnccd-lung-cancer-dataset\versions\2\The IQ-OTHNCCD lung cancer dataset\The IQ-OTHNCCD lung cancer dataset\Malignant cases\Malignant case (174).jpg,Malignant case (174).jpg,Malignant cases,malignant,512,512,RGB
C:\Users\Usuario\.cache\kagglehub\datasets\adityamahimkar\iqothnccd-lung-cancer-dataset\versions\2\The IQ-OTHNCCD lung cancer dataset\The IQ-OTHNCCD lung cancer dataset\Malignant cases\Malignant case (175).jpg,Malignant case (175).jpg,Malignant cases,malignant,512,512,RGB
C:\Users\Usuario\.cache\kagglehub\datasets\adityamahimkar\iqothnccd-lung-cancer-dataset\versions\2\The IQ-OTHNCCD lung cancer dataset\The IQ-OTHNCCD lung cancer dataset\Malignant cases\Malignant case (176).jpg,Malignant case (176).jpg,Malignant cases,malignant,512,512,RGB
C:\Users\Usuario\.cache\kagglehub\datasets\adityamahimkar\iqothnccd-lung-cancer-dataset\versions\2\The IQ-OTHNCCD lung cancer dataset\The IQ-OTHNCCD lung cancer dataset\Malignant cases\Malignant case (177).jpg,Malignant case (177).jpg,Malignant cases,malignant,512,512,RGB
C:\Users\Usuario\.cache\kagglehub\datasets\adityamahimkar\iqothnccd-lung-cancer-dataset\versions\2\The IQ-OTHNCCD lung cancer dataset\The IQ-OTHNCCD lung cancer dataset\Malignant cases\Malignant case (178).jpg,Malignant case (178).jpg,Malignant cases,malignant,512,512,RGB
C:\Users\Usuario\.cache\kagglehub\datasets\adityamahimkar\iqothnccd-lung-cancer-dataset\versions\2\The IQ-OTHNCCD lung cancer dataset\The IQ-OTHNCCD lung cancer dataset\Malignant cases\Malignant case (179).jpg,Malignant case (179).jpg,Malignant cases,malignant,512,512,RGB
C:\Users\Usuario\.cache\kagglehub\datasets\adityamahimkar\iqothnccd-lung-cancer-dataset\versions\2\The IQ-OTHNCCD lung cancer dataset\The IQ-OTHNCCD lung cancer dataset\Malignant cases\Malignant case (18).jpg,Malignant case (18).jpg,Malignant cases,malignant,512,512,RGB
C:\Users\Usuario\.cache\kagglehub\datasets\adityamahimkar\iqothnccd-lung-cancer-dataset\versions\2\The IQ-OTHNCCD lung cancer dataset\The IQ-OTHNCCD lung cancer dataset\Malignant cases\Malignant case (180).jpg,Malignant case (180).jpg,Malignant cases,malignant,511,404,RGB
C:\Users\Usuario\.cache\kagglehub\datasets\adityamahimkar\iqothnccd-lung-cancer-dataset\versions\2\The IQ-OTHNCCD lung cancer dataset\The IQ-OTHNCCD lung cancer dataset\Malignant cases\Malignant case (181).jpg,Malignant case (181).jpg,Malignant cases,malignant,512,512,RGB
C:\Users\Usuario\.cache\kagglehub\datasets\adityamahimkar\iqothnccd-lung-cancer-dataset\versions\2\The IQ-OTHNCCD lung cancer dataset\The IQ-OTHNCCD lung cancer dataset\Malignant cases\Malignant case (182).jpg,Malignant case (182).jpg,Malignant cases,malignant,512,512,RGB
C:\Users\Usuario\.cache\kagglehub\datasets\adityamahimkar\iqothnccd-lung-cancer-dataset\versions\2\The IQ-OTHNCCD lung cancer dataset\The IQ-OTHNCCD lung cancer dataset\Malignant cases\Malignant case (183).jpg,Malignant case (183).jpg,Malignant cases,malignant,512,512,RGB
C:\Users\Usuario\.cache\kagglehub\datasets\adityamahimkar\iqothnccd-lung-cancer-dataset\versions\2\The IQ-OTHNCCD lung cancer dataset\The IQ-OTHNCCD lung cancer dataset\Malignant cases\Malignant case (184).jpg,Malignant case (184).jpg,Malignant cases,malignant,512,512,RGB
C:\Users\Usuario\.cache\kagglehub\datasets\adityamahimkar\iqothnccd-lung-cancer-dataset\versions\2\The IQ-OTHNCCD lung cancer dataset\The IQ-OTHNCCD lung cancer dataset\Malignant cases\Malignant case (185).jpg,Malignant case (185).jpg,Malignant cases,malignant,512,512,RGB
C:\Users\Usuario\.cache\kagglehub\datasets\adityamahimkar\iqothnccd-lung-cancer-dataset\versions\2\The IQ-OTHNCCD lung cancer dataset\The IQ-OTHNCCD lung cancer dataset\Malignant cases\Malignant case (186).jpg,Malignant case (186).jpg,Malignant cases,malignant,512,512,RGB
C:\Users\Usuario\.cache\kagglehub\datasets\adityamahimkar\iqothnccd-lung-cancer-dataset\versions\2\The IQ-OTHNCCD lung cancer dataset\The IQ-OTHNCCD lung cancer dataset\Malignant cases\Malignant case (187).jpg,Malignant case (187).jpg,Malignant cases,malignant,512,512,RGB
C:\Users\Usuario\.cache\kagglehub\datasets\adityamahimkar\iqothnccd-lung-cancer-dataset\versions\2\The IQ-OTHNCCD lung cancer dataset\The IQ-OTHNCCD lung cancer dataset\Malignant cases\Malignant case (188).jpg,Malignant case (188).jpg,Malignant cases,malignant,512,512,RGB
C:\Users\Usuario\.cache\kagglehub\datasets\adityamahimkar\iqothnccd-lung-cancer-dataset\versions\2\The IQ-OTHNCCD lung cancer dataset\The IQ-OTHNCCD lung cancer dataset\Malignant cases\Malignant case (189).jpg,Malignant case (189).jpg,Malignant cases,malignant,512,512,RGB
C:\Users\Usuario\.cache\kagglehub\datasets\adityamahimkar\iqothnccd-lung-cancer-dataset\versions\2\The IQ-OTHNCCD lung cancer dataset\The IQ-OTHNCCD lung cancer dataset\Malignant cases\Malignant case (19).jpg,Malignant case (19).jpg,Malignant cases,malignant,512,512,RGB
C:\Users\Usuario\.cache\kagglehub\datasets\adityamahimkar\iqothnccd-lung-cancer-dataset\versions\2\The IQ-OTHNCCD lung cancer dataset\The IQ-OTHNCCD lung cancer dataset\Malignant cases\Malignant case (190).jpg,Malignant case (190).jpg,Malignant cases,malignant,512,512,RGB
C:\Users\Usuario\.cache\kagglehub\datasets\adityamahimkar\iqothnccd-lung-cancer-dataset\versions\2\The IQ-OTHNCCD lung cancer dataset\The IQ-OTHNCCD lung cancer dataset\Malignant cases\Malignant case (191).jpg,Malignant case (191).jpg,Malignant cases,malignant,512,512,RGB
C:\Users\Usuario\.cache\kagglehub\datasets\adityamahimkar\iqothnccd-lung-cancer-dataset\versions\2\The IQ-OTHNCCD lung cancer dataset\The IQ-OTHNCCD lung cancer dataset\Malignant cases\Malignant case (192).jpg,Malignant case (192).jpg,Malignant cases,malignant,512,512,RGB
C:\Users\Usuario\.cache\kagglehub\datasets\adityamahimkar\iqothnccd-lung-cancer-dataset\versions\2\The IQ-OTHNCCD lung cancer dataset\The IQ-OTHNCCD lung cancer dataset\Malignant cases\Malignant case (193).jpg,Malignant case (193).jpg,Malignant cases,malignant,512,512,RGB
C:\Users\Usuario\.cache\kagglehub\datasets\adityamahimkar\iqothnccd-lung-cancer-dataset\versions\2\The IQ-OTHNCCD lung cancer dataset\The IQ-OTHNCCD lung cancer dataset\Malignant cases\Malignant case (194).jpg,Malignant case (194).jpg,Malignant cases,malignant,512,512,RGB
C:\Users\Usuario\.cache\kagglehub\datasets\adityamahimkar\iqothnccd-lung-cancer-dataset\versions\2\The IQ-OTHNCCD lung cancer dataset\The IQ-OTHNCCD lung cancer dataset\Malignant cases\Malignant case (195).jpg,Malignant case (195).jpg,Malignant cases,malignant,512,512,RGB
C:\Users\Usuario\.cache\kagglehub\datasets\adityamahimkar\iqothnccd-lung-cancer-dataset\versions\2\The IQ-OTHNCCD lung cancer dataset\The IQ-OTHNCCD lung cancer dataset\Malignant cases\Malignant case (196).jpg,Malignant case (196).jpg,Malignant cases,malignant,512,512,RGB
C:\Users\Usuario\.cache\kagglehub\datasets\adityamahimkar\iqothnccd-lung-cancer-dataset\versions\2\The IQ-OTHNCCD lung cancer dataset\The IQ-OTHNCCD lung cancer dataset\Malignant cases\Malignant case (197).jpg,Malignant case (197).jpg,Malignant cases,malignant,512,512,RGB
C:\Users\Usuario\.cache\kagglehub\datasets\adityamahimkar\iqothnccd-lung-cancer-dataset\versions\2\The IQ-OTHNCCD lung cancer dataset\The IQ-OTHNCCD lung cancer dataset\Malignant cases\Malignant case (198).jpg,Malignant case (198).jpg,Malignant cases,malignant,512,512,RGB
C:\Users\Usuario\.cache\kagglehub\datasets\adityamahimkar\iqothnccd-lung-cancer-dataset\versions\2\The IQ-OTHNCCD lung cancer dataset\The IQ-OTHNCCD lung cancer dataset\Malignant cases\Malignant case (199).jpg,Malignant case (199).jpg,Malignant cases,malignant,512,512,RGB
C:\Users\Usuario\.cache\kagglehub\datasets\adityamahimkar\iqothnccd-lung-cancer-dataset\versions\2\The IQ-OTHNCCD lung cancer dataset\The IQ-OTHNCCD lung cancer dataset\Malignant cases\Malignant case (2).jpg,Malignant case (2).jpg,Malignant cases,malignant,512,512,RGB
C:\Users\Usuario\.cache\kagglehub\datasets\adityamahimkar\iqothnccd-lung-cancer-dataset\versions\2\The IQ-OTHNCCD lung cancer dataset\The IQ-OTHNCCD lung cancer dataset\Malignant cases\Malignant case (20).jpg,Malignant case (20).jpg,Malignant cases,malignant,512,512,RGB
C:\Users\Usuario\.cache\kagglehub\datasets\adityamahimkar\iqothnccd-lung-cancer-dataset\versions\2\The IQ-OTHNCCD lung cancer dataset\The IQ-OTHNCCD lung cancer dataset\Malignant cases\Malignant case (200).jpg,Malignant case (200).jpg,Malignant cases,malignant,801,512,RGB
C:\Users\Usuario\.cache\kagglehub\datasets\adityamahimkar\iqothnccd-lung-cancer-dataset\versions\2\The IQ-OTHNCCD lung cancer dataset\The IQ-OTHNCCD lung cancer dataset\Malignant cases\Malignant case (201).jpg,Malignant case (201).jpg,Malignant cases,malignant,801,512,RGB
C:\Users\Usuario\.cache\kagglehub\datasets\adityamahimkar\iqothnccd-lung-cancer-dataset\versions\2\The IQ-OTHNCCD lung cancer dataset\The IQ-OTHNCCD lung cancer dataset\Malignant cases\Malignant case (202).jpg,Malignant case (202).jpg,Malignant cases,malignant,801,512,RGB
C:\Users\Usuario\.cache\kagglehub\datasets\adityamahimkar\iqothnccd-lung-cancer-dataset\versions\2\The IQ-OTHNCCD lung cancer dataset\The IQ-OTHNCCD lung cancer dataset\Malignant cases\Malignant case (203).jpg,Malignant case (203).jpg,Malignant cases,malignant,801,512,RGB
C:\Users\Usuario\.cache\kagglehub\datasets\adityamahimkar\iqothnccd-lung-cancer-dataset\versions\2\The IQ-OTHNCCD lung cancer dataset\The IQ-OTHNCCD lung cancer dataset\Malignant cases\Malignant case (204).jpg,Malignant case (204).jpg,Malignant cases,malignant,801,512,RGB
C:\Users\Usuario\.cache\kagglehub\datasets\adityamahimkar\iqothnccd-lung-cancer-dataset\versions\2\The IQ-OTHNCCD lung cancer dataset\The IQ-OTHNCCD lung cancer dataset\Malignant cases\Malignant case (205).jpg,Malignant case (205).jpg,Malignant cases,malignant,801,512,RGB
C:\Users\Usuario\.cache\kagglehub\datasets\adityamahimkar\iqothnccd-lung-cancer-dataset\versions\2\The IQ-OTHNCCD lung cancer dataset\The IQ-OTHNCCD lung cancer dataset\Malignant cases\Malignant case (206).jpg,Malignant case (206).jpg,Malignant cases,malignant,801,512,RGB
C:\Users\Usuario\.cache\kagglehub\datasets\adityamahimkar\iqothnccd-lung-cancer-dataset\versions\2\The IQ-OTHNCCD lung cancer dataset\The IQ-OTHNCCD lung cancer dataset\Malignant cases\Malignant case (207).jpg,Malignant case (207).jpg,Malignant cases,malignant,801,512,RGB
C:\Users\Usuario\.cache\kagglehub\datasets\adityamahimkar\iqothnccd-lung-cancer-dataset\versions\2\The IQ-OTHNCCD lung cancer dataset\The IQ-OTHNCCD lung cancer dataset\Malignant cases\Malignant case (208).jpg,Malignant case (208).jpg,Malignant cases,malignant,801,512,RGB
C:\Users\Usuario\.cache\kagglehub\datasets\adityamahimkar\iqothnccd-lung-cancer-dataset\versions\2\The IQ-OTHNCCD lung cancer dataset\The IQ-OTHNCCD lung cancer dataset\Malignant cases\Malignant case (209).jpg,Malignant case (209).jpg,Malignant cases,malignant,801,512,RGB
C:\Users\Usuario\.cache\kagglehub\datasets\adityamahimkar\iqothnccd-lung-cancer-dataset\versions\2\The IQ-OTHNCCD lung cancer dataset\The IQ-OTHNCCD lung cancer dataset\Malignant cases\Malignant case (21).jpg,Malignant case (21).jpg,Malignant cases,malignant,512,512,RGB
C:\Users\Usuario\.cache\kagglehub\datasets\adityamahimkar\iqothnccd-lung-cancer-dataset\versions\2\The IQ-OTHNCCD lung cancer dataset\The IQ-OTHNCCD lung cancer dataset\Malignant cases\Malignant case (210).jpg,Malignant case (210).jpg,Malignant cases,malignant,801,512,RGB
C:\Users\Usuario\.cache\kagglehub\datasets\adityamahimkar\iqothnccd-lung-cancer-dataset\versions\2\The IQ-OTHNCCD lung cancer dataset\The IQ-OTHNCCD lung cancer dataset\Malignant cases\Malignant case (211).jpg,Malignant case (211).jpg,Malignant cases,malignant,801,512,RGB
C:\Users\Usuario\.cache\kagglehub\datasets\adityamahimkar\iqothnccd-lung-cancer-dataset\versions\2\The IQ-OTHNCCD lung cancer dataset\The IQ-OTHNCCD lung cancer dataset\Malignant cases\Malignant case (212).jpg,Malignant case (212).jpg,Malignant cases,malignant,801,512,RGB
C:\Users\Usuario\.cache\kagglehub\datasets\adityamahimkar\iqothnccd-lung-cancer-dataset\versions\2\The IQ-OTHNCCD lung cancer dataset\The IQ-OTHNCCD lung cancer dataset\Malignant cases\Malignant case (213).jpg,Malignant case (213).jpg,Malignant cases,malignant,801,512,RGB
C:\Users\Usuario\.cache\kagglehub\datasets\adityamahimkar\iqothnccd-lung-cancer-dataset\versions\2\The IQ-OTHNCCD lung cancer dataset\The IQ-OTHNCCD lung cancer dataset\Malignant cases\Malignant case (214).jpg,Malignant case (214).jpg,Malignant cases,malignant,801,512,RGB
C:\Users\Usuario\.cache\kagglehub\datasets\adityamahimkar\iqothnccd-lung-cancer-dataset\versions\2\The IQ-OTHNCCD lung cancer dataset\The IQ-OTHNCCD lung cancer dataset\Malignant cases\Malignant case (215).jpg,Malignant case (215).jpg,Malignant cases,malignant,801,512,RGB
C:\Users\Usuario\.cache\kagglehub\datasets\adityamahimkar\iqothnccd-lung-cancer-dataset\versions\2\The IQ-OTHNCCD lung cancer dataset\The IQ-OTHNCCD lung cancer dataset\Malignant cases\Malignant case (216).jpg,Malignant case (216).jpg,Malignant cases,malignant,801,512,RGB
C:\Users\Usuario\.cache\kagglehub\datasets\adityamahimkar\iqothnccd-lung-cancer-dataset\versions\2\The IQ-OTHNCCD lung cancer dataset\The IQ-OTHNCCD lung cancer dataset\Malignant cases\Malignant case (217).jpg,Malignant case (217).jpg,Malignant cases,malignant,801,512,RGB
C:\Users\Usuario\.cache\kagglehub\datasets\adityamahimkar\iqothnccd-lung-cancer-dataset\versions\2\The IQ-OTHNCCD lung cancer dataset\The IQ-OTHNCCD lung cancer dataset\Malignant cases\Malignant case (218).jpg,Malignant case (218).jpg,Malignant cases,malignant,801,512,RGB
C:\Users\Usuario\.cache\kagglehub\datasets\adityamahimkar\iqothnccd-lung-cancer-dataset\versions\2\The IQ-OTHNCCD lung cancer dataset\The IQ-OTHNCCD lung cancer dataset\Malignant cases\Malignant case (219).jpg,Malignant case (219).jpg,Malignant cases,malignant,801,512,RGB
C:\Users\Usuario\.cache\kagglehub\datasets\adityamahimkar\iqothnccd-lung-cancer-dataset\versions\2\The IQ-OTHNCCD lung cancer dataset\The IQ-OTHNCCD lung cancer dataset\Malignant cases\Malignant case (22).jpg,Malignant case (22).jpg,Malignant cases,malignant,512,512,RGB
C:\Users\Usuario\.cache\kagglehub\datasets\adityamahimkar\iqothnccd-lung-cancer-dataset\versions\2\The IQ-OTHNCCD lung cancer dataset\The IQ-OTHNCCD lung cancer dataset\Malignant cases\Malignant case (220).jpg,Malignant case (220).jpg,Malignant cases,malignant,801,512,RGB
C:\Users\Usuario\.cache\kagglehub\datasets\adityamahimkar\iqothnccd-lung-cancer-dataset\versions\2\The IQ-OTHNCCD lung cancer dataset\The IQ-OTHNCCD lung cancer dataset\Malignant cases\Malignant case (221).jpg,Malignant case (221).jpg,Malignant cases,malignant,801,512,RGB
C:\Users\Usuario\.cache\kagglehub\datasets\adityamahimkar\iqothnccd-lung-cancer-dataset\versions\2\The IQ-OTHNCCD lung cancer dataset\The IQ-OTHNCCD lung cancer dataset\Malignant cases\Malignant case (222).jpg,Malignant case (222).jpg,Malignant cases,malignant,801,512,RGB
C:\Users\Usuario\.cache\kagglehub\datasets\adityamahimkar\iqothnccd-lung-cancer-dataset\versions\2\The IQ-OTHNCCD lung cancer dataset\The IQ-OTHNCCD lung cancer dataset\Malignant cases\Malignant case (223).jpg,Malignant case (223).jpg,Malignant cases,malignant,801,512,RGB
C:\Users\Usuario\.cache\kagglehub\datasets\adityamahimkar\iqothnccd-lung-cancer-dataset\versions\2\The IQ-OTHNCCD lung cancer dataset\The IQ-OTHNCCD lung cancer dataset\Malignant cases\Malignant case (224).jpg,Malignant case (224).jpg,Malignant cases,malignant,801,512,RGB
C:\Users\Usuario\.cache\kagglehub\datasets\adityamahimkar\iqothnccd-lung-cancer-dataset\versions\2\The IQ-OTHNCCD lung cancer dataset\The IQ-OTHNCCD lung cancer dataset\Malignant cases\Malignant case (225).jpg,Malignant case (225).jpg,Malignant cases,malignant,801,512,RGB
C:\Users\Usuario\.cache\kagglehub\datasets\adityamahimkar\iqothnccd-lung-cancer-dataset\versions\2\The IQ-OTHNCCD lung cancer dataset\The IQ-OTHNCCD lung cancer dataset\Malignant cases\Malignant case (226).jpg,Malignant case (226).jpg,Malignant cases,malignant,801,512,RGB
C:\Users\Usuario\.cache\kagglehub\datasets\adityamahimkar\iqothnccd-lung-cancer-dataset\versions\2\The IQ-OTHNCCD lung cancer dataset\The IQ-OTHNCCD lung cancer dataset\Malignant cases\Malignant case (227).jpg,Malignant case (227).jpg,Malignant cases,malignant,801,512,RGB
C:\Users\Usuario\.cache\kagglehub\datasets\adityamahimkar\iqothnccd-lung-cancer-dataset\versions\2\The IQ-OTHNCCD lung cancer dataset\The IQ-OTHNCCD lung cancer dataset\Malignant cases\Malignant case (228).jpg,Malignant case (228).jpg,Malignant cases,malignant,623,512,RGB
C:\Users\Usuario\.cache\kagglehub\datasets\adityamahimkar\iqothnccd-lung-cancer-dataset\versions\2\The IQ-OTHNCCD lung cancer dataset\The IQ-OTHNCCD lung cancer dataset\Malignant cases\Malignant case (229).jpg,Malignant case (229).jpg,Malignant cases,malignant,623,512,RGB
C:\Users\Usuario\.cache\kagglehub\datasets\adityamahimkar\iqothnccd-lung-cancer-dataset\versions\2\The IQ-OTHNCCD lung cancer dataset\The IQ-OTHNCCD lung cancer dataset\Malignant cases\Malignant case (23).jpg,Malignant case (23).jpg,Malignant cases,malignant,512,512,RGB
C:\Users\Usuario\.cache\kagglehub\datasets\adityamahimkar\iqothnccd-lung-cancer-dataset\versions\2\The IQ-OTHNCCD lung cancer dataset\The IQ-OTHNCCD lung cancer dataset\Malignant cases\Malignant case (230).jpg,Malignant case (230).jpg,Malignant cases,malignant,623,512,RGB
C:\Users\Usuario\.cache\kagglehub\datasets\adityamahimkar\iqothnccd-lung-cancer-dataset\versions\2\The IQ-OTHNCCD lung cancer dataset\The IQ-OTHNCCD lung cancer dataset\Malignant cases\Malignant case (231).jpg,Malignant case (231).jpg,Malignant cases,malignant,623,512,RGB
C:\Users\Usuario\.cache\kagglehub\datasets\adityamahimkar\iqothnccd-lung-cancer-dataset\versions\2\The IQ-OTHNCCD lung cancer dataset\The IQ-OTHNCCD lung cancer dataset\Malignant cases\Malignant case (232).jpg,Malignant case (232).jpg,Malignant cases,malignant,623,512,RGB
C:\Users\Usuario\.cache\kagglehub\datasets\adityamahimkar\iqothnccd-lung-cancer-dataset\versions\2\The IQ-OTHNCCD lung cancer dataset\The IQ-OTHNCCD lung cancer dataset\Malignant cases\Malignant case (233).jpg,Malignant case (233).jpg,Malignant cases,malignant,623,512,RGB
C:\Users\Usuario\.cache\kagglehub\datasets\adityamahimkar\iqothnccd-lung-cancer-dataset\versions\2\The IQ-OTHNCCD lung cancer dataset\The IQ-OTHNCCD lung cancer dataset\Malignant cases\Malignant case (234).jpg,Malignant case (234).jpg,Malignant cases,malignant,623,512,RGB
C:\Users\Usuario\.cache\kagglehub\datasets\adityamahimkar\iqothnccd-lung-cancer-dataset\versions\2\The IQ-OTHNCCD lung cancer dataset\The IQ-OTHNCCD lung cancer dataset\Malignant cases\Malignant case (235).jpg,Malignant case (235).jpg,Malignant cases,malignant,623,512,RGB
C:\Users\Usuario\.cache\kagglehub\datasets\adityamahimkar\iqothnccd-lung-cancer-dataset\versions\2\The IQ-OTHNCCD lung cancer dataset\The IQ-OTHNCCD lung cancer dataset\Malignant cases\Malignant case (236).jpg,Malignant case (236).jpg,Malignant cases,malignant,623,512,RGB
C:\Users\Usuario\.cache\kagglehub\datasets\adityamahimkar\iqothnccd-lung-cancer-dataset\versions\2\The IQ-OTHNCCD lung cancer dataset\The IQ-OTHNCCD lung cancer dataset\Malignant cases\Malignant case (237).jpg,Malignant case (237).jpg,Malignant cases,malignant,623,512,RGB
C:\Users\Usuario\.cache\kagglehub\datasets\adityamahimkar\iqothnccd-lung-cancer-dataset\versions\2\The IQ-OTHNCCD lung cancer dataset\The IQ-OTHNCCD lung cancer dataset\Malignant cases\Malignant case (238).jpg,Malignant case (238).jpg,Malignant cases,malignant,623,512,RGB
C:\Users\Usuario\.cache\kagglehub\datasets\adityamahimkar\iqothnccd-lung-cancer-dataset\versions\2\The IQ-OTHNCCD lung cancer dataset\The IQ-OTHNCCD lung cancer dataset\Malignant cases\Malignant case (239).jpg,Malignant case (239).jpg,Malignant cases,malignant,623,512,RGB
C:\Users\Usuario\.cache\kagglehub\datasets\adityamahimkar\iqothnccd-lung-cancer-dataset\versions\2\The IQ-OTHNCCD lung cancer dataset\The IQ-OTHNCCD lung cancer dataset\Malignant cases\Malignant case (24).jpg,Malignant case (24).jpg,Malignant cases,malignant,512,512,RGB
C:\Users\Usuario\.cache\kagglehub\datasets\adityamahimkar\iqothnccd-lung-cancer-dataset\versions\2\The IQ-OTHNCCD lung cancer dataset\The IQ-OTHNCCD lung cancer dataset\Malignant cases\Malignant case (240).jpg,Malignant case (240).jpg,Malignant cases,malignant,623,512,RGB
C:\Users\Usuario\.cache\kagglehub\datasets\adityamahimkar\iqothnccd-lung-cancer-dataset\versions\2\The IQ-OTHNCCD lung cancer dataset\The IQ-OTHNCCD lung cancer dataset\Malignant cases\Malignant case (241).jpg,Malignant case (241).jpg,Malignant cases,malignant,623,512,RGB
C:\Users\Usuario\.cache\kagglehub\datasets\adityamahimkar\iqothnccd-lung-cancer-dataset\versions\2\The IQ-OTHNCCD lung cancer dataset\The IQ-OTHNCCD lung cancer dataset\Malignant cases\Malignant case (242).jpg,Malignant case (242).jpg,Malignant cases,malignant,623,512,RGB
C:\Users\Usuario\.cache\kagglehub\datasets\adityamahimkar\iqothnccd-lung-cancer-dataset\versions\2\The IQ-OTHNCCD lung cancer dataset\The IQ-OTHNCCD lung cancer dataset\Malignant cases\Malignant case (243).jpg,Malignant case (243).jpg,Malignant cases,malignant,623,512,RGB
C:\Users\Usuario\.cache\kagglehub\datasets\adityamahimkar\iqothnccd-lung-cancer-dataset\versions\2\The IQ-OTHNCCD lung cancer dataset\The IQ-OTHNCCD lung cancer dataset\Malignant cases\Malignant case (244).jpg,Malignant case (244).jpg,Malignant cases,malignant,623,512,RGB
C:\Users\Usuario\.cache\kagglehub\datasets\adityamahimkar\iqothnccd-lung-cancer-dataset\versions\2\The IQ-OTHNCCD lung cancer dataset\The IQ-OTHNCCD lung cancer dataset\Malignant cases\Malignant case (245).jpg,Malignant case (245).jpg,Malignant cases,malignant,623,512,RGB
C:\Users\Usuario\.cache\kagglehub\datasets\adityamahimkar\iqothnccd-lung-cancer-dataset\versions\2\The IQ-OTHNCCD lung cancer dataset\The IQ-OTHNCCD lung cancer dataset\Malignant cases\Malignant case (246).jpg,Malignant case (246).jpg,Malignant cases,malignant,623,512,RGB
C:\Users\Usuario\.cache\kagglehub\datasets\adityamahimkar\iqothnccd-lung-cancer-dataset\versions\2\The IQ-OTHNCCD lung cancer dataset\The IQ-OTHNCCD lung cancer dataset\Malignant cases\Malignant case (247).jpg,Malignant case (247).jpg,Malignant cases,malignant,623,512,RGB
C:\Users\Usuario\.cache\kagglehub\datasets\adityamahimkar\iqothnccd-lung-cancer-dataset\versions\2\The IQ-OTHNCCD lung cancer dataset\The IQ-OTHNCCD lung cancer dataset\Malignant cases\Malignant case (248).jpg,Malignant case (248).jpg,Malignant cases,malignant,623,512,RGB
C:\Users\Usuario\.cache\kagglehub\datasets\adityamahimkar\iqothnccd-lung-cancer-dataset\versions\2\The IQ-OTHNCCD lung cancer dataset\The IQ-OTHNCCD lung cancer dataset\Malignant cases\Malignant case (249).jpg,Malignant case (249).jpg,Malignant cases,malignant,623,512,RGB
C:\Users\Usuario\.cache\kagglehub\datasets\adityamahimkar\iqothnccd-lung-cancer-dataset\versions\2\The IQ-OTHNCCD lung cancer dataset\The IQ-OTHNCCD lung cancer dataset\Malignant cases\Malignant case (25).jpg,Malignant case (25).jpg,Malignant cases,malignant,512,512,RGB
C:\Users\Usuario\.cache\kagglehub\datasets\adityamahimkar\iqothnccd-lung-cancer-dataset\versions\2\The IQ-OTHNCCD lung cancer dataset\The IQ-OTHNCCD lung cancer dataset\Malignant cases\Malignant case (250).jpg,Malignant case (250).jpg,Malignant cases,malignant,623,512,RGB
C:\Users\Usuario\.cache\kagglehub\datasets\adityamahimkar\iqothnccd-lung-cancer-dataset\versions\2\The IQ-OTHNCCD lung cancer dataset\The IQ-OTHNCCD lung cancer dataset\Malignant cases\Malignant case (251).jpg,Malignant case (251).jpg,Malignant cases,malignant,623,512,RGB
C:\Users\Usuario\.cache\kagglehub\datasets\adityamahimkar\iqothnccd-lung-cancer-dataset\versions\2\The IQ-OTHNCCD lung cancer dataset\The IQ-OTHNCCD lung cancer dataset\Malignant cases\Malignant case (252).jpg,Malignant case (252).jpg,Malignant cases,malignant,623,512,RGB
C:\Users\Usuario\.cache\kagglehub\datasets\adityamahimkar\iqothnccd-lung-cancer-dataset\versions\2\The IQ-OTHNCCD lung cancer dataset\The IQ-OTHNCCD lung cancer dataset\Malignant cases\Malignant case (253).jpg,Malignant case (253).jpg,Malignant cases,malignant,623,512,RGB
C:\Users\Usuario\.cache\kagglehub\datasets\adityamahimkar\iqothnccd-lung-cancer-dataset\versions\2\The IQ-OTHNCCD lung cancer dataset\The IQ-OTHNCCD lung cancer dataset\Malignant cases\Malignant case (254).jpg,Malignant case (254).jpg,Malignant cases,malignant,623,512,RGB
C:\Users\Usuario\.cache\kagglehub\datasets\adityamahimkar\iqothnccd-lung-cancer-dataset\versions\2\The IQ-OTHNCCD lung cancer dataset\The IQ-OTHNCCD lung cancer dataset\Malignant cases\Malignant case (255).jpg,Malignant case (255).jpg,Malignant cases,malignant,623,512,RGB
C:\Users\Usuario\.cache\kagglehub\datasets\adityamahimkar\iqothnccd-lung-cancer-dataset\versions\2\The IQ-OTHNCCD lung cancer dataset\The IQ-OTHNCCD lung cancer dataset\Malignant cases\Malignant case (256).jpg,Malignant case (256).jpg,Malignant cases,malignant,623,512,RGB
C:\Users\Usuario\.cache\kagglehub\datasets\adityamahimkar\iqothnccd-lung-cancer-dataset\versions\2\The IQ-OTHNCCD lung cancer dataset\The IQ-OTHNCCD lung cancer dataset\Malignant cases\Malignant case (257).jpg,Malignant case (257).jpg,Malignant cases,malignant,623,512,RGB
C:\Users\Usuario\.cache\kagglehub\datasets\adityamahimkar\iqothnccd-lung-cancer-dataset\versions\2\The IQ-OTHNCCD lung cancer dataset\The IQ-OTHNCCD lung cancer dataset\Malignant cases\Malignant case (258).jpg,Malignant case (258).jpg,Malignant cases,malignant,623,512,RGB
C:\Users\Usuario\.cache\kagglehub\datasets\adityamahimkar\iqothnccd-lung-cancer-dataset\versions\2\The IQ-OTHNCCD lung cancer dataset\The IQ-OTHNCCD lung cancer dataset\Malignant cases\Malignant case (259).jpg,Malignant case (259).jpg,Malignant cases,malignant,512,512,RGB
C:\Users\Usuario\.cache\kagglehub\datasets\adityamahimkar\iqothnccd-lung-cancer-dataset\versions\2\The IQ-OTHNCCD lung cancer dataset\The IQ-OTHNCCD lung cancer dataset\Malignant cases\Malignant case (26).jpg,Malignant case (26).jpg,Malignant cases,malignant,512,512,RGB
C:\Users\Usuario\.cache\kagglehub\datasets\adityamahimkar\iqothnccd-lung-cancer-dataset\versions\2\The IQ-OTHNCCD lung cancer dataset\The IQ-OTHNCCD lung cancer dataset\Malignant cases\Malignant case (260).jpg,Malignant case (260).jpg,Malignant cases,malignant,512,512,RGB
C:\Users\Usuario\.cache\kagglehub\datasets\adityamahimkar\iqothnccd-lung-cancer-dataset\versions\2\The IQ-OTHNCCD lung cancer dataset\The IQ-OTHNCCD lung cancer dataset\Malignant cases\Malignant case (261).jpg,Malignant case (261).jpg,Malignant cases,malignant,512,512,RGB
C:\Users\Usuario\.cache\kagglehub\datasets\adityamahimkar\iqothnccd-lung-cancer-dataset\versions\2\The IQ-OTHNCCD lung cancer dataset\The IQ-OTHNCCD lung cancer dataset\Malignant cases\Malignant case (262).jpg,Malignant case (262).jpg,Malignant cases,malignant,512,512,RGB
C:\Users\Usuario\.cache\kagglehub\datasets\adityamahimkar\iqothnccd-lung-cancer-dataset\versions\2\The IQ-OTHNCCD lung cancer dataset\The IQ-OTHNCCD lung cancer dataset\Malignant cases\Malignant case (263).jpg,Malignant case (263).jpg,Malignant cases,malignant,512,512,RGB
C:\Users\Usuario\.cache\kagglehub\datasets\adityamahimkar\iqothnccd-lung-cancer-dataset\versions\2\The IQ-OTHNCCD lung cancer dataset\The IQ-OTHNCCD lung cancer dataset\Malignant cases\Malignant case (264).jpg,Malignant case (264).jpg,Malignant cases,malignant,512,512,RGB
C:\Users\Usuario\.cache\kagglehub\datasets\adityamahimkar\iqothnccd-lung-cancer-dataset\versions\2\The IQ-OTHNCCD lung cancer dataset\The IQ-OTHNCCD lung cancer dataset\Malignant cases\Malignant case (265).jpg,Malignant case (265).jpg,Malignant cases,malignant,512,512,RGB
C:\Users\Usuario\.cache\kagglehub\datasets\adityamahimkar\iqothnccd-lung-cancer-dataset\versions\2\The IQ-OTHNCCD lung cancer dataset\The IQ-OTHNCCD lung cancer dataset\Malignant cases\Malignant case (266).jpg,Malignant case (266).jpg,Malignant cases,malignant,512,512,RGB
C:\Users\Usuario\.cache\kagglehub\datasets\adityamahimkar\iqothnccd-lung-cancer-dataset\versions\2\The IQ-OTHNCCD lung cancer dataset\The IQ-OTHNCCD lung cancer dataset\Malignant cases\Malignant case (267).jpg,Malignant case (267).jpg,Malignant cases,malignant,512,512,RGB
C:\Users\Usuario\.cache\kagglehub\datasets\adityamahimkar\iqothnccd-lung-cancer-dataset\versions\2\The IQ-OTHNCCD lung cancer dataset\The IQ-OTHNCCD lung cancer dataset\Malignant cases\Malignant case (268).jpg,Malignant case (268).jpg,Malignant cases,malignant,512,512,RGB
C:\Users\Usuario\.cache\kagglehub\datasets\adityamahimkar\iqothnccd-lung-cancer-dataset\versions\2\The IQ-OTHNCCD lung cancer dataset\The IQ-OTHNCCD lung cancer dataset\Malignant cases\Malignant case (269).jpg,Malignant case (269).jpg,Malignant cases,malignant,512,512,RGB
C:\Users\Usuario\.cache\kagglehub\datasets\adityamahimkar\iqothnccd-lung-cancer-dataset\versions\2\The IQ-OTHNCCD lung cancer dataset\The IQ-OTHNCCD lung cancer dataset\Malignant cases\Malignant case (27).jpg,Malignant case (27).jpg,Malignant cases,malignant,512,512,RGB
C:\Users\Usuario\.cache\kagglehub\datasets\adityamahimkar\iqothnccd-lung-cancer-dataset\versions\2\The IQ-OTHNCCD lung cancer dataset\The IQ-OTHNCCD lung cancer dataset\Malignant cases\Malignant case (270).jpg,Malignant case (270).jpg,Malignant cases,malignant,512,512,RGB
C:\Users\Usuario\.cache\kagglehub\datasets\adityamahimkar\iqothnccd-lung-cancer-dataset\versions\2\The IQ-OTHNCCD lung cancer dataset\The IQ-OTHNCCD lung cancer dataset\Malignant cases\Malignant case (271).jpg,Malignant case (271).jpg,Malignant cases,malignant,512,512,RGB
C:\Users\Usuario\.cache\kagglehub\datasets\adityamahimkar\iqothnccd-lung-cancer-dataset\versions\2\The IQ-OTHNCCD lung cancer dataset\The IQ-OTHNCCD lung cancer dataset\Malignant cases\Malignant case (272).jpg,Malignant case (272).jpg,Malignant cases,malignant,512,512,RGB
C:\Users\Usuario\.cache\kagglehub\datasets\adityamahimkar\iqothnccd-lung-cancer-dataset\versions\2\The IQ-OTHNCCD lung cancer dataset\The IQ-OTHNCCD lung cancer dataset\Malignant cases\Malignant case (273).jpg,Malignant case (273).jpg,Malignant cases,malignant,512,512,RGB
C:\Users\Usuario\.cache\kagglehub\datasets\adityamahimkar\iqothnccd-lung-cancer-dataset\versions\2\The IQ-OTHNCCD lung cancer dataset\The IQ-OTHNCCD lung cancer dataset\Malignant cases\Malignant case (274).jpg,Malignant case (274).jpg,Malignant cases,malignant,512,512,RGB
C:\Users\Usuario\.cache\kagglehub\datasets\adityamahimkar\iqothnccd-lung-cancer-dataset\versions\2\The IQ-OTHNCCD lung cancer dataset\The IQ-OTHNCCD lung cancer dataset\Malignant cases\Malignant case (275).jpg,Malignant case (275).jpg,Malignant cases,malignant,512,512,RGB
C:\Users\Usuario\.cache\kagglehub\datasets\adityamahimkar\iqothnccd-lung-cancer-dataset\versions\2\The IQ-OTHNCCD lung cancer dataset\The IQ-OTHNCCD lung cancer dataset\Malignant cases\Malignant case (276).jpg,Malignant case (276).jpg,Malignant cases,malignant,512,512,RGB
C:\Users\Usuario\.cache\kagglehub\datasets\adityamahimkar\iqothnccd-lung-cancer-dataset\versions\2\The IQ-OTHNCCD lung cancer dataset\The IQ-OTHNCCD lung cancer dataset\Malignant cases\Malignant case (277).jpg,Malignant case (277).jpg,Malignant cases,malignant,512,512,RGB
C:\Users\Usuario\.cache\kagglehub\datasets\adityamahimkar\iqothnccd-lung-cancer-dataset\versions\2\The IQ-OTHNCCD lung cancer dataset\The IQ-OTHNCCD lung cancer dataset\Malignant cases\Malignant case (278).jpg,Malignant case (278).jpg,Malignant cases,malignant,512,512,RGB
C:\Users\Usuario\.cache\kagglehub\datasets\adityamahimkar\iqothnccd-lung-cancer-dataset\versions\2\The IQ-OTHNCCD lung cancer dataset\The IQ-OTHNCCD lung cancer dataset\Malignant cases\Malignant case (279).jpg,Malignant case (279).jpg,Malignant cases,malignant,512,512,RGB
C:\Users\Usuario\.cache\kagglehub\datasets\adityamahimkar\iqothnccd-lung-cancer-dataset\versions\2\The IQ-OTHNCCD lung cancer dataset\The IQ-OTHNCCD lung cancer dataset\Malignant cases\Malignant case (28).jpg,Malignant case (28).jpg,Malignant cases,malignant,512,512,RGB
C:\Users\Usuario\.cache\kagglehub\datasets\adityamahimkar\iqothnccd-lung-cancer-dataset\versions\2\The IQ-OTHNCCD lung cancer dataset\The IQ-OTHNCCD lung cancer dataset\Malignant cases\Malignant case (280).jpg,Malignant case (280).jpg,Malignant cases,malignant,512,512,RGB
C:\Users\Usuario\.cache\kagglehub\datasets\adityamahimkar\iqothnccd-lung-cancer-dataset\versions\2\The IQ-OTHNCCD lung cancer dataset\The IQ-OTHNCCD lung cancer dataset\Malignant cases\Malignant case (281).jpg,Malignant case (281).jpg,Malignant cases,malignant,512,512,RGB
C:\Users\Usuario\.cache\kagglehub\datasets\adityamahimkar\iqothnccd-lung-cancer-dataset\versions\2\The IQ-OTHNCCD lung cancer dataset\The IQ-OTHNCCD lung cancer dataset\Malignant cases\Malignant case (282).jpg,Malignant case (282).jpg,Malignant cases,malignant,512,512,RGB
C:\Users\Usuario\.cache\kagglehub\datasets\adityamahimkar\iqothnccd-lung-cancer-dataset\versions\2\The IQ-OTHNCCD lung cancer dataset\The IQ-OTHNCCD lung cancer dataset\Malignant cases\Malignant case (283).jpg,Malignant case (283).jpg,Malignant cases,malignant,512,512,RGB
C:\Users\Usuario\.cache\kagglehub\datasets\adityamahimkar\iqothnccd-lung-cancer-dataset\versions\2\The IQ-OTHNCCD lung cancer dataset\The IQ-OTHNCCD lung cancer dataset\Malignant cases\Malignant case (284).jpg,Malignant case (284).jpg,Malignant cases,malignant,512,512,RGB
C:\Users\Usuario\.cache\kagglehub\datasets\adityamahimkar\iqothnccd-lung-cancer-dataset\versions\2\The IQ-OTHNCCD lung cancer dataset\The IQ-OTHNCCD lung cancer dataset\Malignant cases\Malignant case (285).jpg,Malignant case (285).jpg,Malignant cases,malignant,512,512,RGB
C:\Users\Usuario\.cache\kagglehub\datasets\adityamahimkar\iqothnccd-lung-cancer-dataset\versions\2\The IQ-OTHNCCD lung cancer dataset\The IQ-OTHNCCD lung cancer dataset\Malignant cases\Malignant case (286).jpg,Malignant case (286).jpg,Malignant cases,malignant,512,512,RGB
C:\Users\Usuario\.cache\kagglehub\datasets\adityamahimkar\iqothnccd-lung-cancer-dataset\versions\2\The IQ-OTHNCCD lung cancer dataset\The IQ-OTHNCCD lung cancer dataset\Malignant cases\Malignant case (287).jpg,Malignant case (287).jpg,Malignant cases,malignant,512,512,RGB
C:\Users\Usuario\.cache\kagglehub\datasets\adityamahimkar\iqothnccd-lung-cancer-dataset\versions\2\The IQ-OTHNCCD lung cancer dataset\The IQ-OTHNCCD lung cancer dataset\Malignant cases\Malignant case (288).jpg,Malignant case (288).jpg,Malignant cases,malignant,512,512,RGB
C:\Users\Usuario\.cache\kagglehub\datasets\adityamahimkar\iqothnccd-lung-cancer-dataset\versions\2\The IQ-OTHNCCD lung cancer dataset\The IQ-OTHNCCD lung cancer dataset\Malignant cases\Malignant case (289).jpg,Malignant case (289).jpg,Malignant cases,malignant,512,512,RGB
C:\Users\Usuario\.cache\kagglehub\datasets\adityamahimkar\iqothnccd-lung-cancer-dataset\versions\2\The IQ-OTHNCCD lung cancer dataset\The IQ-OTHNCCD lung cancer dataset\Malignant cases\Malignant case (29).jpg,Malignant case (29).jpg,Malignant cases,malignant,512,512,RGB
C:\Users\Usuario\.cache\kagglehub\datasets\adityamahimkar\iqothnccd-lung-cancer-dataset\versions\2\The IQ-OTHNCCD lung cancer dataset\The IQ-OTHNCCD lung cancer dataset\Malignant cases\Malignant case (290).jpg,Malignant case (290).jpg,Malignant cases,malignant,512,512,RGB
C:\Users\Usuario\.cache\kagglehub\datasets\adityamahimkar\iqothnccd-lung-cancer-dataset\versions\2\The IQ-OTHNCCD lung cancer dataset\The IQ-OTHNCCD lung cancer dataset\Malignant cases\Malignant case (291).jpg,Malignant case (291).jpg,Malignant cases,malignant,512,512,RGB
C:\Users\Usuario\.cache\kagglehub\datasets\adityamahimkar\iqothnccd-lung-cancer-dataset\versions\2\The IQ-OTHNCCD lung cancer dataset\The IQ-OTHNCCD lung cancer dataset\Malignant cases\Malignant case (292).jpg,Malignant case (292).jpg,Malignant cases,malignant,512,512,RGB
C:\Users\Usuario\.cache\kagglehub\datasets\adityamahimkar\iqothnccd-lung-cancer-dataset\versions\2\The IQ-OTHNCCD lung cancer dataset\The IQ-OTHNCCD lung cancer dataset\Malignant cases\Malignant case (293).jpg,Malignant case (293).jpg,Malignant cases,malignant,512,512,RGB
C:\Users\Usuario\.cache\kagglehub\datasets\adityamahimkar\iqothnccd-lung-cancer-dataset\versions\2\The IQ-OTHNCCD lung cancer dataset\The IQ-OTHNCCD lung cancer dataset\Malignant cases\Malignant case (294).jpg,Malignant case (294).jpg,Malignant cases,malignant,512,512,RGB
C:\Users\Usuario\.cache\kagglehub\datasets\adityamahimkar\iqothnccd-lung-cancer-dataset\versions\2\The IQ-OTHNCCD lung cancer dataset\The IQ-OTHNCCD lung cancer dataset\Malignant cases\Malignant case (295).jpg,Malignant case (295).jpg,Malignant cases,malignant,512,512,RGB
C:\Users\Usuario\.cache\kagglehub\datasets\adityamahimkar\iqothnccd-lung-cancer-dataset\versions\2\The IQ-OTHNCCD lung cancer dataset\The IQ-OTHNCCD lung cancer dataset\Malignant cases\Malignant case (296).jpg,Malignant case (296).jpg,Malignant cases,malignant,512,512,RGB
C:\Users\Usuario\.cache\kagglehub\datasets\adityamahimkar\iqothnccd-lung-cancer-dataset\versions\2\The IQ-OTHNCCD lung cancer dataset\The IQ-OTHNCCD lung cancer dataset\Malignant cases\Malignant case (297).jpg,Malignant case (297).jpg,Malignant cases,malignant,512,512,RGB
C:\Users\Usuario\.cache\kagglehub\datasets\adityamahimkar\iqothnccd-lung-cancer-dataset\versions\2\The IQ-OTHNCCD lung cancer dataset\The IQ-OTHNCCD lung cancer dataset\Malignant cases\Malignant case (298).jpg,Malignant case (298).jpg,Malignant cases,malignant,512,512,RGB
C:\Users\Usuario\.cache\kagglehub\datasets\adityamahimkar\iqothnccd-lung-cancer-dataset\versions\2\The IQ-OTHNCCD lung cancer dataset\The IQ-OTHNCCD lung cancer dataset\Malignant cases\Malignant case (299).jpg,Malignant case (299).jpg,Malignant cases,malignant,512,512,RGB
C:\Users\Usuario\.cache\kagglehub\datasets\adityamahimkar\iqothnccd-lung-cancer-dataset\versions\2\The IQ-OTHNCCD lung cancer dataset\The IQ-OTHNCCD lung cancer dataset\Malignant cases\Malignant case (3).jpg,Malignant case (3).jpg,Malignant cases,malignant,512,512,RGB
C:\Users\Usuario\.cache\kagglehub\datasets\adityamahimkar\iqothnccd-lung-cancer-dataset\versions\2\The IQ-OTHNCCD lung cancer dataset\The IQ-OTHNCCD lung cancer dataset\Malignant cases\Malignant case (30).jpg,Malignant case (30).jpg,Malignant cases,malignant,512,512,RGB
C:\Users\Usuario\.cache\kagglehub\datasets\adityamahimkar\iqothnccd-lung-cancer-dataset\versions\2\The IQ-OTHNCCD lung cancer dataset\The IQ-OTHNCCD lung cancer dataset\Malignant cases\Malignant case (300).jpg,Malignant case (300).jpg,Malignant cases,malignant,512,512,RGB
C:\Users\Usuario\.cache\kagglehub\datasets\adityamahimkar\iqothnccd-lung-cancer-dataset\versions\2\The IQ-OTHNCCD lung cancer dataset\The IQ-OTHNCCD lung cancer dataset\Malignant cases\Malignant case (301).jpg,Malignant case (301).jpg,Malignant cases,malignant,512,512,RGB
C:\Users\Usuario\.cache\kagglehub\datasets\adityamahimkar\iqothnccd-lung-cancer-dataset\versions\2\The IQ-OTHNCCD lung cancer dataset\The IQ-OTHNCCD lung cancer dataset\Malignant cases\Malignant case (302).jpg,Malignant case (302).jpg,Malignant cases,malignant,512,512,RGB
C:\Users\Usuario\.cache\kagglehub\datasets\adityamahimkar\iqothnccd-lung-cancer-dataset\versions\2\The IQ-OTHNCCD lung cancer dataset\The IQ-OTHNCCD lung cancer dataset\Malignant cases\Malignant case (303).jpg,Malignant case (303).jpg,Malignant cases,malignant,512,512,RGB
C:\Users\Usuario\.cache\kagglehub\datasets\adityamahimkar\iqothnccd-lung-cancer-dataset\versions\2\The IQ-OTHNCCD lung cancer dataset\The IQ-OTHNCCD lung cancer dataset\Malignant cases\Malignant case (304).jpg,Malignant case (304).jpg,Malignant cases,malignant,512,512,RGB
C:\Users\Usuario\.cache\kagglehub\datasets\adityamahimkar\iqothnccd-lung-cancer-dataset\versions\2\The IQ-OTHNCCD lung cancer dataset\The IQ-OTHNCCD lung cancer dataset\Malignant cases\Malignant case (305).jpg,Malignant case (305).jpg,Malignant cases,malignant,512,512,RGB
C:\Users\Usuario\.cache\kagglehub\datasets\adityamahimkar\iqothnccd-lung-cancer-dataset\versions\2\The IQ-OTHNCCD lung cancer dataset\The IQ-OTHNCCD lung cancer dataset\Malignant cases\Malignant case (306).jpg,Malignant case (306).jpg,Malignant cases,malignant,512,512,RGB
C:\Users\Usuario\.cache\kagglehub\datasets\adityamahimkar\iqothnccd-lung-cancer-dataset\versions\2\The IQ-OTHNCCD lung cancer dataset\The IQ-OTHNCCD lung cancer dataset\Malignant cases\Malignant case (307).jpg,Malignant case (307).jpg,Malignant cases,malignant,512,512,RGB
C:\Users\Usuario\.cache\kagglehub\datasets\adityamahimkar\iqothnccd-lung-cancer-dataset\versions\2\The IQ-OTHNCCD lung cancer dataset\The IQ-OTHNCCD lung cancer dataset\Malignant cases\Malignant case (308).jpg,Malignant case (308).jpg,Malignant cases,malignant,512,512,RGB
C:\Users\Usuario\.cache\kagglehub\datasets\adityamahimkar\iqothnccd-lung-cancer-dataset\versions\2\The IQ-OTHNCCD lung cancer dataset\The IQ-OTHNCCD lung cancer dataset\Malignant cases\Malignant case (309).jpg,Malignant case (309).jpg,Malignant cases,malignant,512,512,RGB
C:\Users\Usuario\.cache\kagglehub\datasets\adityamahimkar\iqothnccd-lung-cancer-dataset\versions\2\The IQ-OTHNCCD lung cancer dataset\The IQ-OTHNCCD lung cancer dataset\Malignant cases\Malignant case (31).jpg,Malignant case (31).jpg,Malignant cases,malignant,512,512,RGB
C:\Users\Usuario\.cache\kagglehub\datasets\adityamahimkar\iqothnccd-lung-cancer-dataset\versions\2\The IQ-OTHNCCD lung cancer dataset\The IQ-OTHNCCD lung cancer dataset\Malignant cases\Malignant case (310).jpg,Malignant case (310).jpg,Malignant cases,malignant,512,512,RGB
C:\Users\Usuario\.cache\kagglehub\datasets\adityamahimkar\iqothnccd-lung-cancer-dataset\versions\2\The IQ-OTHNCCD lung cancer dataset\The IQ-OTHNCCD lung cancer dataset\Malignant cases\Malignant case (311).jpg,Malignant case (311).jpg,Malignant cases,malignant,512,512,RGB
C:\Users\Usuario\.cache\kagglehub\datasets\adityamahimkar\iqothnccd-lung-cancer-dataset\versions\2\The IQ-OTHNCCD lung cancer dataset\The IQ-OTHNCCD lung cancer dataset\Malignant cases\Malignant case (312).jpg,Malignant case (312).jpg,Malignant cases,malignant,512,512,RGB
C:\Users\Usuario\.cache\kagglehub\datasets\adityamahimkar\iqothnccd-lung-cancer-dataset\versions\2\The IQ-OTHNCCD lung cancer dataset\The IQ-OTHNCCD lung cancer dataset\Malignant cases\Malignant case (313).jpg,Malignant case (313).jpg,Malignant cases,malignant,512,512,RGB
C:\Users\Usuario\.cache\kagglehub\datasets\adityamahimkar\iqothnccd-lung-cancer-dataset\versions\2\The IQ-OTHNCCD lung cancer dataset\The IQ-OTHNCCD lung cancer dataset\Malignant cases\Malignant case (314).jpg,Malignant case (314).jpg,Malignant cases,malignant,512,512,RGB
C:\Users\Usuario\.cache\kagglehub\datasets\adityamahimkar\iqothnccd-lung-cancer-dataset\versions\2\The IQ-OTHNCCD lung cancer dataset\The IQ-OTHNCCD lung cancer dataset\Malignant cases\Malignant case (315).jpg,Malignant case (315).jpg,Malignant cases,malignant,512,512,RGB
C:\Users\Usuario\.cache\kagglehub\datasets\adityamahimkar\iqothnccd-lung-cancer-dataset\versions\2\The IQ-OTHNCCD lung cancer dataset\The IQ-OTHNCCD lung cancer dataset\Malignant cases\Malignant case (316).jpg,Malignant case (316).jpg,Malignant cases,malignant,512,512,RGB
C:\Users\Usuario\.cache\kagglehub\datasets\adityamahimkar\iqothnccd-lung-cancer-dataset\versions\2\The IQ-OTHNCCD lung cancer dataset\The IQ-OTHNCCD lung cancer dataset\Malignant cases\Malignant case (317).jpg,Malignant case (317).jpg,Malignant cases,malignant,512,512,RGB
C:\Users\Usuario\.cache\kagglehub\datasets\adityamahimkar\iqothnccd-lung-cancer-dataset\versions\2\The IQ-OTHNCCD lung cancer dataset\The IQ-OTHNCCD lung cancer dataset\Malignant cases\Malignant case (318).jpg,Malignant case (318).jpg,Malignant cases,malignant,512,512,RGB
C:\Users\Usuario\.cache\kagglehub\datasets\adityamahimkar\iqothnccd-lung-cancer-dataset\versions\2\The IQ-OTHNCCD lung cancer dataset\The IQ-OTHNCCD lung cancer dataset\Malignant cases\Malignant case (319).jpg,Malignant case (319).jpg,Malignant cases,malignant,512,512,RGB
C:\Users\Usuario\.cache\kagglehub\datasets\adityamahimkar\iqothnccd-lung-cancer-dataset\versions\2\The IQ-OTHNCCD lung cancer dataset\The IQ-OTHNCCD lung cancer dataset\Malignant cases\Malignant case (32).jpg,Malignant case (32).jpg,Malignant cases,malignant,512,512,RGB
C:\Users\Usuario\.cache\kagglehub\datasets\adityamahimkar\iqothnccd-lung-cancer-dataset\versions\2\The IQ-OTHNCCD lung cancer dataset\The IQ-OTHNCCD lung cancer dataset\Malignant cases\Malignant case (320).jpg,Malignant case (320).jpg,Malignant cases,malignant,512,512,RGB
C:\Users\Usuario\.cache\kagglehub\datasets\adityamahimkar\iqothnccd-lung-cancer-dataset\versions\2\The IQ-OTHNCCD lung cancer dataset\The IQ-OTHNCCD lung cancer dataset\Malignant cases\Malignant case (321).jpg,Malignant case (321).jpg,Malignant cases,malignant,512,512,RGB
C:\Users\Usuario\.cache\kagglehub\datasets\adityamahimkar\iqothnccd-lung-cancer-dataset\versions\2\The IQ-OTHNCCD lung cancer dataset\The IQ-OTHNCCD lung cancer dataset\Malignant cases\Malignant case (322).jpg,Malignant case (322).jpg,Malignant cases,malignant,512,512,RGB
C:\Users\Usuario\.cache\kagglehub\datasets\adityamahimkar\iqothnccd-lung-cancer-dataset\versions\2\The IQ-OTHNCCD lung cancer dataset\The IQ-OTHNCCD lung cancer dataset\Malignant cases\Malignant case (323).jpg,Malignant case (323).jpg,Malignant cases,malignant,512,512,RGB
C:\Users\Usuario\.cache\kagglehub\datasets\adityamahimkar\iqothnccd-lung-cancer-dataset\versions\2\The IQ-OTHNCCD lung cancer dataset\The IQ-OTHNCCD lung cancer dataset\Malignant cases\Malignant case (324).jpg,Malignant case (324).jpg,Malignant cases,malignant,512,512,RGB
C:\Users\Usuario\.cache\kagglehub\datasets\adityamahimkar\iqothnccd-lung-cancer-dataset\versions\2\The IQ-OTHNCCD lung cancer dataset\The IQ-OTHNCCD lung cancer dataset\Malignant cases\Malignant case (325).jpg,Malignant case (325).jpg,Malignant cases,malignant,512,512,RGB
C:\Users\Usuario\.cache\kagglehub\datasets\adityamahimkar\iqothnccd-lung-cancer-dataset\versions\2\The IQ-OTHNCCD lung cancer dataset\The IQ-OTHNCCD lung cancer dataset\Malignant cases\Malignant case (326).jpg,Malignant case (326).jpg,Malignant cases,malignant,512,512,RGB
C:\Users\Usuario\.cache\kagglehub\datasets\adityamahimkar\iqothnccd-lung-cancer-dataset\versions\2\The IQ-OTHNCCD lung cancer dataset\The IQ-OTHNCCD lung cancer dataset\Malignant cases\Malignant case (327).jpg,Malignant case (327).jpg,Malignant cases,malignant,512,512,RGB
C:\Users\Usuario\.cache\kagglehub\datasets\adityamahimkar\iqothnccd-lung-cancer-dataset\versions\2\The IQ-OTHNCCD lung cancer dataset\The IQ-OTHNCCD lung cancer dataset\Malignant cases\Malignant case (328).jpg,Malignant case (328).jpg,Malignant cases,malignant,512,512,RGB
C:\Users\Usuario\.cache\kagglehub\datasets\adityamahimkar\iqothnccd-lung-cancer-dataset\versions\2\The IQ-OTHNCCD lung cancer dataset\The IQ-OTHNCCD lung cancer dataset\Malignant cases\Malignant case (329).jpg,Malignant case (329).jpg,Malignant cases,malignant,512,512,RGB
C:\Users\Usuario\.cache\kagglehub\datasets\adityamahimkar\iqothnccd-lung-cancer-dataset\versions\2\The IQ-OTHNCCD lung cancer dataset\The IQ-OTHNCCD lung cancer dataset\Malignant cases\Malignant case (33).jpg,Malignant case (33).jpg,Malignant cases,malignant,512,512,RGB
C:\Users\Usuario\.cache\kagglehub\datasets\adityamahimkar\iqothnccd-lung-cancer-dataset\versions\2\The IQ-OTHNCCD lung cancer dataset\The IQ-OTHNCCD lung cancer dataset\Malignant cases\Malignant case (330).jpg,Malignant case (330).jpg,Malignant cases,malignant,512,512,RGB
C:\Users\Usuario\.cache\kagglehub\datasets\adityamahimkar\iqothnccd-lung-cancer-dataset\versions\2\The IQ-OTHNCCD lung cancer dataset\The IQ-OTHNCCD lung cancer dataset\Malignant cases\Malignant case (331).jpg,Malignant case (331).jpg,Malignant cases,malignant,512,512,RGB
C:\Users\Usuario\.cache\kagglehub\datasets\adityamahimkar\iqothnccd-lung-cancer-dataset\versions\2\The IQ-OTHNCCD lung cancer dataset\The IQ-OTHNCCD lung cancer dataset\Malignant cases\Malignant case (332).jpg,Malignant case (332).jpg,Malignant cases,malignant,512,512,RGB
C:\Users\Usuario\.cache\kagglehub\datasets\adityamahimkar\iqothnccd-lung-cancer-dataset\versions\2\The IQ-OTHNCCD lung cancer dataset\The IQ-OTHNCCD lung cancer dataset\Malignant cases\Malignant case (333).jpg,Malignant case (333).jpg,Malignant cases,malignant,512,512,RGB
C:\Users\Usuario\.cache\kagglehub\datasets\adityamahimkar\iqothnccd-lung-cancer-dataset\versions\2\The IQ-OTHNCCD lung cancer dataset\The IQ-OTHNCCD lung cancer dataset\Malignant cases\Malignant case (334).jpg,Malignant case (334).jpg,Malignant cases,malignant,512,512,RGB
C:\Users\Usuario\.cache\kagglehub\datasets\adityamahimkar\iqothnccd-lung-cancer-dataset\versions\2\The IQ-OTHNCCD lung cancer dataset\The IQ-OTHNCCD lung cancer dataset\Malignant cases\Malignant case (335).jpg,Malignant case (335).jpg,Malignant cases,malignant,512,512,RGB
C:\Users\Usuario\.cache\kagglehub\datasets\adityamahimkar\iqothnccd-lung-cancer-dataset\versions\2\The IQ-OTHNCCD lung cancer dataset\The IQ-OTHNCCD lung cancer dataset\Malignant cases\Malignant case (336).jpg,Malignant case (336).jpg,Malignant cases,malignant,512,512,RGB
C:\Users\Usuario\.cache\kagglehub\datasets\adityamahimkar\iqothnccd-lung-cancer-dataset\versions\2\The IQ-OTHNCCD lung cancer dataset\The IQ-OTHNCCD lung cancer dataset\Malignant cases\Malignant case (337).jpg,Malignant case (337).jpg,Malignant cases,malignant,512,512,RGB
C:\Users\Usuario\.cache\kagglehub\datasets\adityamahimkar\iqothnccd-lung-cancer-dataset\versions\2\The IQ-OTHNCCD lung cancer dataset\The IQ-OTHNCCD lung cancer dataset\Malignant cases\Malignant case (338).jpg,Malignant case (338).jpg,Malignant cases,malignant,512,512,RGB
C:\Users\Usuario\.cache\kagglehub\datasets\adityamahimkar\iqothnccd-lung-cancer-dataset\versions\2\The IQ-OTHNCCD lung cancer dataset\The IQ-OTHNCCD lung cancer dataset\Malignant cases\Malignant case (339).jpg,Malignant case (339).jpg,Malignant cases,malignant,512,512,RGB
C:\Users\Usuario\.cache\kagglehub\datasets\adityamahimkar\iqothnccd-lung-cancer-dataset\versions\2\The IQ-OTHNCCD lung cancer dataset\The IQ-OTHNCCD lung cancer dataset\Malignant cases\Malignant case (34).jpg,Malignant case (34).jpg,Malignant cases,malignant,512,512,RGB
C:\Users\Usuario\.cache\kagglehub\datasets\adityamahimkar\iqothnccd-lung-cancer-dataset\versions\2\The IQ-OTHNCCD lung cancer dataset\The IQ-OTHNCCD lung cancer dataset\Malignant cases\Malignant case (340).jpg,Malignant case (340).jpg,Malignant cases,malignant,512,512,RGB
C:\Users\Usuario\.cache\kagglehub\datasets\adityamahimkar\iqothnccd-lung-cancer-dataset\versions\2\The IQ-OTHNCCD lung cancer dataset\The IQ-OTHNCCD lung cancer dataset\Malignant cases\Malignant case (341).jpg,Malignant case (341).jpg,Malignant cases,malignant,512,512,RGB
C:\Users\Usuario\.cache\kagglehub\datasets\adityamahimkar\iqothnccd-lung-cancer-dataset\versions\2\The IQ-OTHNCCD lung cancer dataset\The IQ-OTHNCCD lung cancer dataset\Malignant cases\Malignant case (342).jpg,Malignant case (342).jpg,Malignant cases,malignant,512,512,RGB
C:\Users\Usuario\.cache\kagglehub\datasets\adityamahimkar\iqothnccd-lung-cancer-dataset\versions\2\The IQ-OTHNCCD lung cancer dataset\The IQ-OTHNCCD lung cancer dataset\Malignant cases\Malignant case (343).jpg,Malignant case (343).jpg,Malignant cases,malignant,512,512,RGB
C:\Users\Usuario\.cache\kagglehub\datasets\adityamahimkar\iqothnccd-lung-cancer-dataset\versions\2\The IQ-OTHNCCD lung cancer dataset\The IQ-OTHNCCD lung cancer dataset\Malignant cases\Malignant case (344).jpg,Malignant case (344).jpg,Malignant cases,malignant,512,512,RGB
C:\Users\Usuario\.cache\kagglehub\datasets\adityamahimkar\iqothnccd-lung-cancer-dataset\versions\2\The IQ-OTHNCCD lung cancer dataset\The IQ-OTHNCCD lung cancer dataset\Malignant cases\Malignant case (345).jpg,Malignant case (345).jpg,Malignant cases,malignant,512,512,RGB
C:\Users\Usuario\.cache\kagglehub\datasets\adityamahimkar\iqothnccd-lung-cancer-dataset\versions\2\The IQ-OTHNCCD lung cancer dataset\The IQ-OTHNCCD lung cancer dataset\Malignant cases\Malignant case (346).jpg,Malignant case (346).jpg,Malignant cases,malignant,512,512,RGB
C:\Users\Usuario\.cache\kagglehub\datasets\adityamahimkar\iqothnccd-lung-cancer-dataset\versions\2\The IQ-OTHNCCD lung cancer dataset\The IQ-OTHNCCD lung cancer dataset\Malignant cases\Malignant case (347).jpg,Malignant case (347).jpg,Malignant cases,malignant,512,512,RGB
C:\Users\Usuario\.cache\kagglehub\datasets\adityamahimkar\iqothnccd-lung-cancer-dataset\versions\2\The IQ-OTHNCCD lung cancer dataset\The IQ-OTHNCCD lung cancer dataset\Malignant cases\Malignant case (348).jpg,Malignant case (348).jpg,Malignant cases,malignant,512,512,RGB
C:\Users\Usuario\.cache\kagglehub\datasets\adityamahimkar\iqothnccd-lung-cancer-dataset\versions\2\The IQ-OTHNCCD lung cancer dataset\The IQ-OTHNCCD lung cancer dataset\Malignant cases\Malignant case (349).jpg,Malignant case (349).jpg,Malignant cases,malignant,512,512,RGB
C:\Users\Usuario\.cache\kagglehub\datasets\adityamahimkar\iqothnccd-lung-cancer-dataset\versions\2\The IQ-OTHNCCD lung cancer dataset\The IQ-OTHNCCD lung cancer dataset\Malignant cases\Malignant case (35).jpg,Malignant case (35).jpg,Malignant cases,malignant,512,512,RGB
C:\Users\Usuario\.cache\kagglehub\datasets\adityamahimkar\iqothnccd-lung-cancer-dataset\versions\2\The IQ-OTHNCCD lung cancer dataset\The IQ-OTHNCCD lung cancer dataset\Malignant cases\Malignant case (350).jpg,Malignant case (350).jpg,Malignant cases,malignant,512,512,RGB
C:\Users\Usuario\.cache\kagglehub\datasets\adityamahimkar\iqothnccd-lung-cancer-dataset\versions\2\The IQ-OTHNCCD lung cancer dataset\The IQ-OTHNCCD lung cancer dataset\Malignant cases\Malignant case (351).jpg,Malignant case (351).jpg,Malignant cases,malignant,512,512,RGB
C:\Users\Usuario\.cache\kagglehub\datasets\adityamahimkar\iqothnccd-lung-cancer-dataset\versions\2\The IQ-OTHNCCD lung cancer dataset\The IQ-OTHNCCD lung cancer dataset\Malignant cases\Malignant case (352).jpg,Malignant case (352).jpg,Malignant cases,malignant,512,512,RGB
C:\Users\Usuario\.cache\kagglehub\datasets\adityamahimkar\iqothnccd-lung-cancer-dataset\versions\2\The IQ-OTHNCCD lung cancer dataset\The IQ-OTHNCCD lung cancer dataset\Malignant cases\Malignant case (353).jpg,Malignant case (353).jpg,Malignant cases,malignant,512,512,RGB
C:\Users\Usuario\.cache\kagglehub\datasets\adityamahimkar\iqothnccd-lung-cancer-dataset\versions\2\The IQ-OTHNCCD lung cancer dataset\The IQ-OTHNCCD lung cancer dataset\Malignant cases\Malignant case (354).jpg,Malignant case (354).jpg,Malignant cases,malignant,512,512,RGB
C:\Users\Usuario\.cache\kagglehub\datasets\adityamahimkar\iqothnccd-lung-cancer-dataset\versions\2\The IQ-OTHNCCD lung cancer dataset\The IQ-OTHNCCD lung cancer dataset\Malignant cases\Malignant case (355).jpg,Malignant case (355).jpg,Malignant cases,malignant,512,512,RGB
C:\Users\Usuario\.cache\kagglehub\datasets\adityamahimkar\iqothnccd-lung-cancer-dataset\versions\2\The IQ-OTHNCCD lung cancer dataset\The IQ-OTHNCCD lung cancer dataset\Malignant cases\Malignant case (356).jpg,Malignant case (356).jpg,Malignant cases,malignant,512,512,RGB
C:\Users\Usuario\.cache\kagglehub\datasets\adityamahimkar\iqothnccd-lung-cancer-dataset\versions\2\The IQ-OTHNCCD lung cancer dataset\The IQ-OTHNCCD lung cancer dataset\Malignant cases\Malignant case (357).jpg,Malignant case (357).jpg,Malignant cases,malignant,512,512,RGB
C:\Users\Usuario\.cache\kagglehub\datasets\adityamahimkar\iqothnccd-lung-cancer-dataset\versions\2\The IQ-OTHNCCD lung cancer dataset\The IQ-OTHNCCD lung cancer dataset\Malignant cases\Malignant case (358).jpg,Malignant case (358).jpg,Malignant cases,malignant,512,512,RGB
C:\Users\Usuario\.cache\kagglehub\datasets\adityamahimkar\iqothnccd-lung-cancer-dataset\versions\2\The IQ-OTHNCCD lung cancer dataset\The IQ-OTHNCCD lung cancer dataset\Malignant cases\Malignant case (359).jpg,Malignant case (359).jpg,Malignant cases,malignant,512,512,RGB
C:\Users\Usuario\.cache\kagglehub\datasets\adityamahimkar\iqothnccd-lung-cancer-dataset\versions\2\The IQ-OTHNCCD lung cancer dataset\The IQ-OTHNCCD lung cancer dataset\Malignant cases\Malignant case (36).jpg,Malignant case (36).jpg,Malignant cases,malignant,512,512,RGB
C:\Users\Usuario\.cache\kagglehub\datasets\adityamahimkar\iqothnccd-lung-cancer-dataset\versions\2\The IQ-OTHNCCD lung cancer dataset\The IQ-OTHNCCD lung cancer dataset\Malignant cases\Malignant case (360).jpg,Malignant case (360).jpg,Malignant cases,malignant,512,512,RGB
C:\Users\Usuario\.cache\kagglehub\datasets\adityamahimkar\iqothnccd-lung-cancer-dataset\versions\2\The IQ-OTHNCCD lung cancer dataset\The IQ-OTHNCCD lung cancer dataset\Malignant cases\Malignant case (361).jpg,Malignant case (361).jpg,Malignant cases,malignant,512,512,RGB
C:\Users\Usuario\.cache\kagglehub\datasets\adityamahimkar\iqothnccd-lung-cancer-dataset\versions\2\The IQ-OTHNCCD lung cancer dataset\The IQ-OTHNCCD lung cancer dataset\Malignant cases\Malignant case (362).jpg,Malignant case (362).jpg,Malignant cases,malignant,512,512,RGB
C:\Users\Usuario\.cache\kagglehub\datasets\adityamahimkar\iqothnccd-lung-cancer-dataset\versions\2\The IQ-OTHNCCD lung cancer dataset\The IQ-OTHNCCD lung cancer dataset\Malignant cases\Malignant case (363).jpg,Malignant case (363).jpg,Malignant cases,malignant,512,512,RGB
C:\Users\Usuario\.cache\kagglehub\datasets\adityamahimkar\iqothnccd-lung-cancer-dataset\versions\2\The IQ-OTHNCCD lung cancer dataset\The IQ-OTHNCCD lung cancer dataset\Malignant cases\Malignant case (364).jpg,Malignant case (364).jpg,Malignant cases,malignant,512,512,RGB
C:\Users\Usuario\.cache\kagglehub\datasets\adityamahimkar\iqothnccd-lung-cancer-dataset\versions\2\The IQ-OTHNCCD lung cancer dataset\The IQ-OTHNCCD lung cancer dataset\Malignant cases\Malignant case (365).jpg,Malignant case (365).jpg,Malignant cases,malignant,512,512,RGB
C:\Users\Usuario\.cache\kagglehub\datasets\adityamahimkar\iqothnccd-lung-cancer-dataset\versions\2\The IQ-OTHNCCD lung cancer dataset\The IQ-OTHNCCD lung cancer dataset\Malignant cases\Malignant case (366).jpg,Malignant case (366).jpg,Malignant cases,malignant,512,512,RGB
C:\Users\Usuario\.cache\kagglehub\datasets\adityamahimkar\iqothnccd-lung-cancer-dataset\versions\2\The IQ-OTHNCCD lung cancer dataset\The IQ-OTHNCCD lung cancer dataset\Malignant cases\Malignant case (367).jpg,Malignant case (367).jpg,Malignant cases,malignant,512,512,RGB
C:\Users\Usuario\.cache\kagglehub\datasets\adityamahimkar\iqothnccd-lung-cancer-dataset\versions\2\The IQ-OTHNCCD lung cancer dataset\The IQ-OTHNCCD lung cancer dataset\Malignant cases\Malignant case (368).jpg,Malignant case (368).jpg,Malignant cases,malignant,512,512,RGB
C:\Users\Usuario\.cache\kagglehub\datasets\adityamahimkar\iqothnccd-lung-cancer-dataset\versions\2\The IQ-OTHNCCD lung cancer dataset\The IQ-OTHNCCD lung cancer dataset\Malignant cases\Malignant case (369).jpg,Malignant case (369).jpg,Malignant cases,malignant,512,512,RGB
C:\Users\Usuario\.cache\kagglehub\datasets\adityamahimkar\iqothnccd-lung-cancer-dataset\versions\2\The IQ-OTHNCCD lung cancer dataset\The IQ-OTHNCCD lung cancer dataset\Malignant cases\Malignant case (37).jpg,Malignant case (37).jpg,Malignant cases,malignant,512,512,RGB
C:\Users\Usuario\.cache\kagglehub\datasets\adityamahimkar\iqothnccd-lung-cancer-dataset\versions\2\The IQ-OTHNCCD lung cancer dataset\The IQ-OTHNCCD lung cancer dataset\Malignant cases\Malignant case (370).jpg,Malignant case (370).jpg,Malignant cases,malignant,512,512,RGB
C:\Users\Usuario\.cache\kagglehub\datasets\adityamahimkar\iqothnccd-lung-cancer-dataset\versions\2\The IQ-OTHNCCD lung cancer dataset\The IQ-OTHNCCD lung cancer dataset\Malignant cases\Malignant case (371).jpg,Malignant case (371).jpg,Malignant cases,malignant,512,512,RGB
C:\Users\Usuario\.cache\kagglehub\datasets\adityamahimkar\iqothnccd-lung-cancer-dataset\versions\2\The IQ-OTHNCCD lung cancer dataset\The IQ-OTHNCCD lung cancer dataset\Malignant cases\Malignant case (372).jpg,Malignant case (372).jpg,Malignant cases,malignant,512,512,RGB
C:\Users\Usuario\.cache\kagglehub\datasets\adityamahimkar\iqothnccd-lung-cancer-dataset\versions\2\The IQ-OTHNCCD lung cancer dataset\The IQ-OTHNCCD lung cancer dataset\Malignant cases\Malignant case (373).jpg,Malignant case (373).jpg,Malignant cases,malignant,512,512,RGB
C:\Users\Usuario\.cache\kagglehub\datasets\adityamahimkar\iqothnccd-lung-cancer-dataset\versions\2\The IQ-OTHNCCD lung cancer dataset\The IQ-OTHNCCD lung cancer dataset\Malignant cases\Malignant case (374).jpg,Malignant case (374).jpg,Malignant cases,malignant,512,512,RGB
C:\Users\Usuario\.cache\kagglehub\datasets\adityamahimkar\iqothnccd-lung-cancer-dataset\versions\2\The IQ-OTHNCCD lung cancer dataset\The IQ-OTHNCCD lung cancer dataset\Malignant cases\Malignant case (375).jpg,Malignant case (375).jpg,Malignant cases,malignant,512,512,RGB
C:\Users\Usuario\.cache\kagglehub\datasets\adityamahimkar\iqothnccd-lung-cancer-dataset\versions\2\The IQ-OTHNCCD lung cancer dataset\The IQ-OTHNCCD lung cancer dataset\Malignant cases\Malignant case (376).jpg,Malignant case (376).jpg,Malignant cases,malignant,512,512,RGB
C:\Users\Usuario\.cache\kagglehub\datasets\adityamahimkar\iqothnccd-lung-cancer-dataset\versions\2\The IQ-OTHNCCD lung cancer dataset\The IQ-OTHNCCD lung cancer dataset\Malignant cases\Malignant case (377).jpg,Malignant case (377).jpg,Malignant cases,malignant,512,512,RGB
C:\Users\Usuario\.cache\kagglehub\datasets\adityamahimkar\iqothnccd-lung-cancer-dataset\versions\2\The IQ-OTHNCCD lung cancer dataset\The IQ-OTHNCCD lung cancer dataset\Malignant cases\Malignant case (378).jpg,Malignant case (378).jpg,Malignant cases,malignant,512,512,RGB
C:\Users\Usuario\.cache\kagglehub\datasets\adityamahimkar\iqothnccd-lung-cancer-dataset\versions\2\The IQ-OTHNCCD lung cancer dataset\The IQ-OTHNCCD lung cancer dataset\Malignant cases\Malignant case (379).jpg,Malignant case (379).jpg,Malignant cases,malignant,512,512,RGB
C:\Users\Usuario\.cache\kagglehub\datasets\adityamahimkar\iqothnccd-lung-cancer-dataset\versions\2\The IQ-OTHNCCD lung cancer dataset\The IQ-OTHNCCD lung cancer dataset\Malignant cases\Malignant case (38).jpg,Malignant case (38).jpg,Malignant cases,malignant,512,512,RGB
C:\Users\Usuario\.cache\kagglehub\datasets\adityamahimkar\iqothnccd-lung-cancer-dataset\versions\2\The IQ-OTHNCCD lung cancer dataset\The IQ-OTHNCCD lung cancer dataset\Malignant cases\Malignant case (380).jpg,Malignant case (380).jpg,Malignant cases,malignant,512,512,RGB
C:\Users\Usuario\.cache\kagglehub\datasets\adityamahimkar\iqothnccd-lung-cancer-dataset\versions\2\The IQ-OTHNCCD lung cancer dataset\The IQ-OTHNCCD lung cancer dataset\Malignant cases\Malignant case (381).jpg,Malignant case (381).jpg,Malignant cases,malignant,512,512,RGB
C:\Users\Usuario\.cache\kagglehub\datasets\adityamahimkar\iqothnccd-lung-cancer-dataset\versions\2\The IQ-OTHNCCD lung cancer dataset\The IQ-OTHNCCD lung cancer dataset\Malignant cases\Malignant case (382).jpg,Malignant case (382).jpg,Malignant cases,malignant,512,512,RGB
C:\Users\Usuario\.cache\kagglehub\datasets\adityamahimkar\iqothnccd-lung-cancer-dataset\versions\2\The IQ-OTHNCCD lung cancer dataset\The IQ-OTHNCCD lung cancer dataset\Malignant cases\Malignant case (383).jpg,Malignant case (383).jpg,Malignant cases,malignant,512,512,RGB
C:\Users\Usuario\.cache\kagglehub\datasets\adityamahimkar\iqothnccd-lung-cancer-dataset\versions\2\The IQ-OTHNCCD lung cancer dataset\The IQ-OTHNCCD lung cancer dataset\Malignant cases\Malignant case (384).jpg,Malignant case (384).jpg,Malignant cases,malignant,512,512,RGB
C:\Users\Usuario\.cache\kagglehub\datasets\adityamahimkar\iqothnccd-lung-cancer-dataset\versions\2\The IQ-OTHNCCD lung cancer dataset\The IQ-OTHNCCD lung cancer dataset\Malignant cases\Malignant case (385).jpg,Malignant case (385).jpg,Malignant cases,malignant,512,512,RGB
C:\Users\Usuario\.cache\kagglehub\datasets\adityamahimkar\iqothnccd-lung-cancer-dataset\versions\2\The IQ-OTHNCCD lung cancer dataset\The IQ-OTHNCCD lung cancer dataset\Malignant cases\Malignant case (386).jpg,Malignant case (386).jpg,Malignant cases,malignant,512,512,RGB
C:\Users\Usuario\.cache\kagglehub\datasets\adityamahimkar\iqothnccd-lung-cancer-dataset\versions\2\The IQ-OTHNCCD lung cancer dataset\The IQ-OTHNCCD lung cancer dataset\Malignant cases\Malignant case (387).jpg,Malignant case (387).jpg,Malignant cases,malignant,512,512,RGB
C:\Users\Usuario\.cache\kagglehub\datasets\adityamahimkar\iqothnccd-lung-cancer-dataset\versions\2\The IQ-OTHNCCD lung cancer dataset\The IQ-OTHNCCD lung cancer dataset\Malignant cases\Malignant case (388).jpg,Malignant case (388).jpg,Malignant cases,malignant,512,512,RGB
C:\Users\Usuario\.cache\kagglehub\datasets\adityamahimkar\iqothnccd-lung-cancer-dataset\versions\2\The IQ-OTHNCCD lung cancer dataset\The IQ-OTHNCCD lung cancer dataset\Malignant cases\Malignant case (389).jpg,Malignant case (389).jpg,Malignant cases,malignant,512,512,RGB
C:\Users\Usuario\.cache\kagglehub\datasets\adityamahimkar\iqothnccd-lung-cancer-dataset\versions\2\The IQ-OTHNCCD lung cancer dataset\The IQ-OTHNCCD lung cancer dataset\Malignant cases\Malignant case (39).jpg,Malignant case (39).jpg,Malignant cases,malignant,512,512,RGB
C:\Users\Usuario\.cache\kagglehub\datasets\adityamahimkar\iqothnccd-lung-cancer-dataset\versions\2\The IQ-OTHNCCD lung cancer dataset\The IQ-OTHNCCD lung cancer dataset\Malignant cases\Malignant case (390).jpg,Malignant case (390).jpg,Malignant cases,malignant,512,512,RGB
C:\Users\Usuario\.cache\kagglehub\datasets\adityamahimkar\iqothnccd-lung-cancer-dataset\versions\2\The IQ-OTHNCCD lung cancer dataset\The IQ-OTHNCCD lung cancer dataset\Malignant cases\Malignant case (391).jpg,Malignant case (391).jpg,Malignant cases,malignant,512,512,RGB
C:\Users\Usuario\.cache\kagglehub\datasets\adityamahimkar\iqothnccd-lung-cancer-dataset\versions\2\The IQ-OTHNCCD lung cancer dataset\The IQ-OTHNCCD lung cancer dataset\Malignant cases\Malignant case (392).jpg,Malignant case (392).jpg,Malignant cases,malignant,512,512,RGB
C:\Users\Usuario\.cache\kagglehub\datasets\adityamahimkar\iqothnccd-lung-cancer-dataset\versions\2\The IQ-OTHNCCD lung cancer dataset\The IQ-OTHNCCD lung cancer dataset\Malignant cases\Malignant case (393).jpg,Malignant case (393).jpg,Malignant cases,malignant,512,512,RGB
C:\Users\Usuario\.cache\kagglehub\datasets\adityamahimkar\iqothnccd-lung-cancer-dataset\versions\2\The IQ-OTHNCCD lung cancer dataset\The IQ-OTHNCCD lung cancer dataset\Malignant cases\Malignant case (394).jpg,Malignant case (394).jpg,Malignant cases,malignant,512,512,RGB
C:\Users\Usuario\.cache\kagglehub\datasets\adityamahimkar\iqothnccd-lung-cancer-dataset\versions\2\The IQ-OTHNCCD lung cancer dataset\The IQ-OTHNCCD lung cancer dataset\Malignant cases\Malignant case (395).jpg,Malignant case (395).jpg,Malignant cases,malignant,512,512,RGB
C:\Users\Usuario\.cache\kagglehub\datasets\adityamahimkar\iqothnccd-lung-cancer-dataset\versions\2\The IQ-OTHNCCD lung cancer dataset\The IQ-OTHNCCD lung cancer dataset\Malignant cases\Malignant case (396).jpg,Malignant case (396).jpg,Malignant cases,malignant,512,512,RGB
C:\Users\Usuario\.cache\kagglehub\datasets\adityamahimkar\iqothnccd-lung-cancer-dataset\versions\2\The IQ-OTHNCCD lung cancer dataset\The IQ-OTHNCCD lung cancer dataset\Malignant cases\Malignant case (397).jpg,Malignant case (397).jpg,Malignant cases,malignant,512,512,RGB
C:\Users\Usuario\.cache\kagglehub\datasets\adityamahimkar\iqothnccd-lung-cancer-dataset\versions\2\The IQ-OTHNCCD lung cancer dataset\The IQ-OTHNCCD lung cancer dataset\Malignant cases\Malignant case (398).jpg,Malignant case (398).jpg,Malignant cases,malignant,512,512,RGB
C:\Users\Usuario\.cache\kagglehub\datasets\adityamahimkar\iqothnccd-lung-cancer-dataset\versions\2\The IQ-OTHNCCD lung cancer dataset\The IQ-OTHNCCD lung cancer dataset\Malignant cases\Malignant case (399).jpg,Malignant case (399).jpg,Malignant cases,malignant,512,512,RGB
C:\Users\Usuario\.cache\kagglehub\datasets\adityamahimkar\iqothnccd-lung-cancer-dataset\versions\2\The IQ-OTHNCCD lung cancer dataset\The IQ-OTHNCCD lung cancer dataset\Malignant cases\Malignant case (4).jpg,Malignant case (4).jpg,Malignant cases,malignant,512,512,RGB
C:\Users\Usuario\.cache\kagglehub\datasets\adityamahimkar\iqothnccd-lung-cancer-dataset\versions\2\The IQ-OTHNCCD lung cancer dataset\The IQ-OTHNCCD lung cancer dataset\Malignant cases\Malignant case (40).jpg,Malignant case (40).jpg,Malignant cases,malignant,512,512,RGB
C:\Users\Usuario\.cache\kagglehub\datasets\adityamahimkar\iqothnccd-lung-cancer-dataset\versions\2\The IQ-OTHNCCD lung cancer dataset\The IQ-OTHNCCD lung cancer dataset\Malignant cases\Malignant case (400).jpg,Malignant case (400).jpg,Malignant cases,malignant,512,512,RGB
C:\Users\Usuario\.cache\kagglehub\datasets\adityamahimkar\iqothnccd-lung-cancer-dataset\versions\2\The IQ-OTHNCCD lung cancer dataset\The IQ-OTHNCCD lung cancer dataset\Malignant cases\Malignant case (401).jpg,Malignant case (401).jpg,Malignant cases,malignant,512,512,RGB
C:\Users\Usuario\.cache\kagglehub\datasets\adityamahimkar\iqothnccd-lung-cancer-dataset\versions\2\The IQ-OTHNCCD lung cancer dataset\The IQ-OTHNCCD lung cancer dataset\Malignant cases\Malignant case (402).jpg,Malignant case (402).jpg,Malignant cases,malignant,512,512,RGB
C:\Users\Usuario\.cache\kagglehub\datasets\adityamahimkar\iqothnccd-lung-cancer-dataset\versions\2\The IQ-OTHNCCD lung cancer dataset\The IQ-OTHNCCD lung cancer dataset\Malignant cases\Malignant case (403).jpg,Malignant case (403).jpg,Malignant cases,malignant,512,512,RGB
C:\Users\Usuario\.cache\kagglehub\datasets\adityamahimkar\iqothnccd-lung-cancer-dataset\versions\2\The IQ-OTHNCCD lung cancer dataset\The IQ-OTHNCCD lung cancer dataset\Malignant cases\Malignant case (404).jpg,Malignant case (404).jpg,Malignant cases,malignant,512,512,RGB
C:\Users\Usuario\.cache\kagglehub\datasets\adityamahimkar\iqothnccd-lung-cancer-dataset\versions\2\The IQ-OTHNCCD lung cancer dataset\The IQ-OTHNCCD lung cancer dataset\Malignant cases\Malignant case (405).jpg,Malignant case (405).jpg,Malignant cases,malignant,512,512,RGB
C:\Users\Usuario\.cache\kagglehub\datasets\adityamahimkar\iqothnccd-lung-cancer-dataset\versions\2\The IQ-OTHNCCD lung cancer dataset\The IQ-OTHNCCD lung cancer dataset\Malignant cases\Malignant case (406).jpg,Malignant case (406).jpg,Malignant cases,malignant,512,512,RGB
C:\Users\Usuario\.cache\kagglehub\datasets\adityamahimkar\iqothnccd-lung-cancer-dataset\versions\2\The IQ-OTHNCCD lung cancer dataset\The IQ-OTHNCCD lung cancer dataset\Malignant cases\Malignant case (407).jpg,Malignant case (407).jpg,Malignant cases,malignant,512,512,RGB
C:\Users\Usuario\.cache\kagglehub\datasets\adityamahimkar\iqothnccd-lung-cancer-dataset\versions\2\The IQ-OTHNCCD lung cancer dataset\The IQ-OTHNCCD lung cancer dataset\Malignant cases\Malignant case (408).jpg,Malignant case (408).jpg,Malignant cases,malignant,512,512,RGB
C:\Users\Usuario\.cache\kagglehub\datasets\adityamahimkar\iqothnccd-lung-cancer-dataset\versions\2\The IQ-OTHNCCD lung cancer dataset\The IQ-OTHNCCD lung cancer dataset\Malignant cases\Malignant case (409).jpg,Malignant case (409).jpg,Malignant cases,malignant,512,512,RGB
C:\Users\Usuario\.cache\kagglehub\datasets\adityamahimkar\iqothnccd-lung-cancer-dataset\versions\2\The IQ-OTHNCCD lung cancer dataset\The IQ-OTHNCCD lung cancer dataset\Malignant cases\Malignant case (41).jpg,Malignant case (41).jpg,Malignant cases,malignant,512,512,RGB
C:\Users\Usuario\.cache\kagglehub\datasets\adityamahimkar\iqothnccd-lung-cancer-dataset\versions\2\The IQ-OTHNCCD lung cancer dataset\The IQ-OTHNCCD lung cancer dataset\Malignant cases\Malignant case (410).jpg,Malignant case (410).jpg,Malignant cases,malignant,512,512,RGB
C:\Users\Usuario\.cache\kagglehub\datasets\adityamahimkar\iqothnccd-lung-cancer-dataset\versions\2\The IQ-OTHNCCD lung cancer dataset\The IQ-OTHNCCD lung cancer dataset\Malignant cases\Malignant case (411).jpg,Malignant case (411).jpg,Malignant cases,malignant,512,512,RGB
C:\Users\Usuario\.cache\kagglehub\datasets\adityamahimkar\iqothnccd-lung-cancer-dataset\versions\2\The IQ-OTHNCCD lung cancer dataset\The IQ-OTHNCCD lung cancer dataset\Malignant cases\Malignant case (412).jpg,Malignant case (412).jpg,Malignant cases,malignant,512,512,RGB
C:\Users\Usuario\.cache\kagglehub\datasets\adityamahimkar\iqothnccd-lung-cancer-dataset\versions\2\The IQ-OTHNCCD lung cancer dataset\The IQ-OTHNCCD lung cancer dataset\Malignant cases\Malignant case (413).jpg,Malignant case (413).jpg,Malignant cases,malignant,512,512,RGB
C:\Users\Usuario\.cache\kagglehub\datasets\adityamahimkar\iqothnccd-lung-cancer-dataset\versions\2\The IQ-OTHNCCD lung cancer dataset\The IQ-OTHNCCD lung cancer dataset\Malignant cases\Malignant case (414).jpg,Malignant case (414).jpg,Malignant cases,malignant,512,512,RGB
C:\Users\Usuario\.cache\kagglehub\datasets\adityamahimkar\iqothnccd-lung-cancer-dataset\versions\2\The IQ-OTHNCCD lung cancer dataset\The IQ-OTHNCCD lung cancer dataset\Malignant cases\Malignant case (415).jpg,Malignant case (415).jpg,Malignant cases,malignant,512,512,RGB
C:\Users\Usuario\.cache\kagglehub\datasets\adityamahimkar\iqothnccd-lung-cancer-dataset\versions\2\The IQ-OTHNCCD lung cancer dataset\The IQ-OTHNCCD lung cancer dataset\Malignant cases\Malignant case (416).jpg,Malignant case (416).jpg,Malignant cases,malignant,512,512,RGB
C:\Users\Usuario\.cache\kagglehub\datasets\adityamahimkar\iqothnccd-lung-cancer-dataset\versions\2\The IQ-OTHNCCD lung cancer dataset\The IQ-OTHNCCD lung cancer dataset\Malignant cases\Malignant case (417).jpg,Malignant case (417).jpg,Malignant cases,malignant,512,512,RGB
C:\Users\Usuario\.cache\kagglehub\datasets\adityamahimkar\iqothnccd-lung-cancer-dataset\versions\2\The IQ-OTHNCCD lung cancer dataset\The IQ-OTHNCCD lung cancer dataset\Malignant cases\Malignant case (418).jpg,Malignant case (418).jpg,Malignant cases,malignant,512,512,RGB
C:\Users\Usuario\.cache\kagglehub\datasets\adityamahimkar\iqothnccd-lung-cancer-dataset\versions\2\The IQ-OTHNCCD lung cancer dataset\The IQ-OTHNCCD lung cancer dataset\Malignant cases\Malignant case (419).jpg,Malignant case (419).jpg,Malignant cases,malignant,512,512,RGB
C:\Users\Usuario\.cache\kagglehub\datasets\adityamahimkar\iqothnccd-lung-cancer-dataset\versions\2\The IQ-OTHNCCD lung cancer dataset\The IQ-OTHNCCD lung cancer dataset\Malignant cases\Malignant case (42).jpg,Malignant case (42).jpg,Malignant cases,malignant,512,512,RGB
C:\Users\Usuario\.cache\kagglehub\datasets\adityamahimkar\iqothnccd-lung-cancer-dataset\versions\2\The IQ-OTHNCCD lung cancer dataset\The IQ-OTHNCCD lung cancer dataset\Malignant cases\Malignant case (420).jpg,Malignant case (420).jpg,Malignant cases,malignant,512,512,RGB
C:\Users\Usuario\.cache\kagglehub\datasets\adityamahimkar\iqothnccd-lung-cancer-dataset\versions\2\The IQ-OTHNCCD lung cancer dataset\The IQ-OTHNCCD lung cancer dataset\Malignant cases\Malignant case (421).jpg,Malignant case (421).jpg,Malignant cases,malignant,512,512,RGB
C:\Users\Usuario\.cache\kagglehub\datasets\adityamahimkar\iqothnccd-lung-cancer-dataset\versions\2\The IQ-OTHNCCD lung cancer dataset\The IQ-OTHNCCD lung cancer dataset\Malignant cases\Malignant case (422).jpg,Malignant case (422).jpg,Malignant cases,malignant,512,512,RGB
C:\Users\Usuario\.cache\kagglehub\datasets\adityamahimkar\iqothnccd-lung-cancer-dataset\versions\2\The IQ-OTHNCCD lung cancer dataset\The IQ-OTHNCCD lung cancer dataset\Malignant cases\Malignant case (423).jpg,Malignant case (423).jpg,Malignant cases,malignant,512,512,RGB
C:\Users\Usuario\.cache\kagglehub\datasets\adityamahimkar\iqothnccd-lung-cancer-dataset\versions\2\The IQ-OTHNCCD lung cancer dataset\The IQ-OTHNCCD lung cancer dataset\Malignant cases\Malignant case (424).jpg,Malignant case (424).jpg,Malignant cases,malignant,512,512,RGB
C:\Users\Usuario\.cache\kagglehub\datasets\adityamahimkar\iqothnccd-lung-cancer-dataset\versions\2\The IQ-OTHNCCD lung cancer dataset\The IQ-OTHNCCD lung cancer dataset\Malignant cases\Malignant case (425).jpg,Malignant case (425).jpg,Malignant cases,malignant,512,512,RGB
C:\Users\Usuario\.cache\kagglehub\datasets\adityamahimkar\iqothnccd-lung-cancer-dataset\versions\2\The IQ-OTHNCCD lung cancer dataset\The IQ-OTHNCCD lung cancer dataset\Malignant cases\Malignant case (426).jpg,Malignant case (426).jpg,Malignant cases,malignant,512,512,RGB
C:\Users\Usuario\.cache\kagglehub\datasets\adityamahimkar\iqothnccd-lung-cancer-dataset\versions\2\The IQ-OTHNCCD lung cancer dataset\The IQ-OTHNCCD lung cancer dataset\Malignant cases\Malignant case (427).jpg,Malignant case (427).jpg,Malignant cases,malignant,512,512,RGB
C:\Users\Usuario\.cache\kagglehub\datasets\adityamahimkar\iqothnccd-lung-cancer-dataset\versions\2\The IQ-OTHNCCD lung cancer dataset\The IQ-OTHNCCD lung cancer dataset\Malignant cases\Malignant case (428).jpg,Malignant case (428).jpg,Malignant cases,malignant,512,512,RGB
C:\Users\Usuario\.cache\kagglehub\datasets\adityamahimkar\iqothnccd-lung-cancer-dataset\versions\2\The IQ-OTHNCCD lung cancer dataset\The IQ-OTHNCCD lung cancer dataset\Malignant cases\Malignant case (429).jpg,Malignant case (429).jpg,Malignant cases,malignant,512,512,RGB
C:\Users\Usuario\.cache\kagglehub\datasets\adityamahimkar\iqothnccd-lung-cancer-dataset\versions\2\The IQ-OTHNCCD lung cancer dataset\The IQ-OTHNCCD lung cancer dataset\Malignant cases\Malignant case (43).jpg,Malignant case (43).jpg,Malignant cases,malignant,512,512,RGB
C:\Users\Usuario\.cache\kagglehub\datasets\adityamahimkar\iqothnccd-lung-cancer-dataset\versions\2\The IQ-OTHNCCD lung cancer dataset\The IQ-OTHNCCD lung cancer dataset\Malignant cases\Malignant case (430).jpg,Malignant case (430).jpg,Malignant cases,malignant,512,512,RGB
C:\Users\Usuario\.cache\kagglehub\datasets\adityamahimkar\iqothnccd-lung-cancer-dataset\versions\2\The IQ-OTHNCCD lung cancer dataset\The IQ-OTHNCCD lung cancer dataset\Malignant cases\Malignant case (431).jpg,Malignant case (431).jpg,Malignant cases,malignant,512,512,RGB
C:\Users\Usuario\.cache\kagglehub\datasets\adityamahimkar\iqothnccd-lung-cancer-dataset\versions\2\The IQ-OTHNCCD lung cancer dataset\The IQ-OTHNCCD lung cancer dataset\Malignant cases\Malignant case (432).jpg,Malignant case (432).jpg,Malignant cases,malignant,512,512,RGB
C:\Users\Usuario\.cache\kagglehub\datasets\adityamahimkar\iqothnccd-lung-cancer-dataset\versions\2\The IQ-OTHNCCD lung cancer dataset\The IQ-OTHNCCD lung cancer dataset\Malignant cases\Malignant case (433).jpg,Malignant case (433).jpg,Malignant cases,malignant,512,512,RGB
C:\Users\Usuario\.cache\kagglehub\datasets\adityamahimkar\iqothnccd-lung-cancer-dataset\versions\2\The IQ-OTHNCCD lung cancer dataset\The IQ-OTHNCCD lung cancer dataset\Malignant cases\Malignant case (434).jpg,Malignant case (434).jpg,Malignant cases,malignant,512,512,RGB
C:\Users\Usuario\.cache\kagglehub\datasets\adityamahimkar\iqothnccd-lung-cancer-dataset\versions\2\The IQ-OTHNCCD lung cancer dataset\The IQ-OTHNCCD lung cancer dataset\Malignant cases\Malignant case (435).jpg,Malignant case (435).jpg,Malignant cases,malignant,512,512,RGB
C:\Users\Usuario\.cache\kagglehub\datasets\adityamahimkar\iqothnccd-lung-cancer-dataset\versions\2\The IQ-OTHNCCD lung cancer dataset\The IQ-OTHNCCD lung cancer dataset\Malignant cases\Malignant case (436).jpg,Malignant case (436).jpg,Malignant cases,malignant,512,512,RGB
C:\Users\Usuario\.cache\kagglehub\datasets\adityamahimkar\iqothnccd-lung-cancer-dataset\versions\2\The IQ-OTHNCCD lung cancer dataset\The IQ-OTHNCCD lung cancer dataset\Malignant cases\Malignant case (437).jpg,Malignant case (437).jpg,Malignant cases,malignant,512,512,RGB
C:\Users\Usuario\.cache\kagglehub\datasets\adityamahimkar\iqothnccd-lung-cancer-dataset\versions\2\The IQ-OTHNCCD lung cancer dataset\The IQ-OTHNCCD lung cancer dataset\Malignant cases\Malignant case (438).jpg,Malignant case (438).jpg,Malignant cases,malignant,512,512,RGB
C:\Users\Usuario\.cache\kagglehub\datasets\adityamahimkar\iqothnccd-lung-cancer-dataset\versions\2\The IQ-OTHNCCD lung cancer dataset\The IQ-OTHNCCD lung cancer dataset\Malignant cases\Malignant case (439).jpg,Malignant case (439).jpg,Malignant cases,malignant,512,512,RGB
C:\Users\Usuario\.cache\kagglehub\datasets\adityamahimkar\iqothnccd-lung-cancer-dataset\versions\2\The IQ-OTHNCCD lung cancer dataset\The IQ-OTHNCCD lung cancer dataset\Malignant cases\Malignant case (44).jpg,Malignant case (44).jpg,Malignant cases,malignant,512,512,RGB
C:\Users\Usuario\.cache\kagglehub\datasets\adityamahimkar\iqothnccd-lung-cancer-dataset\versions\2\The IQ-OTHNCCD lung cancer dataset\The IQ-OTHNCCD lung cancer dataset\Malignant cases\Malignant case (440).jpg,Malignant case (440).jpg,Malignant cases,malignant,512,512,RGB
C:\Users\Usuario\.cache\kagglehub\datasets\adityamahimkar\iqothnccd-lung-cancer-dataset\versions\2\The IQ-OTHNCCD lung cancer dataset\The IQ-OTHNCCD lung cancer dataset\Malignant cases\Malignant case (441).jpg,Malignant case (441).jpg,Malignant cases,malignant,512,512,RGB
C:\Users\Usuario\.cache\kagglehub\datasets\adityamahimkar\iqothnccd-lung-cancer-dataset\versions\2\The IQ-OTHNCCD lung cancer dataset\The IQ-OTHNCCD lung cancer dataset\Malignant cases\Malignant case (442).jpg,Malignant case (442).jpg,Malignant cases,malignant,512,512,RGB
C:\Users\Usuario\.cache\kagglehub\datasets\adityamahimkar\iqothnccd-lung-cancer-dataset\versions\2\The IQ-OTHNCCD lung cancer dataset\The IQ-OTHNCCD lung cancer dataset\Malignant cases\Malignant case (443).jpg,Malignant case (443).jpg,Malignant cases,malignant,512,512,RGB
C:\Users\Usuario\.cache\kagglehub\datasets\adityamahimkar\iqothnccd-lung-cancer-dataset\versions\2\The IQ-OTHNCCD lung cancer dataset\The IQ-OTHNCCD lung cancer dataset\Malignant cases\Malignant case (444).jpg,Malignant case (444).jpg,Malignant cases,malignant,512,512,RGB
C:\Users\Usuario\.cache\kagglehub\datasets\adityamahimkar\iqothnccd-lung-cancer-dataset\versions\2\The IQ-OTHNCCD lung cancer dataset\The IQ-OTHNCCD lung cancer dataset\Malignant cases\Malignant case (445).jpg,Malignant case (445).jpg,Malignant cases,malignant,512,512,RGB
C:\Users\Usuario\.cache\kagglehub\datasets\adityamahimkar\iqothnccd-lung-cancer-dataset\versions\2\The IQ-OTHNCCD lung cancer dataset\The IQ-OTHNCCD lung cancer dataset\Malignant cases\Malignant case (446).jpg,Malignant case (446).jpg,Malignant cases,malignant,512,512,RGB
C:\Users\Usuario\.cache\kagglehub\datasets\adityamahimkar\iqothnccd-lung-cancer-dataset\versions\2\The IQ-OTHNCCD lung cancer dataset\The IQ-OTHNCCD lung cancer dataset\Malignant cases\Malignant case (447).jpg,Malignant case (447).jpg,Malignant cases,malignant,512,512,RGB
C:\Users\Usuario\.cache\kagglehub\datasets\adityamahimkar\iqothnccd-lung-cancer-dataset\versions\2\The IQ-OTHNCCD lung cancer dataset\The IQ-OTHNCCD lung cancer dataset\Malignant cases\Malignant case (448).jpg,Malignant case (448).jpg,Malignant cases,malignant,512,512,RGB
C:\Users\Usuario\.cache\kagglehub\datasets\adityamahimkar\iqothnccd-lung-cancer-dataset\versions\2\The IQ-OTHNCCD lung cancer dataset\The IQ-OTHNCCD lung cancer dataset\Malignant cases\Malignant case (449).jpg,Malignant case (449).jpg,Malignant cases,malignant,512,512,RGB
C:\Users\Usuario\.cache\kagglehub\datasets\adityamahimkar\iqothnccd-lung-cancer-dataset\versions\2\The IQ-OTHNCCD lung cancer dataset\The IQ-OTHNCCD lung cancer dataset\Malignant cases\Malignant case (45).jpg,Malignant case (45).jpg,Malignant cases,malignant,512,512,RGB
C:\Users\Usuario\.cache\kagglehub\datasets\adityamahimkar\iqothnccd-lung-cancer-dataset\versions\2\The IQ-OTHNCCD lung cancer dataset\The IQ-OTHNCCD lung cancer dataset\Malignant cases\Malignant case (450).jpg,Malignant case (450).jpg,Malignant cases,malignant,512,512,RGB
C:\Users\Usuario\.cache\kagglehub\datasets\adityamahimkar\iqothnccd-lung-cancer-dataset\versions\2\The IQ-OTHNCCD lung cancer dataset\The IQ-OTHNCCD lung cancer dataset\Malignant cases\Malignant case (451).jpg,Malignant case (451).jpg,Malignant cases,malignant,512,512,RGB
C:\Users\Usuario\.cache\kagglehub\datasets\adityamahimkar\iqothnccd-lung-cancer-dataset\versions\2\The IQ-OTHNCCD lung cancer dataset\The IQ-OTHNCCD lung cancer dataset\Malignant cases\Malignant case (452).jpg,Malignant case (452).jpg,Malignant cases,malignant,512,512,RGB
C:\Users\Usuario\.cache\kagglehub\datasets\adityamahimkar\iqothnccd-lung-cancer-dataset\versions\2\The IQ-OTHNCCD lung cancer dataset\The IQ-OTHNCCD lung cancer dataset\Malignant cases\Malignant case (453).jpg,Malignant case (453).jpg,Malignant cases,malignant,512,512,RGB
C:\Users\Usuario\.cache\kagglehub\datasets\adityamahimkar\iqothnccd-lung-cancer-dataset\versions\2\The IQ-OTHNCCD lung cancer dataset\The IQ-OTHNCCD lung cancer dataset\Malignant cases\Malignant case (454).jpg,Malignant case (454).jpg,Malignant cases,malignant,512,512,RGB
C:\Users\Usuario\.cache\kagglehub\datasets\adityamahimkar\iqothnccd-lung-cancer-dataset\versions\2\The IQ-OTHNCCD lung cancer dataset\The IQ-OTHNCCD lung cancer dataset\Malignant cases\Malignant case (455).jpg,Malignant case (455).jpg,Malignant cases,malignant,512,512,RGB
C:\Users\Usuario\.cache\kagglehub\datasets\adityamahimkar\iqothnccd-lung-cancer-dataset\versions\2\The IQ-OTHNCCD lung cancer dataset\The IQ-OTHNCCD lung cancer dataset\Malignant cases\Malignant case (456).jpg,Malignant case (456).jpg,Malignant cases,malignant,512,512,RGB
C:\Users\Usuario\.cache\kagglehub\datasets\adityamahimkar\iqothnccd-lung-cancer-dataset\versions\2\The IQ-OTHNCCD lung cancer dataset\The IQ-OTHNCCD lung cancer dataset\Malignant cases\Malignant case (457).jpg,Malignant case (457).jpg,Malignant cases,malignant,512,512,RGB
C:\Users\Usuario\.cache\kagglehub\datasets\adityamahimkar\iqothnccd-lung-cancer-dataset\versions\2\The IQ-OTHNCCD lung cancer dataset\The IQ-OTHNCCD lung cancer dataset\Malignant cases\Malignant case (458).jpg,Malignant case (458).jpg,Malignant cases,malignant,512,512,RGB
C:\Users\Usuario\.cache\kagglehub\datasets\adityamahimkar\iqothnccd-lung-cancer-dataset\versions\2\The IQ-OTHNCCD lung cancer dataset\The IQ-OTHNCCD lung cancer dataset\Malignant cases\Malignant case (459).jpg,Malignant case (459).jpg,Malignant cases,malignant,512,512,RGB
C:\Users\Usuario\.cache\kagglehub\datasets\adityamahimkar\iqothnccd-lung-cancer-dataset\versions\2\The IQ-OTHNCCD lung cancer dataset\The IQ-OTHNCCD lung cancer dataset\Malignant cases\Malignant case (46).jpg,Malignant case (46).jpg,Malignant cases,malignant,512,512,RGB
C:\Users\Usuario\.cache\kagglehub\datasets\adityamahimkar\iqothnccd-lung-cancer-dataset\versions\2\The IQ-OTHNCCD lung cancer dataset\The IQ-OTHNCCD lung cancer dataset\Malignant cases\Malignant case (460).jpg,Malignant case (460).jpg,Malignant cases,malignant,512,512,RGB
C:\Users\Usuario\.cache\kagglehub\datasets\adityamahimkar\iqothnccd-lung-cancer-dataset\versions\2\The IQ-OTHNCCD lung cancer dataset\The IQ-OTHNCCD lung cancer dataset\Malignant cases\Malignant case (461).jpg,Malignant case (461).jpg,Malignant cases,malignant,512,512,RGB
C:\Users\Usuario\.cache\kagglehub\datasets\adityamahimkar\iqothnccd-lung-cancer-dataset\versions\2\The IQ-OTHNCCD lung cancer dataset\The IQ-OTHNCCD lung cancer dataset\Malignant cases\Malignant case (462).jpg,Malignant case (462).jpg,Malignant cases,malignant,512,512,RGB
C:\Users\Usuario\.cache\kagglehub\datasets\adityamahimkar\iqothnccd-lung-cancer-dataset\versions\2\The IQ-OTHNCCD lung cancer dataset\The IQ-OTHNCCD lung cancer dataset\Malignant cases\Malignant case (463).jpg,Malignant case (463).jpg,Malignant cases,malignant,512,512,RGB
C:\Users\Usuario\.cache\kagglehub\datasets\adityamahimkar\iqothnccd-lung-cancer-dataset\versions\2\The IQ-OTHNCCD lung cancer dataset\The IQ-OTHNCCD lung cancer dataset\Malignant cases\Malignant case (464).jpg,Malignant case (464).jpg,Malignant cases,malignant,512,512,RGB
C:\Users\Usuario\.cache\kagglehub\datasets\adityamahimkar\iqothnccd-lung-cancer-dataset\versions\2\The IQ-OTHNCCD lung cancer dataset\The IQ-OTHNCCD lung cancer dataset\Malignant cases\Malignant case (465).jpg,Malignant case (465).jpg,Malignant cases,malignant,512,512,RGB
C:\Users\Usuario\.cache\kagglehub\datasets\adityamahimkar\iqothnccd-lung-cancer-dataset\versions\2\The IQ-OTHNCCD lung cancer dataset\The IQ-OTHNCCD lung cancer dataset\Malignant cases\Malignant case (466).jpg,Malignant case (466).jpg,Malignant cases,malignant,512,512,RGB
C:\Users\Usuario\.cache\kagglehub\datasets\adityamahimkar\iqothnccd-lung-cancer-dataset\versions\2\The IQ-OTHNCCD lung cancer dataset\The IQ-OTHNCCD lung cancer dataset\Malignant cases\Malignant case (467).jpg,Malignant case (467).jpg,Malignant cases,malignant,512,512,RGB
C:\Users\Usuario\.cache\kagglehub\datasets\adityamahimkar\iqothnccd-lung-cancer-dataset\versions\2\The IQ-OTHNCCD lung cancer dataset\The IQ-OTHNCCD lung cancer dataset\Malignant cases\Malignant case (468).jpg,Malignant case (468).jpg,Malignant cases,malignant,512,512,RGB
C:\Users\Usuario\.cache\kagglehub\datasets\adityamahimkar\iqothnccd-lung-cancer-dataset\versions\2\The IQ-OTHNCCD lung cancer dataset\The IQ-OTHNCCD lung cancer dataset\Malignant cases\Malignant case (469).jpg,Malignant case (469).jpg,Malignant cases,malignant,512,512,RGB
C:\Users\Usuario\.cache\kagglehub\datasets\adityamahimkar\iqothnccd-lung-cancer-dataset\versions\2\The IQ-OTHNCCD lung cancer dataset\The IQ-OTHNCCD lung cancer dataset\Malignant cases\Malignant case (47).jpg,Malignant case (47).jpg,Malignant cases,malignant,512,512,RGB
C:\Users\Usuario\.cache\kagglehub\datasets\adityamahimkar\iqothnccd-lung-cancer-dataset\versions\2\The IQ-OTHNCCD lung cancer dataset\The IQ-OTHNCCD lung cancer dataset\Malignant cases\Malignant case (470).jpg,Malignant case (470).jpg,Malignant cases,malignant,512,512,RGB
C:\Users\Usuario\.cache\kagglehub\datasets\adityamahimkar\iqothnccd-lung-cancer-dataset\versions\2\The IQ-OTHNCCD lung cancer dataset\The IQ-OTHNCCD lung cancer dataset\Malignant cases\Malignant case (471).jpg,Malignant case (471).jpg,Malignant cases,malignant,512,512,RGB
C:\Users\Usuario\.cache\kagglehub\datasets\adityamahimkar\iqothnccd-lung-cancer-dataset\versions\2\The IQ-OTHNCCD lung cancer dataset\The IQ-OTHNCCD lung cancer dataset\Malignant cases\Malignant case (472).jpg,Malignant case (472).jpg,Malignant cases,malignant,512,512,RGB
C:\Users\Usuario\.cache\kagglehub\datasets\adityamahimkar\iqothnccd-lung-cancer-dataset\versions\2\The IQ-OTHNCCD lung cancer dataset\The IQ-OTHNCCD lung cancer dataset\Malignant cases\Malignant case (473).jpg,Malignant case (473).jpg,Malignant cases,malignant,512,512,RGB
C:\Users\Usuario\.cache\kagglehub\datasets\adityamahimkar\iqothnccd-lung-cancer-dataset\versions\2\The IQ-OTHNCCD lung cancer dataset\The IQ-OTHNCCD lung cancer dataset\Malignant cases\Malignant case (474).jpg,Malignant case (474).jpg,Malignant cases,malignant,512,512,RGB
C:\Users\Usuario\.cache\kagglehub\datasets\adityamahimkar\iqothnccd-lung-cancer-dataset\versions\2\The IQ-OTHNCCD lung cancer dataset\The IQ-OTHNCCD lung cancer dataset\Malignant cases\Malignant case (475).jpg,Malignant case (475).jpg,Malignant cases,malignant,512,512,RGB
C:\Users\Usuario\.cache\kagglehub\datasets\adityamahimkar\iqothnccd-lung-cancer-dataset\versions\2\The IQ-OTHNCCD lung cancer dataset\The IQ-OTHNCCD lung cancer dataset\Malignant cases\Malignant case (476).jpg,Malignant case (476).jpg,Malignant cases,malignant,512,512,RGB
C:\Users\Usuario\.cache\kagglehub\datasets\adityamahimkar\iqothnccd-lung-cancer-dataset\versions\2\The IQ-OTHNCCD lung cancer dataset\The IQ-OTHNCCD lung cancer dataset\Malignant cases\Malignant case (477).jpg,Malignant case (477).jpg,Malignant cases,malignant,512,512,RGB
C:\Users\Usuario\.cache\kagglehub\datasets\adityamahimkar\iqothnccd-lung-cancer-dataset\versions\2\The IQ-OTHNCCD lung cancer dataset\The IQ-OTHNCCD lung cancer dataset\Malignant cases\Malignant case (478).jpg,Malignant case (478).jpg,Malignant cases,malignant,512,512,RGB
C:\Users\Usuario\.cache\kagglehub\datasets\adityamahimkar\iqothnccd-lung-cancer-dataset\versions\2\The IQ-OTHNCCD lung cancer dataset\The IQ-OTHNCCD lung cancer dataset\Malignant cases\Malignant case (479).jpg,Malignant case (479).jpg,Malignant cases,malignant,512,512,RGB
C:\Users\Usuario\.cache\kagglehub\datasets\adityamahimkar\iqothnccd-lung-cancer-dataset\versions\2\The IQ-OTHNCCD lung cancer dataset\The IQ-OTHNCCD lung cancer dataset\Malignant cases\Malignant case (48).jpg,Malignant case (48).jpg,Malignant cases,malignant,512,512,RGB
C:\Users\Usuario\.cache\kagglehub\datasets\adityamahimkar\iqothnccd-lung-cancer-dataset\versions\2\The IQ-OTHNCCD lung cancer dataset\The IQ-OTHNCCD lung cancer dataset\Malignant cases\Malignant case (480).jpg,Malignant case (480).jpg,Malignant cases,malignant,512,512,RGB
C:\Users\Usuario\.cache\kagglehub\datasets\adityamahimkar\iqothnccd-lung-cancer-dataset\versions\2\The IQ-OTHNCCD lung cancer dataset\The IQ-OTHNCCD lung cancer dataset\Malignant cases\Malignant case (481).jpg,Malignant case (481).jpg,Malignant cases,malignant,512,512,RGB
C:\Users\Usuario\.cache\kagglehub\datasets\adityamahimkar\iqothnccd-lung-cancer-dataset\versions\2\The IQ-OTHNCCD lung cancer dataset\The IQ-OTHNCCD lung cancer dataset\Malignant cases\Malignant case (482).jpg,Malignant case (482).jpg,Malignant cases,malignant,512,512,RGB
C:\Users\Usuario\.cache\kagglehub\datasets\adityamahimkar\iqothnccd-lung-cancer-dataset\versions\2\The IQ-OTHNCCD lung cancer dataset\The IQ-OTHNCCD lung cancer dataset\Malignant cases\Malignant case (483).jpg,Malignant case (483).jpg,Malignant cases,malignant,512,512,RGB
C:\Users\Usuario\.cache\kagglehub\datasets\adityamahimkar\iqothnccd-lung-cancer-dataset\versions\2\The IQ-OTHNCCD lung cancer dataset\The IQ-OTHNCCD lung cancer dataset\Malignant cases\Malignant case (484).jpg,Malignant case (484).jpg,Malignant cases,malignant,512,512,RGB
C:\Users\Usuario\.cache\kagglehub\datasets\adityamahimkar\iqothnccd-lung-cancer-dataset\versions\2\The IQ-OTHNCCD lung cancer dataset\The IQ-OTHNCCD lung cancer dataset\Malignant cases\Malignant case (485).jpg,Malignant case (485).jpg,Malignant cases,malignant,512,512,RGB
C:\Users\Usuario\.cache\kagglehub\datasets\adityamahimkar\iqothnccd-lung-cancer-dataset\versions\2\The IQ-OTHNCCD lung cancer dataset\The IQ-OTHNCCD lung cancer dataset\Malignant cases\Malignant case (486).jpg,Malignant case (486).jpg,Malignant cases,malignant,512,512,RGB
C:\Users\Usuario\.cache\kagglehub\datasets\adityamahimkar\iqothnccd-lung-cancer-dataset\versions\2\The IQ-OTHNCCD lung cancer dataset\The IQ-OTHNCCD lung cancer dataset\Malignant cases\Malignant case (487).jpg,Malignant case (487).jpg,Malignant cases,malignant,512,512,RGB
C:\Users\Usuario\.cache\kagglehub\datasets\adityamahimkar\iqothnccd-lung-cancer-dataset\versions\2\The IQ-OTHNCCD lung cancer dataset\The IQ-OTHNCCD lung cancer dataset\Malignant cases\Malignant case (488).jpg,Malignant case (488).jpg,Malignant cases,malignant,512,512,RGB
C:\Users\Usuario\.cache\kagglehub\datasets\adityamahimkar\iqothnccd-lung-cancer-dataset\versions\2\The IQ-OTHNCCD lung cancer dataset\The IQ-OTHNCCD lung cancer dataset\Malignant cases\Malignant case (489).jpg,Malignant case (489).jpg,Malignant cases,malignant,512,512,RGB
C:\Users\Usuario\.cache\kagglehub\datasets\adityamahimkar\iqothnccd-lung-cancer-dataset\versions\2\The IQ-OTHNCCD lung cancer dataset\The IQ-OTHNCCD lung cancer dataset\Malignant cases\Malignant case (49).jpg,Malignant case (49).jpg,Malignant cases,malignant,512,512,RGB
C:\Users\Usuario\.cache\kagglehub\datasets\adityamahimkar\iqothnccd-lung-cancer-dataset\versions\2\The IQ-OTHNCCD lung cancer dataset\The IQ-OTHNCCD lung cancer dataset\Malignant cases\Malignant case (490).jpg,Malignant case (490).jpg,Malignant cases,malignant,512,512,RGB
C:\Users\Usuario\.cache\kagglehub\datasets\adityamahimkar\iqothnccd-lung-cancer-dataset\versions\2\The IQ-OTHNCCD lung cancer dataset\The IQ-OTHNCCD lung cancer dataset\Malignant cases\Malignant case (491).jpg,Malignant case (491).jpg,Malignant cases,malignant,512,512,RGB
C:\Users\Usuario\.cache\kagglehub\datasets\adityamahimkar\iqothnccd-lung-cancer-dataset\versions\2\The IQ-OTHNCCD lung cancer dataset\The IQ-OTHNCCD lung cancer dataset\Malignant cases\Malignant case (492).jpg,Malignant case (492).jpg,Malignant cases,malignant,512,512,RGB
C:\Users\Usuario\.cache\kagglehub\datasets\adityamahimkar\iqothnccd-lung-cancer-dataset\versions\2\The IQ-OTHNCCD lung cancer dataset\The IQ-OTHNCCD lung cancer dataset\Malignant cases\Malignant case (493).jpg,Malignant case (493).jpg,Malignant cases,malignant,512,512,RGB
C:\Users\Usuario\.cache\kagglehub\datasets\adityamahimkar\iqothnccd-lung-cancer-dataset\versions\2\The IQ-OTHNCCD lung cancer dataset\The IQ-OTHNCCD lung cancer dataset\Malignant cases\Malignant case (494).jpg,Malignant case (494).jpg,Malignant cases,malignant,512,512,RGB
C:\Users\Usuario\.cache\kagglehub\datasets\adityamahimkar\iqothnccd-lung-cancer-dataset\versions\2\The IQ-OTHNCCD lung cancer dataset\The IQ-OTHNCCD lung cancer dataset\Malignant cases\Malignant case (495).jpg,Malignant case (495).jpg,Malignant cases,malignant,512,512,RGB
C:\Users\Usuario\.cache\kagglehub\datasets\adityamahimkar\iqothnccd-lung-cancer-dataset\versions\2\The IQ-OTHNCCD lung cancer dataset\The IQ-OTHNCCD lung cancer dataset\Malignant cases\Malignant case (496).jpg,Malignant case (496).jpg,Malignant cases,malignant,512,512,RGB
C:\Users\Usuario\.cache\kagglehub\datasets\adityamahimkar\iqothnccd-lung-cancer-dataset\versions\2\The IQ-OTHNCCD lung cancer dataset\The IQ-OTHNCCD lung cancer dataset\Malignant cases\Malignant case (497).jpg,Malignant case (497).jpg,Malignant cases,malignant,512,512,RGB
C:\Users\Usuario\.cache\kagglehub\datasets\adityamahimkar\iqothnccd-lung-cancer-dataset\versions\2\The IQ-OTHNCCD lung cancer dataset\The IQ-OTHNCCD lung cancer dataset\Malignant cases\Malignant case (498).jpg,Malignant case (498).jpg,Malignant cases,malignant,512,512,RGB
C:\Users\Usuario\.cache\kagglehub\datasets\adityamahimkar\iqothnccd-lung-cancer-dataset\versions\2\The IQ-OTHNCCD lung cancer dataset\The IQ-OTHNCCD lung cancer dataset\Malignant cases\Malignant case (499).jpg,Malignant case (499).jpg,Malignant cases,malignant,512,512,RGB
C:\Users\Usuario\.cache\kagglehub\datasets\adityamahimkar\iqothnccd-lung-cancer-dataset\versions\2\The IQ-OTHNCCD lung cancer dataset\The IQ-OTHNCCD lung cancer dataset\Malignant cases\Malignant case (5).jpg,Malignant case (5).jpg,Malignant cases,malignant,512,512,RGB
C:\Users\Usuario\.cache\kagglehub\datasets\adityamahimkar\iqothnccd-lung-cancer-dataset\versions\2\The IQ-OTHNCCD lung cancer dataset\The IQ-OTHNCCD lung cancer dataset\Malignant cases\Malignant case (50).jpg,Malignant case (50).jpg,Malignant cases,malignant,512,512,RGB
C:\Users\Usuario\.cache\kagglehub\datasets\adityamahimkar\iqothnccd-lung-cancer-dataset\versions\2\The IQ-OTHNCCD lung cancer dataset\The IQ-OTHNCCD lung cancer dataset\Malignant cases\Malignant case (500).jpg,Malignant case (500).jpg,Malignant cases,malignant,512,512,RGB
C:\Users\Usuario\.cache\kagglehub\datasets\adityamahimkar\iqothnccd-lung-cancer-dataset\versions\2\The IQ-OTHNCCD lung cancer dataset\The IQ-OTHNCCD lung cancer dataset\Malignant cases\Malignant case (501).jpg,Malignant case (501).jpg,Malignant cases,malignant,512,512,RGB
C:\Users\Usuario\.cache\kagglehub\datasets\adityamahimkar\iqothnccd-lung-cancer-dataset\versions\2\The IQ-OTHNCCD lung cancer dataset\The IQ-OTHNCCD lung cancer dataset\Malignant cases\Malignant case (502).jpg,Malignant case (502).jpg,Malignant cases,malignant,512,512,RGB
C:\Users\Usuario\.cache\kagglehub\datasets\adityamahimkar\iqothnccd-lung-cancer-dataset\versions\2\The IQ-OTHNCCD lung cancer dataset\The IQ-OTHNCCD lung cancer dataset\Malignant cases\Malignant case (503).jpg,Malignant case (503).jpg,Malignant cases,malignant,512,512,RGB
C:\Users\Usuario\.cache\kagglehub\datasets\adityamahimkar\iqothnccd-lung-cancer-dataset\versions\2\The IQ-OTHNCCD lung cancer dataset\The IQ-OTHNCCD lung cancer dataset\Malignant cases\Malignant case (504).jpg,Malignant case (504).jpg,Malignant cases,malignant,512,512,RGB
C:\Users\Usuario\.cache\kagglehub\datasets\adityamahimkar\iqothnccd-lung-cancer-dataset\versions\2\The IQ-OTHNCCD lung cancer dataset\The IQ-OTHNCCD lung cancer dataset\Malignant cases\Malignant case (505).jpg,Malignant case (505).jpg,Malignant cases,malignant,512,512,RGB
C:\Users\Usuario\.cache\kagglehub\datasets\adityamahimkar\iqothnccd-lung-cancer-dataset\versions\2\The IQ-OTHNCCD lung cancer dataset\The IQ-OTHNCCD lung cancer dataset\Malignant cases\Malignant case (506).jpg,Malignant case (506).jpg,Malignant cases,malignant,512,512,RGB
C:\Users\Usuario\.cache\kagglehub\datasets\adityamahimkar\iqothnccd-lung-cancer-dataset\versions\2\The IQ-OTHNCCD lung cancer dataset\The IQ-OTHNCCD lung cancer dataset\Malignant cases\Malignant case (507).jpg,Malignant case (507).jpg,Malignant cases,malignant,512,512,RGB
C:\Users\Usuario\.cache\kagglehub\datasets\adityamahimkar\iqothnccd-lung-cancer-dataset\versions\2\The IQ-OTHNCCD lung cancer dataset\The IQ-OTHNCCD lung cancer dataset\Malignant cases\Malignant case (508).jpg,Malignant case (508).jpg,Malignant cases,malignant,512,512,RGB
C:\Users\Usuario\.cache\kagglehub\datasets\adityamahimkar\iqothnccd-lung-cancer-dataset\versions\2\The IQ-OTHNCCD lung cancer dataset\The IQ-OTHNCCD lung cancer dataset\Malignant cases\Malignant case (509).jpg,Malignant case (509).jpg,Malignant cases,malignant,512,512,RGB
C:\Users\Usuario\.cache\kagglehub\datasets\adityamahimkar\iqothnccd-lung-cancer-dataset\versions\2\The IQ-OTHNCCD lung cancer dataset\The IQ-OTHNCCD lung cancer dataset\Malignant cases\Malignant case (51).jpg,Malignant case (51).jpg,Malignant cases,malignant,512,512,RGB
C:\Users\Usuario\.cache\kagglehub\datasets\adityamahimkar\iqothnccd-lung-cancer-dataset\versions\2\The IQ-OTHNCCD lung cancer dataset\The IQ-OTHNCCD lung cancer dataset\Malignant cases\Malignant case (510).jpg,Malignant case (510).jpg,Malignant cases,malignant,512,512,RGB
C:\Users\Usuario\.cache\kagglehub\datasets\adityamahimkar\iqothnccd-lung-cancer-dataset\versions\2\The IQ-OTHNCCD lung cancer dataset\The IQ-OTHNCCD lung cancer dataset\Malignant cases\Malignant case (511).jpg,Malignant case (511).jpg,Malignant cases,malignant,512,512,RGB
C:\Users\Usuario\.cache\kagglehub\datasets\adityamahimkar\iqothnccd-lung-cancer-dataset\versions\2\The IQ-OTHNCCD lung cancer dataset\The IQ-OTHNCCD lung cancer dataset\Malignant cases\Malignant case (512).jpg,Malignant case (512).jpg,Malignant cases,malignant,512,512,RGB
C:\Users\Usuario\.cache\kagglehub\datasets\adityamahimkar\iqothnccd-lung-cancer-dataset\versions\2\The IQ-OTHNCCD lung cancer dataset\The IQ-OTHNCCD lung cancer dataset\Malignant cases\Malignant case (513).jpg,Malignant case (513).jpg,Malignant cases,malignant,512,512,RGB
C:\Users\Usuario\.cache\kagglehub\datasets\adityamahimkar\iqothnccd-lung-cancer-dataset\versions\2\The IQ-OTHNCCD lung cancer dataset\The IQ-OTHNCCD lung cancer dataset\Malignant cases\Malignant case (514).jpg,Malignant case (514).jpg,Malignant cases,malignant,512,512,RGB
C:\Users\Usuario\.cache\kagglehub\datasets\adityamahimkar\iqothnccd-lung-cancer-dataset\versions\2\The IQ-OTHNCCD lung cancer dataset\The IQ-OTHNCCD lung cancer dataset\Malignant cases\Malignant case (515).jpg,Malignant case (515).jpg,Malignant cases,malignant,512,512,RGB
C:\Users\Usuario\.cache\kagglehub\datasets\adityamahimkar\iqothnccd-lung-cancer-dataset\versions\2\The IQ-OTHNCCD lung cancer dataset\The IQ-OTHNCCD lung cancer dataset\Malignant cases\Malignant case (516).jpg,Malignant case (516).jpg,Malignant cases,malignant,512,512,RGB
C:\Users\Usuario\.cache\kagglehub\datasets\adityamahimkar\iqothnccd-lung-cancer-dataset\versions\2\The IQ-OTHNCCD lung cancer dataset\The IQ-OTHNCCD lung cancer dataset\Malignant cases\Malignant case (517).jpg,Malignant case (517).jpg,Malignant cases,malignant,512,512,RGB
C:\Users\Usuario\.cache\kagglehub\datasets\adityamahimkar\iqothnccd-lung-cancer-dataset\versions\2\The IQ-OTHNCCD lung cancer dataset\The IQ-OTHNCCD lung cancer dataset\Malignant cases\Malignant case (518).jpg,Malignant case (518).jpg,Malignant cases,malignant,512,512,RGB
C:\Users\Usuario\.cache\kagglehub\datasets\adityamahimkar\iqothnccd-lung-cancer-dataset\versions\2\The IQ-OTHNCCD lung cancer dataset\The IQ-OTHNCCD lung cancer dataset\Malignant cases\Malignant case (519).jpg,Malignant case (519).jpg,Malignant cases,malignant,512,512,RGB
C:\Users\Usuario\.cache\kagglehub\datasets\adityamahimkar\iqothnccd-lung-cancer-dataset\versions\2\The IQ-OTHNCCD lung cancer dataset\The IQ-OTHNCCD lung cancer dataset\Malignant cases\Malignant case (52).jpg,Malignant case (52).jpg,Malignant cases,malignant,512,512,RGB
C:\Users\Usuario\.cache\kagglehub\datasets\adityamahimkar\iqothnccd-lung-cancer-dataset\versions\2\The IQ-OTHNCCD lung cancer dataset\The IQ-OTHNCCD lung cancer dataset\Malignant cases\Malignant case (520).jpg,Malignant case (520).jpg,Malignant cases,malignant,512,512,RGB
C:\Users\Usuario\.cache\kagglehub\datasets\adityamahimkar\iqothnccd-lung-cancer-dataset\versions\2\The IQ-OTHNCCD lung cancer dataset\The IQ-OTHNCCD lung cancer dataset\Malignant cases\Malignant case (521).jpg,Malignant case (521).jpg,Malignant cases,malignant,512,512,RGB
C:\Users\Usuario\.cache\kagglehub\datasets\adityamahimkar\iqothnccd-lung-cancer-dataset\versions\2\The IQ-OTHNCCD lung cancer dataset\The IQ-OTHNCCD lung cancer dataset\Malignant cases\Malignant case (522).jpg,Malignant case (522).jpg,Malignant cases,malignant,512,512,RGB
C:\Users\Usuario\.cache\kagglehub\datasets\adityamahimkar\iqothnccd-lung-cancer-dataset\versions\2\The IQ-OTHNCCD lung cancer dataset\The IQ-OTHNCCD lung cancer dataset\Malignant cases\Malignant case (523).jpg,Malignant case (523).jpg,Malignant cases,malignant,512,512,RGB
C:\Users\Usuario\.cache\kagglehub\datasets\adityamahimkar\iqothnccd-lung-cancer-dataset\versions\2\The IQ-OTHNCCD lung cancer dataset\The IQ-OTHNCCD lung cancer dataset\Malignant cases\Malignant case (524).jpg,Malignant case (524).jpg,Malignant cases,malignant,512,512,RGB
C:\Users\Usuario\.cache\kagglehub\datasets\adityamahimkar\iqothnccd-lung-cancer-dataset\versions\2\The IQ-OTHNCCD lung cancer dataset\The IQ-OTHNCCD lung cancer dataset\Malignant cases\Malignant case (525).jpg,Malignant case (525).jpg,Malignant cases,malignant,512,512,RGB
C:\Users\Usuario\.cache\kagglehub\datasets\adityamahimkar\iqothnccd-lung-cancer-dataset\versions\2\The IQ-OTHNCCD lung cancer dataset\The IQ-OTHNCCD lung cancer dataset\Malignant cases\Malignant case (526).jpg,Malignant case (526).jpg,Malignant cases,malignant,512,512,RGB
C:\Users\Usuario\.cache\kagglehub\datasets\adityamahimkar\iqothnccd-lung-cancer-dataset\versions\2\The IQ-OTHNCCD lung cancer dataset\The IQ-OTHNCCD lung cancer dataset\Malignant cases\Malignant case (527).jpg,Malignant case (527).jpg,Malignant cases,malignant,512,512,RGB
C:\Users\Usuario\.cache\kagglehub\datasets\adityamahimkar\iqothnccd-lung-cancer-dataset\versions\2\The IQ-OTHNCCD lung cancer dataset\The IQ-OTHNCCD lung cancer dataset\Malignant cases\Malignant case (528).jpg,Malignant case (528).jpg,Malignant cases,malignant,512,512,RGB
C:\Users\Usuario\.cache\kagglehub\datasets\adityamahimkar\iqothnccd-lung-cancer-dataset\versions\2\The IQ-OTHNCCD lung cancer dataset\The IQ-OTHNCCD lung cancer dataset\Malignant cases\Malignant case (529).jpg,Malignant case (529).jpg,Malignant cases,malignant,512,512,RGB
C:\Users\Usuario\.cache\kagglehub\datasets\adityamahimkar\iqothnccd-lung-cancer-dataset\versions\2\The IQ-OTHNCCD lung cancer dataset\The IQ-OTHNCCD lung cancer dataset\Malignant cases\Malignant case (53).jpg,Malignant case (53).jpg,Malignant cases,malignant,512,512,RGB
C:\Users\Usuario\.cache\kagglehub\datasets\adityamahimkar\iqothnccd-lung-cancer-dataset\versions\2\The IQ-OTHNCCD lung cancer dataset\The IQ-OTHNCCD lung cancer dataset\Malignant cases\Malignant case (530).jpg,Malignant case (530).jpg,Malignant cases,malignant,512,512,RGB
C:\Users\Usuario\.cache\kagglehub\datasets\adityamahimkar\iqothnccd-lung-cancer-dataset\versions\2\The IQ-OTHNCCD lung cancer dataset\The IQ-OTHNCCD lung cancer dataset\Malignant cases\Malignant case (531).jpg,Malignant case (531).jpg,Malignant cases,malignant,512,512,RGB
C:\Users\Usuario\.cache\kagglehub\datasets\adityamahimkar\iqothnccd-lung-cancer-dataset\versions\2\The IQ-OTHNCCD lung cancer dataset\The IQ-OTHNCCD lung cancer dataset\Malignant cases\Malignant case (532).jpg,Malignant case (532).jpg,Malignant cases,malignant,512,512,RGB
C:\Users\Usuario\.cache\kagglehub\datasets\adityamahimkar\iqothnccd-lung-cancer-dataset\versions\2\The IQ-OTHNCCD lung cancer dataset\The IQ-OTHNCCD lung cancer dataset\Malignant cases\Malignant case (533).jpg,Malignant case (533).jpg,Malignant cases,malignant,512,512,RGB
C:\Users\Usuario\.cache\kagglehub\datasets\adityamahimkar\iqothnccd-lung-cancer-dataset\versions\2\The IQ-OTHNCCD lung cancer dataset\The IQ-OTHNCCD lung cancer dataset\Malignant cases\Malignant case (534).jpg,Malignant case (534).jpg,Malignant cases,malignant,512,512,RGB
C:\Users\Usuario\.cache\kagglehub\datasets\adityamahimkar\iqothnccd-lung-cancer-dataset\versions\2\The IQ-OTHNCCD lung cancer dataset\The IQ-OTHNCCD lung cancer dataset\Malignant cases\Malignant case (535).jpg,Malignant case (535).jpg,Malignant cases,malignant,512,512,RGB
C:\Users\Usuario\.cache\kagglehub\datasets\adityamahimkar\iqothnccd-lung-cancer-dataset\versions\2\The IQ-OTHNCCD lung cancer dataset\The IQ-OTHNCCD lung cancer dataset\Malignant cases\Malignant case (536).jpg,Malignant case (536).jpg,Malignant cases,malignant,512,512,RGB
C:\Users\Usuario\.cache\kagglehub\datasets\adityamahimkar\iqothnccd-lung-cancer-dataset\versions\2\The IQ-OTHNCCD lung cancer dataset\The IQ-OTHNCCD lung cancer dataset\Malignant cases\Malignant case (537).jpg,Malignant case (537).jpg,Malignant cases,malignant,512,512,RGB
C:\Users\Usuario\.cache\kagglehub\datasets\adityamahimkar\iqothnccd-lung-cancer-dataset\versions\2\The IQ-OTHNCCD lung cancer dataset\The IQ-OTHNCCD lung cancer dataset\Malignant cases\Malignant case (538).jpg,Malignant case (538).jpg,Malignant cases,malignant,512,512,RGB
C:\Users\Usuario\.cache\kagglehub\datasets\adityamahimkar\iqothnccd-lung-cancer-dataset\versions\2\The IQ-OTHNCCD lung cancer dataset\The IQ-OTHNCCD lung cancer dataset\Malignant cases\Malignant case (539).jpg,Malignant case (539).jpg,Malignant cases,malignant,512,512,RGB
C:\Users\Usuario\.cache\kagglehub\datasets\adityamahimkar\iqothnccd-lung-cancer-dataset\versions\2\The IQ-OTHNCCD lung cancer dataset\The IQ-OTHNCCD lung cancer dataset\Malignant cases\Malignant case (54).jpg,Malignant case (54).jpg,Malignant cases,malignant,512,512,RGB
C:\Users\Usuario\.cache\kagglehub\datasets\adityamahimkar\iqothnccd-lung-cancer-dataset\versions\2\The IQ-OTHNCCD lung cancer dataset\The IQ-OTHNCCD lung cancer dataset\Malignant cases\Malignant case (540).jpg,Malignant case (540).jpg,Malignant cases,malignant,512,512,RGB
C:\Users\Usuario\.cache\kagglehub\datasets\adityamahimkar\iqothnccd-lung-cancer-dataset\versions\2\The IQ-OTHNCCD lung cancer dataset\The IQ-OTHNCCD lung cancer dataset\Malignant cases\Malignant case (541).jpg,Malignant case (541).jpg,Malignant cases,malignant,512,512,RGB
C:\Users\Usuario\.cache\kagglehub\datasets\adityamahimkar\iqothnccd-lung-cancer-dataset\versions\2\The IQ-OTHNCCD lung cancer dataset\The IQ-OTHNCCD lung cancer dataset\Malignant cases\Malignant case (542).jpg,Malignant case (542).jpg,Malignant cases,malignant,512,512,RGB
C:\Users\Usuario\.cache\kagglehub\datasets\adityamahimkar\iqothnccd-lung-cancer-dataset\versions\2\The IQ-OTHNCCD lung cancer dataset\The IQ-OTHNCCD lung cancer dataset\Malignant cases\Malignant case (543).jpg,Malignant case (543).jpg,Malignant cases,malignant,512,512,RGB
C:\Users\Usuario\.cache\kagglehub\datasets\adityamahimkar\iqothnccd-lung-cancer-dataset\versions\2\The IQ-OTHNCCD lung cancer dataset\The IQ-OTHNCCD lung cancer dataset\Malignant cases\Malignant case (544).jpg,Malignant case (544).jpg,Malignant cases,malignant,512,512,RGB
C:\Users\Usuario\.cache\kagglehub\datasets\adityamahimkar\iqothnccd-lung-cancer-dataset\versions\2\The IQ-OTHNCCD lung cancer dataset\The IQ-OTHNCCD lung cancer dataset\Malignant cases\Malignant case (545).jpg,Malignant case (545).jpg,Malignant cases,malignant,512,512,RGB
C:\Users\Usuario\.cache\kagglehub\datasets\adityamahimkar\iqothnccd-lung-cancer-dataset\versions\2\The IQ-OTHNCCD lung cancer dataset\The IQ-OTHNCCD lung cancer dataset\Malignant cases\Malignant case (546).jpg,Malignant case (546).jpg,Malignant cases,malignant,512,512,RGB
C:\Users\Usuario\.cache\kagglehub\datasets\adityamahimkar\iqothnccd-lung-cancer-dataset\versions\2\The IQ-OTHNCCD lung cancer dataset\The IQ-OTHNCCD lung cancer dataset\Malignant cases\Malignant case (547).jpg,Malignant case (547).jpg,Malignant cases,malignant,512,512,RGB
C:\Users\Usuario\.cache\kagglehub\datasets\adityamahimkar\iqothnccd-lung-cancer-dataset\versions\2\The IQ-OTHNCCD lung cancer dataset\The IQ-OTHNCCD lung cancer dataset\Malignant cases\Malignant case (548).jpg,Malignant case (548).jpg,Malignant cases,malignant,512,512,RGB
C:\Users\Usuario\.cache\kagglehub\datasets\adityamahimkar\iqothnccd-lung-cancer-dataset\versions\2\The IQ-OTHNCCD lung cancer dataset\The IQ-OTHNCCD lung cancer dataset\Malignant cases\Malignant case (549).jpg,Malignant case (549).jpg,Malignant cases,malignant,512,512,RGB
C:\Users\Usuario\.cache\kagglehub\datasets\adityamahimkar\iqothnccd-lung-cancer-dataset\versions\2\The IQ-OTHNCCD lung cancer dataset\The IQ-OTHNCCD lung cancer dataset\Malignant cases\Malignant case (55).jpg,Malignant case (55).jpg,Malignant cases,malignant,512,512,RGB
C:\Users\Usuario\.cache\kagglehub\datasets\adityamahimkar\iqothnccd-lung-cancer-dataset\versions\2\The IQ-OTHNCCD lung cancer dataset\The IQ-OTHNCCD lung cancer dataset\Malignant cases\Malignant case (550).jpg,Malignant case (550).jpg,Malignant cases,malignant,512,512,RGB
C:\Users\Usuario\.cache\kagglehub\datasets\adityamahimkar\iqothnccd-lung-cancer-dataset\versions\2\The IQ-OTHNCCD lung cancer dataset\The IQ-OTHNCCD lung cancer dataset\Malignant cases\Malignant case (551).jpg,Malignant case (551).jpg,Malignant cases,malignant,512,512,RGB
C:\Users\Usuario\.cache\kagglehub\datasets\adityamahimkar\iqothnccd-lung-cancer-dataset\versions\2\The IQ-OTHNCCD lung cancer dataset\The IQ-OTHNCCD lung cancer dataset\Malignant cases\Malignant case (552).jpg,Malignant case (552).jpg,Malignant cases,malignant,512,512,RGB
C:\Users\Usuario\.cache\kagglehub\datasets\adityamahimkar\iqothnccd-lung-cancer-dataset\versions\2\The IQ-OTHNCCD lung cancer dataset\The IQ-OTHNCCD lung cancer dataset\Malignant cases\Malignant case (553).jpg,Malignant case (553).jpg,Malignant cases,malignant,512,512,RGB
C:\Users\Usuario\.cache\kagglehub\datasets\adityamahimkar\iqothnccd-lung-cancer-dataset\versions\2\The IQ-OTHNCCD lung cancer dataset\The IQ-OTHNCCD lung cancer dataset\Malignant cases\Malignant case (554).jpg,Malignant case (554).jpg,Malignant cases,malignant,512,512,RGB
C:\Users\Usuario\.cache\kagglehub\datasets\adityamahimkar\iqothnccd-lung-cancer-dataset\versions\2\The IQ-OTHNCCD lung cancer dataset\The IQ-OTHNCCD lung cancer dataset\Malignant cases\Malignant case (555).jpg,Malignant case (555).jpg,Malignant cases,malignant,512,512,RGB
C:\Users\Usuario\.cache\kagglehub\datasets\adityamahimkar\iqothnccd-lung-cancer-dataset\versions\2\The IQ-OTHNCCD lung cancer dataset\The IQ-OTHNCCD lung cancer dataset\Malignant cases\Malignant case (556).jpg,Malignant case (556).jpg,Malignant cases,malignant,512,512,RGB
C:\Users\Usuario\.cache\kagglehub\datasets\adityamahimkar\iqothnccd-lung-cancer-dataset\versions\2\The IQ-OTHNCCD lung cancer dataset\The IQ-OTHNCCD lung cancer dataset\Malignant cases\Malignant case (557).jpg,Malignant case (557).jpg,Malignant cases,malignant,512,512,RGB
C:\Users\Usuario\.cache\kagglehub\datasets\adityamahimkar\iqothnccd-lung-cancer-dataset\versions\2\The IQ-OTHNCCD lung cancer dataset\The IQ-OTHNCCD lung cancer dataset\Malignant cases\Malignant case (558).jpg,Malignant case (558).jpg,Malignant cases,malignant,512,512,RGB
C:\Users\Usuario\.cache\kagglehub\datasets\adityamahimkar\iqothnccd-lung-cancer-dataset\versions\2\The IQ-OTHNCCD lung cancer dataset\The IQ-OTHNCCD lung cancer dataset\Malignant cases\Malignant case (559).jpg,Malignant case (559).jpg,Malignant cases,malignant,512,512,RGB
C:\Users\Usuario\.cache\kagglehub\datasets\adityamahimkar\iqothnccd-lung-cancer-dataset\versions\2\The IQ-OTHNCCD lung cancer dataset\The IQ-OTHNCCD lung cancer dataset\Malignant cases\Malignant case (56).jpg,Malignant case (56).jpg,Malignant cases,malignant,512,512,RGB
C:\Users\Usuario\.cache\kagglehub\datasets\adityamahimkar\iqothnccd-lung-cancer-dataset\versions\2\The IQ-OTHNCCD lung cancer dataset\The IQ-OTHNCCD lung cancer dataset\Malignant cases\Malignant case (560).jpg,Malignant case (560).jpg,Malignant cases,malignant,512,512,RGB
C:\Users\Usuario\.cache\kagglehub\datasets\adityamahimkar\iqothnccd-lung-cancer-dataset\versions\2\The IQ-OTHNCCD lung cancer dataset\The IQ-OTHNCCD lung cancer dataset\Malignant cases\Malignant case (561).jpg,Malignant case (561).jpg,Malignant cases,malignant,512,512,RGB
C:\Users\Usuario\.cache\kagglehub\datasets\adityamahimkar\iqothnccd-lung-cancer-dataset\versions\2\The IQ-OTHNCCD lung cancer dataset\The IQ-OTHNCCD lung cancer dataset\Malignant cases\Malignant case (57).jpg,Malignant case (57).jpg,Malignant cases,malignant,512,512,RGB
C:\Users\Usuario\.cache\kagglehub\datasets\adityamahimkar\iqothnccd-lung-cancer-dataset\versions\2\The IQ-OTHNCCD lung cancer dataset\The IQ-OTHNCCD lung cancer dataset\Malignant cases\Malignant case (58).jpg,Malignant case (58).jpg,Malignant cases,malignant,512,512,RGB
C:\Users\Usuario\.cache\kagglehub\datasets\adityamahimkar\iqothnccd-lung-cancer-dataset\versions\2\The IQ-OTHNCCD lung cancer dataset\The IQ-OTHNCCD lung cancer dataset\Malignant cases\Malignant case (59).jpg,Malignant case (59).jpg,Malignant cases,malignant,512,512,RGB
C:\Users\Usuario\.cache\kagglehub\datasets\adityamahimkar\iqothnccd-lung-cancer-dataset\versions\2\The IQ-OTHNCCD lung cancer dataset\The IQ-OTHNCCD lung cancer dataset\Malignant cases\Malignant case (6).jpg,Malignant case (6).jpg,Malignant cases,malignant,512,512,RGB
C:\Users\Usuario\.cache\kagglehub\datasets\adityamahimkar\iqothnccd-lung-cancer-dataset\versions\2\The IQ-OTHNCCD lung cancer dataset\The IQ-OTHNCCD lung cancer dataset\Malignant cases\Malignant case (60).jpg,Malignant case (60).jpg,Malignant cases,malignant,512,512,RGB
C:\Users\Usuario\.cache\kagglehub\datasets\adityamahimkar\iqothnccd-lung-cancer-dataset\versions\2\The IQ-OTHNCCD lung cancer dataset\The IQ-OTHNCCD lung cancer dataset\Malignant cases\Malignant case (61).jpg,Malignant case (61).jpg,Malignant cases,malignant,512,512,RGB
C:\Users\Usuario\.cache\kagglehub\datasets\adityamahimkar\iqothnccd-lung-cancer-dataset\versions\2\The IQ-OTHNCCD lung cancer dataset\The IQ-OTHNCCD lung cancer dataset\Malignant cases\Malignant case (62).jpg,Malignant case (62).jpg,Malignant cases,malignant,512,512,RGB
C:\Users\Usuario\.cache\kagglehub\datasets\adityamahimkar\iqothnccd-lung-cancer-dataset\versions\2\The IQ-OTHNCCD lung cancer dataset\The IQ-OTHNCCD lung cancer dataset\Malignant cases\Malignant case (63).jpg,Malignant case (63).jpg,Malignant cases,malignant,512,512,RGB
C:\Users\Usuario\.cache\kagglehub\datasets\adityamahimkar\iqothnccd-lung-cancer-dataset\versions\2\The IQ-OTHNCCD lung cancer dataset\The IQ-OTHNCCD lung cancer dataset\Malignant cases\Malignant case (64).jpg,Malignant case (64).jpg,Malignant cases,malignant,512,512,RGB
C:\Users\Usuario\.cache\kagglehub\datasets\adityamahimkar\iqothnccd-lung-cancer-dataset\versions\2\The IQ-OTHNCCD lung cancer dataset\The IQ-OTHNCCD lung cancer dataset\Malignant cases\Malignant case (65).jpg,Malignant case (65).jpg,Malignant cases,malignant,512,512,RGB
C:\Users\Usuario\.cache\kagglehub\datasets\adityamahimkar\iqothnccd-lung-cancer-dataset\versions\2\The IQ-OTHNCCD lung cancer dataset\The IQ-OTHNCCD lung cancer dataset\Malignant cases\Malignant case (66).jpg,Malignant case (66).jpg,Malignant cases,malignant,512,512,RGB
C:\Users\Usuario\.cache\kagglehub\datasets\adityamahimkar\iqothnccd-lung-cancer-dataset\versions\2\The IQ-OTHNCCD lung cancer dataset\The IQ-OTHNCCD lung cancer dataset\Malignant cases\Malignant case (67).jpg,Malignant case (67).jpg,Malignant cases,malignant,512,512,RGB
C:\Users\Usuario\.cache\kagglehub\datasets\adityamahimkar\iqothnccd-lung-cancer-dataset\versions\2\The IQ-OTHNCCD lung cancer dataset\The IQ-OTHNCCD lung cancer dataset\Malignant cases\Malignant case (68).jpg,Malignant case (68).jpg,Malignant cases,malignant,512,512,RGB
C:\Users\Usuario\.cache\kagglehub\datasets\adityamahimkar\iqothnccd-lung-cancer-dataset\versions\2\The IQ-OTHNCCD lung cancer dataset\The IQ-OTHNCCD lung cancer dataset\Malignant cases\Malignant case (69).jpg,Malignant case (69).jpg,Malignant cases,malignant,512,512,RGB
C:\Users\Usuario\.cache\kagglehub\datasets\adityamahimkar\iqothnccd-lung-cancer-dataset\versions\2\The IQ-OTHNCCD lung cancer dataset\The IQ-OTHNCCD lung cancer dataset\Malignant cases\Malignant case (7).jpg,Malignant case (7).jpg,Malignant cases,malignant,512,512,RGB
C:\Users\Usuario\.cache\kagglehub\datasets\adityamahimkar\iqothnccd-lung-cancer-dataset\versions\2\The IQ-OTHNCCD lung cancer dataset\The IQ-OTHNCCD lung cancer dataset\Malignant cases\Malignant case (70).jpg,Malignant case (70).jpg,Malignant cases,malignant,512,512,RGB
C:\Users\Usuario\.cache\kagglehub\datasets\adityamahimkar\iqothnccd-lung-cancer-dataset\versions\2\The IQ-OTHNCCD lung cancer dataset\The IQ-OTHNCCD lung cancer dataset\Malignant cases\Malignant case (71).jpg,Malignant case (71).jpg,Malignant cases,malignant,512,512,RGB
C:\Users\Usuario\.cache\kagglehub\datasets\adityamahimkar\iqothnccd-lung-cancer-dataset\versions\2\The IQ-OTHNCCD lung cancer dataset\The IQ-OTHNCCD lung cancer dataset\Malignant cases\Malignant case (72).jpg,Malignant case (72).jpg,Malignant cases,malignant,512,512,RGB
C:\Users\Usuario\.cache\kagglehub\datasets\adityamahimkar\iqothnccd-lung-cancer-dataset\versions\2\The IQ-OTHNCCD lung cancer dataset\The IQ-OTHNCCD lung cancer dataset\Malignant cases\Malignant case (73).jpg,Malignant case (73).jpg,Malignant cases,malignant,512,512,RGB
C:\Users\Usuario\.cache\kagglehub\datasets\adityamahimkar\iqothnccd-lung-cancer-dataset\versions\2\The IQ-OTHNCCD lung cancer dataset\The IQ-OTHNCCD lung cancer dataset\Malignant cases\Malignant case (74).jpg,Malignant case (74).jpg,Malignant cases,malignant,512,512,RGB
C:\Users\Usuario\.cache\kagglehub\datasets\adityamahimkar\iqothnccd-lung-cancer-dataset\versions\2\The IQ-OTHNCCD lung cancer dataset\The IQ-OTHNCCD lung cancer dataset\Malignant cases\Malignant case (75).jpg,Malignant case (75).jpg,Malignant cases,malignant,512,512,RGB
C:\Users\Usuario\.cache\kagglehub\datasets\adityamahimkar\iqothnccd-lung-cancer-dataset\versions\2\The IQ-OTHNCCD lung cancer dataset\The IQ-OTHNCCD lung cancer dataset\Malignant cases\Malignant case (76).jpg,Malignant case (76).jpg,Malignant cases,malignant,512,512,RGB
C:\Users\Usuario\.cache\kagglehub\datasets\adityamahimkar\iqothnccd-lung-cancer-dataset\versions\2\The IQ-OTHNCCD lung cancer dataset\The IQ-OTHNCCD lung cancer dataset\Malignant cases\Malignant case (77).jpg,Malignant case (77).jpg,Malignant cases,malignant,512,512,RGB
C:\Users\Usuario\.cache\kagglehub\datasets\adityamahimkar\iqothnccd-lung-cancer-dataset\versions\2\The IQ-OTHNCCD lung cancer dataset\The IQ-OTHNCCD lung cancer dataset\Malignant cases\Malignant case (78).jpg,Malignant case (78).jpg,Malignant cases,malignant,512,512,RGB
C:\Users\Usuario\.cache\kagglehub\datasets\adityamahimkar\iqothnccd-lung-cancer-dataset\versions\2\The IQ-OTHNCCD lung cancer dataset\The IQ-OTHNCCD lung cancer dataset\Malignant cases\Malignant case (79).jpg,Malignant case (79).jpg,Malignant cases,malignant,512,512,RGB
C:\Users\Usuario\.cache\kagglehub\datasets\adityamahimkar\iqothnccd-lung-cancer-dataset\versions\2\The IQ-OTHNCCD lung cancer dataset\The IQ-OTHNCCD lung cancer dataset\Malignant cases\Malignant case (8).jpg,Malignant case (8).jpg,Malignant cases,malignant,512,512,RGB
C:\Users\Usuario\.cache\kagglehub\datasets\adityamahimkar\iqothnccd-lung-cancer-dataset\versions\2\The IQ-OTHNCCD lung cancer dataset\The IQ-OTHNCCD lung cancer dataset\Malignant cases\Malignant case (80).jpg,Malignant case (80).jpg,Malignant cases,malignant,512,512,RGB
C:\Users\Usuario\.cache\kagglehub\datasets\adityamahimkar\iqothnccd-lung-cancer-dataset\versions\2\The IQ-OTHNCCD lung cancer dataset\The IQ-OTHNCCD lung cancer dataset\Malignant cases\Malignant case (81).jpg,Malignant case (81).jpg,Malignant cases,malignant,512,512,RGB
C:\Users\Usuario\.cache\kagglehub\datasets\adityamahimkar\iqothnccd-lung-cancer-dataset\versions\2\The IQ-OTHNCCD lung cancer dataset\The IQ-OTHNCCD lung cancer dataset\Malignant cases\Malignant case (82).jpg,Malignant case (82).jpg,Malignant cases,malignant,512,512,RGB
C:\Users\Usuario\.cache\kagglehub\datasets\adityamahimkar\iqothnccd-lung-cancer-dataset\versions\2\The IQ-OTHNCCD lung cancer dataset\The IQ-OTHNCCD lung cancer dataset\Malignant cases\Malignant case (83).jpg,Malignant case (83).jpg,Malignant cases,malignant,512,512,RGB
C:\Users\Usuario\.cache\kagglehub\datasets\adityamahimkar\iqothnccd-lung-cancer-dataset\versions\2\The IQ-OTHNCCD lung cancer dataset\The IQ-OTHNCCD lung cancer dataset\Malignant cases\Malignant case (84).jpg,Malignant case (84).jpg,Malignant cases,malignant,512,512,RGB
C:\Users\Usuario\.cache\kagglehub\datasets\adityamahimkar\iqothnccd-lung-cancer-dataset\versions\2\The IQ-OTHNCCD lung cancer dataset\The IQ-OTHNCCD lung cancer dataset\Malignant cases\Malignant case (85).jpg,Malignant case (85).jpg,Malignant cases,malignant,512,512,RGB
C:\Users\Usuario\.cache\kagglehub\datasets\adityamahimkar\iqothnccd-lung-cancer-dataset\versions\2\The IQ-OTHNCCD lung cancer dataset\The IQ-OTHNCCD lung cancer dataset\Malignant cases\Malignant case (86).jpg,Malignant case (86).jpg,Malignant cases,malignant,512,512,RGB
C:\Users\Usuario\.cache\kagglehub\datasets\adityamahimkar\iqothnccd-lung-cancer-dataset\versions\2\The IQ-OTHNCCD lung cancer dataset\The IQ-OTHNCCD lung cancer dataset\Malignant cases\Malignant case (87).jpg,Malignant case (87).jpg,Malignant cases,malignant,512,512,RGB
C:\Users\Usuario\.cache\kagglehub\datasets\adityamahimkar\iqothnccd-lung-cancer-dataset\versions\2\The IQ-OTHNCCD lung cancer dataset\The IQ-OTHNCCD lung cancer dataset\Malignant cases\Malignant case (88).jpg,Malignant case (88).jpg,Malignant cases,malignant,512,512,RGB
C:\Users\Usuario\.cache\kagglehub\datasets\adityamahimkar\iqothnccd-lung-cancer-dataset\versions\2\The IQ-OTHNCCD lung cancer dataset\The IQ-OTHNCCD lung cancer dataset\Malignant cases\Malignant case (89).jpg,Malignant case (89).jpg,Malignant cases,malignant,512,512,RGB
C:\Users\Usuario\.cache\kagglehub\datasets\adityamahimkar\iqothnccd-lung-cancer-dataset\versions\2\The IQ-OTHNCCD lung cancer dataset\The IQ-OTHNCCD lung cancer dataset\Malignant cases\Malignant case (9).jpg,Malignant case (9).jpg,Malignant cases,malignant,512,512,RGB
C:\Users\Usuario\.cache\kagglehub\datasets\adityamahimkar\iqothnccd-lung-cancer-dataset\versions\2\The IQ-OTHNCCD lung cancer dataset\The IQ-OTHNCCD lung cancer dataset\Malignant cases\Malignant case (90).jpg,Malignant case (90).jpg,Malignant cases,malignant,512,512,RGB
C:\Users\Usuario\.cache\kagglehub\datasets\adityamahimkar\iqothnccd-lung-cancer-dataset\versions\2\The IQ-OTHNCCD lung cancer dataset\The IQ-OTHNCCD lung cancer dataset\Malignant cases\Malignant case (91).jpg,Malignant case (91).jpg,Malignant cases,malignant,512,512,RGB
C:\Users\Usuario\.cache\kagglehub\datasets\adityamahimkar\iqothnccd-lung-cancer-dataset\versions\2\The IQ-OTHNCCD lung cancer dataset\The IQ-OTHNCCD lung cancer dataset\Malignant cases\Malignant case (92).jpg,Malignant case (92).jpg,Malignant cases,malignant,512,512,RGB
C:\Users\Usuario\.cache\kagglehub\datasets\adityamahimkar\iqothnccd-lung-cancer-dataset\versions\2\The IQ-OTHNCCD lung cancer dataset\The IQ-OTHNCCD lung cancer dataset\Malignant cases\Malignant case (93).jpg,Malignant case (93).jpg,Malignant cases,malignant,512,512,RGB
C:\Users\Usuario\.cache\kagglehub\datasets\adityamahimkar\iqothnccd-lung-cancer-dataset\versions\2\The IQ-OTHNCCD lung cancer dataset\The IQ-OTHNCCD lung cancer dataset\Malignant cases\Malignant case (94).jpg,Malignant case (94).jpg,Malignant cases,malignant,512,512,RGB
C:\Users\Usuario\.cache\kagglehub\datasets\adityamahimkar\iqothnccd-lung-cancer-dataset\versions\2\The IQ-OTHNCCD lung cancer dataset\The IQ-OTHNCCD lung cancer dataset\Malignant cases\Malignant case (95).jpg,Malignant case (95).jpg,Malignant cases,malignant,512,512,RGB
C:\Users\Usuario\.cache\kagglehub\datasets\adityamahimkar\iqothnccd-lung-cancer-dataset\versions\2\The IQ-OTHNCCD lung cancer dataset\The IQ-OTHNCCD lung cancer dataset\Malignant cases\Malignant case (96).jpg,Malignant case (96).jpg,Malignant cases,malignant,512,512,RGB
C:\Users\Usuario\.cache\kagglehub\datasets\adityamahimkar\iqothnccd-lung-cancer-dataset\versions\2\The IQ-OTHNCCD lung cancer dataset\The IQ-OTHNCCD lung cancer dataset\Malignant cases\Malignant case (97).jpg,Malignant case (97).jpg,Malignant cases,malignant,512,512,RGB
C:\Users\Usuario\.cache\kagglehub\datasets\adityamahimkar\iqothnccd-lung-cancer-dataset\versions\2\The IQ-OTHNCCD lung cancer dataset\The IQ-OTHNCCD lung cancer dataset\Malignant cases\Malignant case (98).jpg,Malignant case (98).jpg,Malignant cases,malignant,512,512,RGB
C:\Users\Usuario\.cache\kagglehub\datasets\adityamahimkar\iqothnccd-lung-cancer-dataset\versions\2\The IQ-OTHNCCD lung cancer dataset\The IQ-OTHNCCD lung cancer dataset\Malignant cases\Malignant case (99).jpg,Malignant case (99).jpg,Malignant cases,malignant,512,512,RGB
C:\Users\Usuario\.cache\kagglehub\datasets\adityamahimkar\iqothnccd-lung-cancer-dataset\versions\2\The IQ-OTHNCCD lung cancer dataset\The IQ-OTHNCCD lung cancer dataset\Normal cases\Normal case (1).jpg,Normal case (1).jpg,Normal cases,normal,512,512,RGB
C:\Users\Usuario\.cache\kagglehub\datasets\adityamahimkar\iqothnccd-lung-cancer-dataset\versions\2\The IQ-OTHNCCD lung cancer dataset\The IQ-OTHNCCD lung cancer dataset\Normal cases\Normal case (10).jpg,Normal case (10).jpg,Normal cases,normal,512,512,RGB
C:\Users\Usuario\.cache\kagglehub\datasets\adityamahimkar\iqothnccd-lung-cancer-dataset\versions\2\The IQ-OTHNCCD lung cancer dataset\The IQ-OTHNCCD lung cancer dataset\Normal cases\Normal case (100).jpg,Normal case (100).jpg,Normal cases,normal,512,512,RGB
C:\Users\Usuario\.cache\kagglehub\datasets\adityamahimkar\iqothnccd-lung-cancer-dataset\versions\2\The IQ-OTHNCCD lung cancer dataset\The IQ-OTHNCCD lung cancer dataset\Normal cases\Normal case (101).jpg,Normal case (101).jpg,Normal cases,normal,512,512,RGB
C:\Users\Usuario\.cache\kagglehub\datasets\adityamahimkar\iqothnccd-lung-cancer-dataset\versions\2\The IQ-OTHNCCD lung cancer dataset\The IQ-OTHNCCD lung cancer dataset\Normal cases\Normal case (102).jpg,Normal case (102).jpg,Normal cases,normal,512,512,RGB
C:\Users\Usuario\.cache\kagglehub\datasets\adityamahimkar\iqothnccd-lung-cancer-dataset\versions\2\The IQ-OTHNCCD lung cancer dataset\The IQ-OTHNCCD lung cancer dataset\Normal cases\Normal case (103).jpg,Normal case (103).jpg,Normal cases,normal,512,512,RGB
C:\Users\Usuario\.cache\kagglehub\datasets\adityamahimkar\iqothnccd-lung-cancer-dataset\versions\2\The IQ-OTHNCCD lung cancer dataset\The IQ-OTHNCCD lung cancer dataset\Normal cases\Normal case (104).jpg,Normal case (104).jpg,Normal cases,normal,512,512,RGB
C:\Users\Usuario\.cache\kagglehub\datasets\adityamahimkar\iqothnccd-lung-cancer-dataset\versions\2\The IQ-OTHNCCD lung cancer dataset\The IQ-OTHNCCD lung cancer dataset\Normal cases\Normal case (105).jpg,Normal case (105).jpg,Normal cases,normal,512,512,RGB
C:\Users\Usuario\.cache\kagglehub\datasets\adityamahimkar\iqothnccd-lung-cancer-dataset\versions\2\The IQ-OTHNCCD lung cancer dataset\The IQ-OTHNCCD lung cancer dataset\Normal cases\Normal case (106).jpg,Normal case (106).jpg,Normal cases,normal,512,512,RGB
C:\Users\Usuario\.cache\kagglehub\datasets\adityamahimkar\iqothnccd-lung-cancer-dataset\versions\2\The IQ-OTHNCCD lung cancer dataset\The IQ-OTHNCCD lung cancer dataset\Normal cases\Normal case (107).jpg,Normal case (107).jpg,Normal cases,normal,512,512,RGB
C:\Users\Usuario\.cache\kagglehub\datasets\adityamahimkar\iqothnccd-lung-cancer-dataset\versions\2\The IQ-OTHNCCD lung cancer dataset\The IQ-OTHNCCD lung cancer dataset\Normal cases\Normal case (108).jpg,Normal case (108).jpg,Normal cases,normal,512,512,RGB
C:\Users\Usuario\.cache\kagglehub\datasets\adityamahimkar\iqothnccd-lung-cancer-dataset\versions\2\The IQ-OTHNCCD lung cancer dataset\The IQ-OTHNCCD lung cancer dataset\Normal cases\Normal case (109).jpg,Normal case (109).jpg,Normal cases,normal,512,512,RGB
C:\Users\Usuario\.cache\kagglehub\datasets\adityamahimkar\iqothnccd-lung-cancer-dataset\versions\2\The IQ-OTHNCCD lung cancer dataset\The IQ-OTHNCCD lung cancer dataset\Normal cases\Normal case (11).jpg,Normal case (11).jpg,Normal cases,normal,512,512,RGB
C:\Users\Usuario\.cache\kagglehub\datasets\adityamahimkar\iqothnccd-lung-cancer-dataset\versions\2\The IQ-OTHNCCD lung cancer dataset\The IQ-OTHNCCD lung cancer dataset\Normal cases\Normal case (110).jpg,Normal case (110).jpg,Normal cases,normal,512,512,RGB
C:\Users\Usuario\.cache\kagglehub\datasets\adityamahimkar\iqothnccd-lung-cancer-dataset\versions\2\The IQ-OTHNCCD lung cancer dataset\The IQ-OTHNCCD lung cancer dataset\Normal cases\Normal case (111).jpg,Normal case (111).jpg,Normal cases,normal,512,512,RGB
C:\Users\Usuario\.cache\kagglehub\datasets\adityamahimkar\iqothnccd-lung-cancer-dataset\versions\2\The IQ-OTHNCCD lung cancer dataset\The IQ-OTHNCCD lung cancer dataset\Normal cases\Normal case (112).jpg,Normal case (112).jpg,Normal cases,normal,512,512,RGB
C:\Users\Usuario\.cache\kagglehub\datasets\adityamahimkar\iqothnccd-lung-cancer-dataset\versions\2\The IQ-OTHNCCD lung cancer dataset\The IQ-OTHNCCD lung cancer dataset\Normal cases\Normal case (113).jpg,Normal case (113).jpg,Normal cases,normal,512,512,RGB
C:\Users\Usuario\.cache\kagglehub\datasets\adityamahimkar\iqothnccd-lung-cancer-dataset\versions\2\The IQ-OTHNCCD lung cancer dataset\The IQ-OTHNCCD lung cancer dataset\Normal cases\Normal case (114).jpg,Normal case (114).jpg,Normal cases,normal,512,512,RGB
C:\Users\Usuario\.cache\kagglehub\datasets\adityamahimkar\iqothnccd-lung-cancer-dataset\versions\2\The IQ-OTHNCCD lung cancer dataset\The IQ-OTHNCCD lung cancer dataset\Normal cases\Normal case (115).jpg,Normal case (115).jpg,Normal cases,normal,512,512,RGB
C:\Users\Usuario\.cache\kagglehub\datasets\adityamahimkar\iqothnccd-lung-cancer-dataset\versions\2\The IQ-OTHNCCD lung cancer dataset\The IQ-OTHNCCD lung cancer dataset\Normal cases\Normal case (116).jpg,Normal case (116).jpg,Normal cases,normal,512,512,RGB
C:\Users\Usuario\.cache\kagglehub\datasets\adityamahimkar\iqothnccd-lung-cancer-dataset\versions\2\The IQ-OTHNCCD lung cancer dataset\The IQ-OTHNCCD lung cancer dataset\Normal cases\Normal case (117).jpg,Normal case (117).jpg,Normal cases,normal,512,512,RGB
C:\Users\Usuario\.cache\kagglehub\datasets\adityamahimkar\iqothnccd-lung-cancer-dataset\versions\2\The IQ-OTHNCCD lung cancer dataset\The IQ-OTHNCCD lung cancer dataset\Normal cases\Normal case (118).jpg,Normal case (118).jpg,Normal cases,normal,512,512,RGB
C:\Users\Usuario\.cache\kagglehub\datasets\adityamahimkar\iqothnccd-lung-cancer-dataset\versions\2\The IQ-OTHNCCD lung cancer dataset\The IQ-OTHNCCD lung cancer dataset\Normal cases\Normal case (119).jpg,Normal case (119).jpg,Normal cases,normal,512,512,RGB
C:\Users\Usuario\.cache\kagglehub\datasets\adityamahimkar\iqothnccd-lung-cancer-dataset\versions\2\The IQ-OTHNCCD lung cancer dataset\The IQ-OTHNCCD lung cancer dataset\Normal cases\Normal case (12).jpg,Normal case (12).jpg,Normal cases,normal,512,512,RGB
C:\Users\Usuario\.cache\kagglehub\datasets\adityamahimkar\iqothnccd-lung-cancer-dataset\versions\2\The IQ-OTHNCCD lung cancer dataset\The IQ-OTHNCCD lung cancer dataset\Normal cases\Normal case (120).jpg,Normal case (120).jpg,Normal cases,normal,512,512,RGB
C:\Users\Usuario\.cache\kagglehub\datasets\adityamahimkar\iqothnccd-lung-cancer-dataset\versions\2\The IQ-OTHNCCD lung cancer dataset\The IQ-OTHNCCD lung cancer dataset\Normal cases\Normal case (121).jpg,Normal case (121).jpg,Normal cases,normal,512,512,RGB
C:\Users\Usuario\.cache\kagglehub\datasets\adityamahimkar\iqothnccd-lung-cancer-dataset\versions\2\The IQ-OTHNCCD lung cancer dataset\The IQ-OTHNCCD lung cancer dataset\Normal cases\Normal case (122).jpg,Normal case (122).jpg,Normal cases,normal,512,512,RGB
C:\Users\Usuario\.cache\kagglehub\datasets\adityamahimkar\iqothnccd-lung-cancer-dataset\versions\2\The IQ-OTHNCCD lung cancer dataset\The IQ-OTHNCCD lung cancer dataset\Normal cases\Normal case (123).jpg,Normal case (123).jpg,Normal cases,normal,512,512,RGB
C:\Users\Usuario\.cache\kagglehub\datasets\adityamahimkar\iqothnccd-lung-cancer-dataset\versions\2\The IQ-OTHNCCD lung cancer dataset\The IQ-OTHNCCD lung cancer dataset\Normal cases\Normal case (124).jpg,Normal case (124).jpg,Normal cases,normal,512,512,RGB
C:\Users\Usuario\.cache\kagglehub\datasets\adityamahimkar\iqothnccd-lung-cancer-dataset\versions\2\The IQ-OTHNCCD lung cancer dataset\The IQ-OTHNCCD lung cancer dataset\Normal cases\Normal case (125).jpg,Normal case (125).jpg,Normal cases,normal,512,512,RGB
C:\Users\Usuario\.cache\kagglehub\datasets\adityamahimkar\iqothnccd-lung-cancer-dataset\versions\2\The IQ-OTHNCCD lung cancer dataset\The IQ-OTHNCCD lung cancer dataset\Normal cases\Normal case (126).jpg,Normal case (126).jpg,Normal cases,normal,512,512,RGB
C:\Users\Usuario\.cache\kagglehub\datasets\adityamahimkar\iqothnccd-lung-cancer-dataset\versions\2\The IQ-OTHNCCD lung cancer dataset\The IQ-OTHNCCD lung cancer dataset\Normal cases\Normal case (127).jpg,Normal case (127).jpg,Normal cases,normal,512,512,RGB
C:\Users\Usuario\.cache\kagglehub\datasets\adityamahimkar\iqothnccd-lung-cancer-dataset\versions\2\The IQ-OTHNCCD lung cancer dataset\The IQ-OTHNCCD lung cancer dataset\Normal cases\Normal case (128).jpg,Normal case (128).jpg,Normal cases,normal,512,512,RGB
C:\Users\Usuario\.cache\kagglehub\datasets\adityamahimkar\iqothnccd-lung-cancer-dataset\versions\2\The IQ-OTHNCCD lung cancer dataset\The IQ-OTHNCCD lung cancer dataset\Normal cases\Normal case (129).jpg,Normal case (129).jpg,Normal cases,normal,512,512,RGB
C:\Users\Usuario\.cache\kagglehub\datasets\adityamahimkar\iqothnccd-lung-cancer-dataset\versions\2\The IQ-OTHNCCD lung cancer dataset\The IQ-OTHNCCD lung cancer dataset\Normal cases\Normal case (13).jpg,Normal case (13).jpg,Normal cases,normal,512,512,RGB
C:\Users\Usuario\.cache\kagglehub\datasets\adityamahimkar\iqothnccd-lung-cancer-dataset\versions\2\The IQ-OTHNCCD lung cancer dataset\The IQ-OTHNCCD lung cancer dataset\Normal cases\Normal case (130).jpg,Normal case (130).jpg,Normal cases,normal,512,512,RGB
C:\Users\Usuario\.cache\kagglehub\datasets\adityamahimkar\iqothnccd-lung-cancer-dataset\versions\2\The IQ-OTHNCCD lung cancer dataset\The IQ-OTHNCCD lung cancer dataset\Normal cases\Normal case (131).jpg,Normal case (131).jpg,Normal cases,normal,512,512,RGB
C:\Users\Usuario\.cache\kagglehub\datasets\adityamahimkar\iqothnccd-lung-cancer-dataset\versions\2\The IQ-OTHNCCD lung cancer dataset\The IQ-OTHNCCD lung cancer dataset\Normal cases\Normal case (132).jpg,Normal case (132).jpg,Normal cases,normal,512,512,RGB
C:\Users\Usuario\.cache\kagglehub\datasets\adityamahimkar\iqothnccd-lung-cancer-dataset\versions\2\The IQ-OTHNCCD lung cancer dataset\The IQ-OTHNCCD lung cancer dataset\Normal cases\Normal case (133).jpg,Normal case (133).jpg,Normal cases,normal,512,512,RGB
C:\Users\Usuario\.cache\kagglehub\datasets\adityamahimkar\iqothnccd-lung-cancer-dataset\versions\2\The IQ-OTHNCCD lung cancer dataset\The IQ-OTHNCCD lung cancer dataset\Normal cases\Normal case (134).jpg,Normal case (134).jpg,Normal cases,normal,512,512,RGB
C:\Users\Usuario\.cache\kagglehub\datasets\adityamahimkar\iqothnccd-lung-cancer-dataset\versions\2\The IQ-OTHNCCD lung cancer dataset\The IQ-OTHNCCD lung cancer dataset\Normal cases\Normal case (135).jpg,Normal case (135).jpg,Normal cases,normal,512,512,RGB
C:\Users\Usuario\.cache\kagglehub\datasets\adityamahimkar\iqothnccd-lung-cancer-dataset\versions\2\The IQ-OTHNCCD lung cancer dataset\The IQ-OTHNCCD lung cancer dataset\Normal cases\Normal case (136).jpg,Normal case (136).jpg,Normal cases,normal,512,512,RGB
C:\Users\Usuario\.cache\kagglehub\datasets\adityamahimkar\iqothnccd-lung-cancer-dataset\versions\2\The IQ-OTHNCCD lung cancer dataset\The IQ-OTHNCCD lung cancer dataset\Normal cases\Normal case (137).jpg,Normal case (137).jpg,Normal cases,normal,512,512,RGB
C:\Users\Usuario\.cache\kagglehub\datasets\adityamahimkar\iqothnccd-lung-cancer-dataset\versions\2\The IQ-OTHNCCD lung cancer dataset\The IQ-OTHNCCD lung cancer dataset\Normal cases\Normal case (138).jpg,Normal case (138).jpg,Normal cases,normal,512,512,RGB
C:\Users\Usuario\.cache\kagglehub\datasets\adityamahimkar\iqothnccd-lung-cancer-dataset\versions\2\The IQ-OTHNCCD lung cancer dataset\The IQ-OTHNCCD lung cancer dataset\Normal cases\Normal case (139).jpg,Normal case (139).jpg,Normal cases,normal,512,512,RGB
C:\Users\Usuario\.cache\kagglehub\datasets\adityamahimkar\iqothnccd-lung-cancer-dataset\versions\2\The IQ-OTHNCCD lung cancer dataset\The IQ-OTHNCCD lung cancer dataset\Normal cases\Normal case (14).jpg,Normal case (14).jpg,Normal cases,normal,512,512,RGB
C:\Users\Usuario\.cache\kagglehub\datasets\adityamahimkar\iqothnccd-lung-cancer-dataset\versions\2\The IQ-OTHNCCD lung cancer dataset\The IQ-OTHNCCD lung cancer dataset\Normal cases\Normal case (140).jpg,Normal case (140).jpg,Normal cases,normal,512,512,RGB
C:\Users\Usuario\.cache\kagglehub\datasets\adityamahimkar\iqothnccd-lung-cancer-dataset\versions\2\The IQ-OTHNCCD lung cancer dataset\The IQ-OTHNCCD lung cancer dataset\Normal cases\Normal case (141).jpg,Normal case (141).jpg,Normal cases,normal,512,512,RGB
C:\Users\Usuario\.cache\kagglehub\datasets\adityamahimkar\iqothnccd-lung-cancer-dataset\versions\2\The IQ-OTHNCCD lung cancer dataset\The IQ-OTHNCCD lung cancer dataset\Normal cases\Normal case (142).jpg,Normal case (142).jpg,Normal cases,normal,512,512,RGB
C:\Users\Usuario\.cache\kagglehub\datasets\adityamahimkar\iqothnccd-lung-cancer-dataset\versions\2\The IQ-OTHNCCD lung cancer dataset\The IQ-OTHNCCD lung cancer dataset\Normal cases\Normal case (143).jpg,Normal case (143).jpg,Normal cases,normal,512,512,RGB
C:\Users\Usuario\.cache\kagglehub\datasets\adityamahimkar\iqothnccd-lung-cancer-dataset\versions\2\The IQ-OTHNCCD lung cancer dataset\The IQ-OTHNCCD lung cancer dataset\Normal cases\Normal case (144).jpg,Normal case (144).jpg,Normal cases,normal,512,512,RGB
C:\Users\Usuario\.cache\kagglehub\datasets\adityamahimkar\iqothnccd-lung-cancer-dataset\versions\2\The IQ-OTHNCCD lung cancer dataset\The IQ-OTHNCCD lung cancer dataset\Normal cases\Normal case (145).jpg,Normal case (145).jpg,Normal cases,normal,512,512,RGB
C:\Users\Usuario\.cache\kagglehub\datasets\adityamahimkar\iqothnccd-lung-cancer-dataset\versions\2\The IQ-OTHNCCD lung cancer dataset\The IQ-OTHNCCD lung cancer dataset\Normal cases\Normal case (146).jpg,Normal case (146).jpg,Normal cases,normal,512,512,RGB
C:\Users\Usuario\.cache\kagglehub\datasets\adityamahimkar\iqothnccd-lung-cancer-dataset\versions\2\The IQ-OTHNCCD lung cancer dataset\The IQ-OTHNCCD lung cancer dataset\Normal cases\Normal case (147).jpg,Normal case (147).jpg,Normal cases,normal,512,512,RGB
C:\Users\Usuario\.cache\kagglehub\datasets\adityamahimkar\iqothnccd-lung-cancer-dataset\versions\2\The IQ-OTHNCCD lung cancer dataset\The IQ-OTHNCCD lung cancer dataset\Normal cases\Normal case (148).jpg,Normal case (148).jpg,Normal cases,normal,512,512,RGB
C:\Users\Usuario\.cache\kagglehub\datasets\adityamahimkar\iqothnccd-lung-cancer-dataset\versions\2\The IQ-OTHNCCD lung cancer dataset\The IQ-OTHNCCD lung cancer dataset\Normal cases\Normal case (149).jpg,Normal case (149).jpg,Normal cases,normal,512,512,RGB
C:\Users\Usuario\.cache\kagglehub\datasets\adityamahimkar\iqothnccd-lung-cancer-dataset\versions\2\The IQ-OTHNCCD lung cancer dataset\The IQ-OTHNCCD lung cancer dataset\Normal cases\Normal case (15).jpg,Normal case (15).jpg,Normal cases,normal,512,512,RGB
C:\Users\Usuario\.cache\kagglehub\datasets\adityamahimkar\iqothnccd-lung-cancer-dataset\versions\2\The IQ-OTHNCCD lung cancer dataset\The IQ-OTHNCCD lung cancer dataset\Normal cases\Normal case (150).jpg,Normal case (150).jpg,Normal cases,normal,512,512,RGB
C:\Users\Usuario\.cache\kagglehub\datasets\adityamahimkar\iqothnccd-lung-cancer-dataset\versions\2\The IQ-OTHNCCD lung cancer dataset\The IQ-OTHNCCD lung cancer dataset\Normal cases\Normal case (151).jpg,Normal case (151).jpg,Normal cases,normal,512,512,RGB
C:\Users\Usuario\.cache\kagglehub\datasets\adityamahimkar\iqothnccd-lung-cancer-dataset\versions\2\The IQ-OTHNCCD lung cancer dataset\The IQ-OTHNCCD lung cancer dataset\Normal cases\Normal case (152).jpg,Normal case (152).jpg,Normal cases,normal,512,512,RGB
C:\Users\Usuario\.cache\kagglehub\datasets\adityamahimkar\iqothnccd-lung-cancer-dataset\versions\2\The IQ-OTHNCCD lung cancer dataset\The IQ-OTHNCCD lung cancer dataset\Normal cases\Normal case (153).jpg,Normal case (153).jpg,Normal cases,normal,512,512,RGB
C:\Users\Usuario\.cache\kagglehub\datasets\adityamahimkar\iqothnccd-lung-cancer-dataset\versions\2\The IQ-OTHNCCD lung cancer dataset\The IQ-OTHNCCD lung cancer dataset\Normal cases\Normal case (154).jpg,Normal case (154).jpg,Normal cases,normal,512,512,RGB
C:\Users\Usuario\.cache\kagglehub\datasets\adityamahimkar\iqothnccd-lung-cancer-dataset\versions\2\The IQ-OTHNCCD lung cancer dataset\The IQ-OTHNCCD lung cancer dataset\Normal cases\Normal case (155).jpg,Normal case (155).jpg,Normal cases,normal,512,512,RGB
C:\Users\Usuario\.cache\kagglehub\datasets\adityamahimkar\iqothnccd-lung-cancer-dataset\versions\2\The IQ-OTHNCCD lung cancer dataset\The IQ-OTHNCCD lung cancer dataset\Normal cases\Normal case (156).jpg,Normal case (156).jpg,Normal cases,normal,512,512,RGB
C:\Users\Usuario\.cache\kagglehub\datasets\adityamahimkar\iqothnccd-lung-cancer-dataset\versions\2\The IQ-OTHNCCD lung cancer dataset\The IQ-OTHNCCD lung cancer dataset\Normal cases\Normal case (157).jpg,Normal case (157).jpg,Normal cases,normal,512,512,RGB
C:\Users\Usuario\.cache\kagglehub\datasets\adityamahimkar\iqothnccd-lung-cancer-dataset\versions\2\The IQ-OTHNCCD lung cancer dataset\The IQ-OTHNCCD lung cancer dataset\Normal cases\Normal case (158).jpg,Normal case (158).jpg,Normal cases,normal,512,512,RGB
C:\Users\Usuario\.cache\kagglehub\datasets\adityamahimkar\iqothnccd-lung-cancer-dataset\versions\2\The IQ-OTHNCCD lung cancer dataset\The IQ-OTHNCCD lung cancer dataset\Normal cases\Normal case (159).jpg,Normal case (159).jpg,Normal cases,normal,512,512,RGB
C:\Users\Usuario\.cache\kagglehub\datasets\adityamahimkar\iqothnccd-lung-cancer-dataset\versions\2\The IQ-OTHNCCD lung cancer dataset\The IQ-OTHNCCD lung cancer dataset\Normal cases\Normal case (16).jpg,Normal case (16).jpg,Normal cases,normal,512,512,RGB
C:\Users\Usuario\.cache\kagglehub\datasets\adityamahimkar\iqothnccd-lung-cancer-dataset\versions\2\The IQ-OTHNCCD lung cancer dataset\The IQ-OTHNCCD lung cancer dataset\Normal cases\Normal case (160).jpg,Normal case (160).jpg,Normal cases,normal,512,512,RGB
C:\Users\Usuario\.cache\kagglehub\datasets\adityamahimkar\iqothnccd-lung-cancer-dataset\versions\2\The IQ-OTHNCCD lung cancer dataset\The IQ-OTHNCCD lung cancer dataset\Normal cases\Normal case (161).jpg,Normal case (161).jpg,Normal cases,normal,512,512,RGB
C:\Users\Usuario\.cache\kagglehub\datasets\adityamahimkar\iqothnccd-lung-cancer-dataset\versions\2\The IQ-OTHNCCD lung cancer dataset\The IQ-OTHNCCD lung cancer dataset\Normal cases\Normal case (162).jpg,Normal case (162).jpg,Normal cases,normal,512,512,RGB
C:\Users\Usuario\.cache\kagglehub\datasets\adityamahimkar\iqothnccd-lung-cancer-dataset\versions\2\The IQ-OTHNCCD lung cancer dataset\The IQ-OTHNCCD lung cancer dataset\Normal cases\Normal case (163).jpg,Normal case (163).jpg,Normal cases,normal,512,512,RGB
C:\Users\Usuario\.cache\kagglehub\datasets\adityamahimkar\iqothnccd-lung-cancer-dataset\versions\2\The IQ-OTHNCCD lung cancer dataset\The IQ-OTHNCCD lung cancer dataset\Normal cases\Normal case (164).jpg,Normal case (164).jpg,Normal cases,normal,512,512,RGB
C:\Users\Usuario\.cache\kagglehub\datasets\adityamahimkar\iqothnccd-lung-cancer-dataset\versions\2\The IQ-OTHNCCD lung cancer dataset\The IQ-OTHNCCD lung cancer dataset\Normal cases\Normal case (165).jpg,Normal case (165).jpg,Normal cases,normal,512,512,RGB
C:\Users\Usuario\.cache\kagglehub\datasets\adityamahimkar\iqothnccd-lung-cancer-dataset\versions\2\The IQ-OTHNCCD lung cancer dataset\The IQ-OTHNCCD lung cancer dataset\Normal cases\Normal case (166).jpg,Normal case (166).jpg,Normal cases,normal,512,512,RGB
C:\Users\Usuario\.cache\kagglehub\datasets\adityamahimkar\iqothnccd-lung-cancer-dataset\versions\2\The IQ-OTHNCCD lung cancer dataset\The IQ-OTHNCCD lung cancer dataset\Normal cases\Normal case (167).jpg,Normal case (167).jpg,Normal cases,normal,512,512,RGB
C:\Users\Usuario\.cache\kagglehub\datasets\adityamahimkar\iqothnccd-lung-cancer-dataset\versions\2\The IQ-OTHNCCD lung cancer dataset\The IQ-OTHNCCD lung cancer dataset\Normal cases\Normal case (168).jpg,Normal case (168).jpg,Normal cases,normal,512,512,RGB
C:\Users\Usuario\.cache\kagglehub\datasets\adityamahimkar\iqothnccd-lung-cancer-dataset\versions\2\The IQ-OTHNCCD lung cancer dataset\The IQ-OTHNCCD lung cancer dataset\Normal cases\Normal case (169).jpg,Normal case (169).jpg,Normal cases,normal,512,512,RGB
C:\Users\Usuario\.cache\kagglehub\datasets\adityamahimkar\iqothnccd-lung-cancer-dataset\versions\2\The IQ-OTHNCCD lung cancer dataset\The IQ-OTHNCCD lung cancer dataset\Normal cases\Normal case (17).jpg,Normal case (17).jpg,Normal cases,normal,512,512,RGB
C:\Users\Usuario\.cache\kagglehub\datasets\adityamahimkar\iqothnccd-lung-cancer-dataset\versions\2\The IQ-OTHNCCD lung cancer dataset\The IQ-OTHNCCD lung cancer dataset\Normal cases\Normal case (170).jpg,Normal case (170).jpg,Normal cases,normal,512,512,RGB
C:\Users\Usuario\.cache\kagglehub\datasets\adityamahimkar\iqothnccd-lung-cancer-dataset\versions\2\The IQ-OTHNCCD lung cancer dataset\The IQ-OTHNCCD lung cancer dataset\Normal cases\Normal case (171).jpg,Normal case (171).jpg,Normal cases,normal,512,512,RGB
C:\Users\Usuario\.cache\kagglehub\datasets\adityamahimkar\iqothnccd-lung-cancer-dataset\versions\2\The IQ-OTHNCCD lung cancer dataset\The IQ-OTHNCCD lung cancer dataset\Normal cases\Normal case (172).jpg,Normal case (172).jpg,Normal cases,normal,512,512,RGB
C:\Users\Usuario\.cache\kagglehub\datasets\adityamahimkar\iqothnccd-lung-cancer-dataset\versions\2\The IQ-OTHNCCD lung cancer dataset\The IQ-OTHNCCD lung cancer dataset\Normal cases\Normal case (173).jpg,Normal case (173).jpg,Normal cases,normal,512,512,RGB
C:\Users\Usuario\.cache\kagglehub\datasets\adityamahimkar\iqothnccd-lung-cancer-dataset\versions\2\The IQ-OTHNCCD lung cancer dataset\The IQ-OTHNCCD lung cancer dataset\Normal cases\Normal case (174).jpg,Normal case (174).jpg,Normal cases,normal,512,512,RGB
C:\Users\Usuario\.cache\kagglehub\datasets\adityamahimkar\iqothnccd-lung-cancer-dataset\versions\2\The IQ-OTHNCCD lung cancer dataset\The IQ-OTHNCCD lung cancer dataset\Normal cases\Normal case (175).jpg,Normal case (175).jpg,Normal cases,normal,512,512,RGB
C:\Users\Usuario\.cache\kagglehub\datasets\adityamahimkar\iqothnccd-lung-cancer-dataset\versions\2\The IQ-OTHNCCD lung cancer dataset\The IQ-OTHNCCD lung cancer dataset\Normal cases\Normal case (176).jpg,Normal case (176).jpg,Normal cases,normal,512,512,RGB
C:\Users\Usuario\.cache\kagglehub\datasets\adityamahimkar\iqothnccd-lung-cancer-dataset\versions\2\The IQ-OTHNCCD lung cancer dataset\The IQ-OTHNCCD lung cancer dataset\Normal cases\Normal case (177).jpg,Normal case (177).jpg,Normal cases,normal,512,512,RGB
C:\Users\Usuario\.cache\kagglehub\datasets\adityamahimkar\iqothnccd-lung-cancer-dataset\versions\2\The IQ-OTHNCCD lung cancer dataset\The IQ-OTHNCCD lung cancer dataset\Normal cases\Normal case (178).jpg,Normal case (178).jpg,Normal cases,normal,512,512,RGB
C:\Users\Usuario\.cache\kagglehub\datasets\adityamahimkar\iqothnccd-lung-cancer-dataset\versions\2\The IQ-OTHNCCD lung cancer dataset\The IQ-OTHNCCD lung cancer dataset\Normal cases\Normal case (179).jpg,Normal case (179).jpg,Normal cases,normal,512,512,RGB
C:\Users\Usuario\.cache\kagglehub\datasets\adityamahimkar\iqothnccd-lung-cancer-dataset\versions\2\The IQ-OTHNCCD lung cancer dataset\The IQ-OTHNCCD lung cancer dataset\Normal cases\Normal case (18).jpg,Normal case (18).jpg,Normal cases,normal,512,512,RGB
C:\Users\Usuario\.cache\kagglehub\datasets\adityamahimkar\iqothnccd-lung-cancer-dataset\versions\2\The IQ-OTHNCCD lung cancer dataset\The IQ-OTHNCCD lung cancer dataset\Normal cases\Normal case (180).jpg,Normal case (180).jpg,Normal cases,normal,512,512,RGB
C:\Users\Usuario\.cache\kagglehub\datasets\adityamahimkar\iqothnccd-lung-cancer-dataset\versions\2\The IQ-OTHNCCD lung cancer dataset\The IQ-OTHNCCD lung cancer dataset\Normal cases\Normal case (181).jpg,Normal case (181).jpg,Normal cases,normal,512,512,RGB
C:\Users\Usuario\.cache\kagglehub\datasets\adityamahimkar\iqothnccd-lung-cancer-dataset\versions\2\The IQ-OTHNCCD lung cancer dataset\The IQ-OTHNCCD lung cancer dataset\Normal cases\Normal case (182).jpg,Normal case (182).jpg,Normal cases,normal,512,512,RGB
C:\Users\Usuario\.cache\kagglehub\datasets\adityamahimkar\iqothnccd-lung-cancer-dataset\versions\2\The IQ-OTHNCCD lung cancer dataset\The IQ-OTHNCCD lung cancer dataset\Normal cases\Normal case (183).jpg,Normal case (183).jpg,Normal cases,normal,512,512,RGB
C:\Users\Usuario\.cache\kagglehub\datasets\adityamahimkar\iqothnccd-lung-cancer-dataset\versions\2\The IQ-OTHNCCD lung cancer dataset\The IQ-OTHNCCD lung cancer dataset\Normal cases\Normal case (184).jpg,Normal case (184).jpg,Normal cases,normal,512,512,RGB
C:\Users\Usuario\.cache\kagglehub\datasets\adityamahimkar\iqothnccd-lung-cancer-dataset\versions\2\The IQ-OTHNCCD lung cancer dataset\The IQ-OTHNCCD lung cancer dataset\Normal cases\Normal case (185).jpg,Normal case (185).jpg,Normal cases,normal,512,512,RGB
C:\Users\Usuario\.cache\kagglehub\datasets\adityamahimkar\iqothnccd-lung-cancer-dataset\versions\2\The IQ-OTHNCCD lung cancer dataset\The IQ-OTHNCCD lung cancer dataset\Normal cases\Normal case (186).jpg,Normal case (186).jpg,Normal cases,normal,512,512,RGB
C:\Users\Usuario\.cache\kagglehub\datasets\adityamahimkar\iqothnccd-lung-cancer-dataset\versions\2\The IQ-OTHNCCD lung cancer dataset\The IQ-OTHNCCD lung cancer dataset\Normal cases\Normal case (187).jpg,Normal case (187).jpg,Normal cases,normal,512,512,RGB
C:\Users\Usuario\.cache\kagglehub\datasets\adityamahimkar\iqothnccd-lung-cancer-dataset\versions\2\The IQ-OTHNCCD lung cancer dataset\The IQ-OTHNCCD lung cancer dataset\Normal cases\Normal case (188).jpg,Normal case (188).jpg,Normal cases,normal,512,512,RGB
C:\Users\Usuario\.cache\kagglehub\datasets\adityamahimkar\iqothnccd-lung-cancer-dataset\versions\2\The IQ-OTHNCCD lung cancer dataset\The IQ-OTHNCCD lung cancer dataset\Normal cases\Normal case (189).jpg,Normal case (189).jpg,Normal cases,normal,512,512,RGB
C:\Users\Usuario\.cache\kagglehub\datasets\adityamahimkar\iqothnccd-lung-cancer-dataset\versions\2\The IQ-OTHNCCD lung cancer dataset\The IQ-OTHNCCD lung cancer dataset\Normal cases\Normal case (19).jpg,Normal case (19).jpg,Normal cases,normal,512,512,RGB
C:\Users\Usuario\.cache\kagglehub\datasets\adityamahimkar\iqothnccd-lung-cancer-dataset\versions\2\The IQ-OTHNCCD lung cancer dataset\The IQ-OTHNCCD lung cancer dataset\Normal cases\Normal case (190).jpg,Normal case (190).jpg,Normal cases,normal,512,512,RGB
C:\Users\Usuario\.cache\kagglehub\datasets\adityamahimkar\iqothnccd-lung-cancer-dataset\versions\2\The IQ-OTHNCCD lung cancer dataset\The IQ-OTHNCCD lung cancer dataset\Normal cases\Normal case (191).jpg,Normal case (191).jpg,Normal cases,normal,512,512,RGB
C:\Users\Usuario\.cache\kagglehub\datasets\adityamahimkar\iqothnccd-lung-cancer-dataset\versions\2\The IQ-OTHNCCD lung cancer dataset\The IQ-OTHNCCD lung cancer dataset\Normal cases\Normal case (192).jpg,Normal case (192).jpg,Normal cases,normal,512,512,RGB
C:\Users\Usuario\.cache\kagglehub\datasets\adityamahimkar\iqothnccd-lung-cancer-dataset\versions\2\The IQ-OTHNCCD lung cancer dataset\The IQ-OTHNCCD lung cancer dataset\Normal cases\Normal case (193).jpg,Normal case (193).jpg,Normal cases,normal,512,512,RGB
C:\Users\Usuario\.cache\kagglehub\datasets\adityamahimkar\iqothnccd-lung-cancer-dataset\versions\2\The IQ-OTHNCCD lung cancer dataset\The IQ-OTHNCCD lung cancer dataset\Normal cases\Normal case (194).jpg,Normal case (194).jpg,Normal cases,normal,512,512,RGB
C:\Users\Usuario\.cache\kagglehub\datasets\adityamahimkar\iqothnccd-lung-cancer-dataset\versions\2\The IQ-OTHNCCD lung cancer dataset\The IQ-OTHNCCD lung cancer dataset\Normal cases\Normal case (195).jpg,Normal case (195).jpg,Normal cases,normal,512,512,RGB
C:\Users\Usuario\.cache\kagglehub\datasets\adityamahimkar\iqothnccd-lung-cancer-dataset\versions\2\The IQ-OTHNCCD lung cancer dataset\The IQ-OTHNCCD lung cancer dataset\Normal cases\Normal case (196).jpg,Normal case (196).jpg,Normal cases,normal,512,512,RGB
C:\Users\Usuario\.cache\kagglehub\datasets\adityamahimkar\iqothnccd-lung-cancer-dataset\versions\2\The IQ-OTHNCCD lung cancer dataset\The IQ-OTHNCCD lung cancer dataset\Normal cases\Normal case (197).jpg,Normal case (197).jpg,Normal cases,normal,512,512,RGB
C:\Users\Usuario\.cache\kagglehub\datasets\adityamahimkar\iqothnccd-lung-cancer-dataset\versions\2\The IQ-OTHNCCD lung cancer dataset\The IQ-OTHNCCD lung cancer dataset\Normal cases\Normal case (198).jpg,Normal case (198).jpg,Normal cases,normal,512,512,RGB
C:\Users\Usuario\.cache\kagglehub\datasets\adityamahimkar\iqothnccd-lung-cancer-dataset\versions\2\The IQ-OTHNCCD lung cancer dataset\The IQ-OTHNCCD lung cancer dataset\Normal cases\Normal case (199).jpg,Normal case (199).jpg,Normal cases,normal,512,512,RGB
C:\Users\Usuario\.cache\kagglehub\datasets\adityamahimkar\iqothnccd-lung-cancer-dataset\versions\2\The IQ-OTHNCCD lung cancer dataset\The IQ-OTHNCCD lung cancer dataset\Normal cases\Normal case (2).jpg,Normal case (2).jpg,Normal cases,normal,512,512,RGB
C:\Users\Usuario\.cache\kagglehub\datasets\adityamahimkar\iqothnccd-lung-cancer-dataset\versions\2\The IQ-OTHNCCD lung cancer dataset\The IQ-OTHNCCD lung cancer dataset\Normal cases\Normal case (20).jpg,Normal case (20).jpg,Normal cases,normal,512,512,RGB
C:\Users\Usuario\.cache\kagglehub\datasets\adityamahimkar\iqothnccd-lung-cancer-dataset\versions\2\The IQ-OTHNCCD lung cancer dataset\The IQ-OTHNCCD lung cancer dataset\Normal cases\Normal case (200).jpg,Normal case (200).jpg,Normal cases,normal,512,512,RGB
C:\Users\Usuario\.cache\kagglehub\datasets\adityamahimkar\iqothnccd-lung-cancer-dataset\versions\2\The IQ-OTHNCCD lung cancer dataset\The IQ-OTHNCCD lung cancer dataset\Normal cases\Normal case (201).jpg,Normal case (201).jpg,Normal cases,normal,512,512,RGB
C:\Users\Usuario\.cache\kagglehub\datasets\adityamahimkar\iqothnccd-lung-cancer-dataset\versions\2\The IQ-OTHNCCD lung cancer dataset\The IQ-OTHNCCD lung cancer dataset\Normal cases\Normal case (202).jpg,Normal case (202).jpg,Normal cases,normal,512,512,RGB
C:\Users\Usuario\.cache\kagglehub\datasets\adityamahimkar\iqothnccd-lung-cancer-dataset\versions\2\The IQ-OTHNCCD lung cancer dataset\The IQ-OTHNCCD lung cancer dataset\Normal cases\Normal case (203).jpg,Normal case (203).jpg,Normal cases,normal,512,512,RGB
C:\Users\Usuario\.cache\kagglehub\datasets\adityamahimkar\iqothnccd-lung-cancer-dataset\versions\2\The IQ-OTHNCCD lung cancer dataset\The IQ-OTHNCCD lung cancer dataset\Normal cases\Normal case (204).jpg,Normal case (204).jpg,Normal cases,normal,512,512,RGB
C:\Users\Usuario\.cache\kagglehub\datasets\adityamahimkar\iqothnccd-lung-cancer-dataset\versions\2\The IQ-OTHNCCD lung cancer dataset\The IQ-OTHNCCD lung cancer dataset\Normal cases\Normal case (205).jpg,Normal case (205).jpg,Normal cases,normal,512,512,RGB
C:\Users\Usuario\.cache\kagglehub\datasets\adityamahimkar\iqothnccd-lung-cancer-dataset\versions\2\The IQ-OTHNCCD lung cancer dataset\The IQ-OTHNCCD lung cancer dataset\Normal cases\Normal case (206).jpg,Normal case (206).jpg,Normal cases,normal,512,512,RGB
C:\Users\Usuario\.cache\kagglehub\datasets\adityamahimkar\iqothnccd-lung-cancer-dataset\versions\2\The IQ-OTHNCCD lung cancer dataset\The IQ-OTHNCCD lung cancer dataset\Normal cases\Normal case (207).jpg,Normal case (207).jpg,Normal cases,normal,512,512,RGB
C:\Users\Usuario\.cache\kagglehub\datasets\adityamahimkar\iqothnccd-lung-cancer-dataset\versions\2\The IQ-OTHNCCD lung cancer dataset\The IQ-OTHNCCD lung cancer dataset\Normal cases\Normal case (208).jpg,Normal case (208).jpg,Normal cases,normal,512,512,RGB
C:\Users\Usuario\.cache\kagglehub\datasets\adityamahimkar\iqothnccd-lung-cancer-dataset\versions\2\The IQ-OTHNCCD lung cancer dataset\The IQ-OTHNCCD lung cancer dataset\Normal cases\Normal case (209).jpg,Normal case (209).jpg,Normal cases,normal,512,512,RGB
C:\Users\Usuario\.cache\kagglehub\datasets\adityamahimkar\iqothnccd-lung-cancer-dataset\versions\2\The IQ-OTHNCCD lung cancer dataset\The IQ-OTHNCCD lung cancer dataset\Normal cases\Normal case (21).jpg,Normal case (21).jpg,Normal cases,normal,512,512,RGB
C:\Users\Usuario\.cache\kagglehub\datasets\adityamahimkar\iqothnccd-lung-cancer-dataset\versions\2\The IQ-OTHNCCD lung cancer dataset\The IQ-OTHNCCD lung cancer dataset\Normal cases\Normal case (210).jpg,Normal case (210).jpg,Normal cases,normal,512,512,RGB
C:\Users\Usuario\.cache\kagglehub\datasets\adityamahimkar\iqothnccd-lung-cancer-dataset\versions\2\The IQ-OTHNCCD lung cancer dataset\The IQ-OTHNCCD lung cancer dataset\Normal cases\Normal case (211).jpg,Normal case (211).jpg,Normal cases,normal,512,512,RGB
C:\Users\Usuario\.cache\kagglehub\datasets\adityamahimkar\iqothnccd-lung-cancer-dataset\versions\2\The IQ-OTHNCCD lung cancer dataset\The IQ-OTHNCCD lung cancer dataset\Normal cases\Normal case (212).jpg,Normal case (212).jpg,Normal cases,normal,512,512,RGB
C:\Users\Usuario\.cache\kagglehub\datasets\adityamahimkar\iqothnccd-lung-cancer-dataset\versions\2\The IQ-OTHNCCD lung cancer dataset\The IQ-OTHNCCD lung cancer dataset\Normal cases\Normal case (213).jpg,Normal case (213).jpg,Normal cases,normal,512,512,RGB
C:\Users\Usuario\.cache\kagglehub\datasets\adityamahimkar\iqothnccd-lung-cancer-dataset\versions\2\The IQ-OTHNCCD lung cancer dataset\The IQ-OTHNCCD lung cancer dataset\Normal cases\Normal case (214).jpg,Normal case (214).jpg,Normal cases,normal,512,512,RGB
C:\Users\Usuario\.cache\kagglehub\datasets\adityamahimkar\iqothnccd-lung-cancer-dataset\versions\2\The IQ-OTHNCCD lung cancer dataset\The IQ-OTHNCCD lung cancer dataset\Normal cases\Normal case (215).jpg,Normal case (215).jpg,Normal cases,normal,512,512,RGB
C:\Users\Usuario\.cache\kagglehub\datasets\adityamahimkar\iqothnccd-lung-cancer-dataset\versions\2\The IQ-OTHNCCD lung cancer dataset\The IQ-OTHNCCD lung cancer dataset\Normal cases\Normal case (216).jpg,Normal case (216).jpg,Normal cases,normal,512,512,RGB
C:\Users\Usuario\.cache\kagglehub\datasets\adityamahimkar\iqothnccd-lung-cancer-dataset\versions\2\The IQ-OTHNCCD lung cancer dataset\The IQ-OTHNCCD lung cancer dataset\Normal cases\Normal case (217).jpg,Normal case (217).jpg,Normal cases,normal,512,512,RGB
C:\Users\Usuario\.cache\kagglehub\datasets\adityamahimkar\iqothnccd-lung-cancer-dataset\versions\2\The IQ-OTHNCCD lung cancer dataset\The IQ-OTHNCCD lung cancer dataset\Normal cases\Normal case (218).jpg,Normal case (218).jpg,Normal cases,normal,512,512,RGB
C:\Users\Usuario\.cache\kagglehub\datasets\adityamahimkar\iqothnccd-lung-cancer-dataset\versions\2\The IQ-OTHNCCD lung cancer dataset\The IQ-OTHNCCD lung cancer dataset\Normal cases\Normal case (219).jpg,Normal case (219).jpg,Normal cases,normal,512,512,RGB
C:\Users\Usuario\.cache\kagglehub\datasets\adityamahimkar\iqothnccd-lung-cancer-dataset\versions\2\The IQ-OTHNCCD lung cancer dataset\The IQ-OTHNCCD lung cancer dataset\Normal cases\Normal case (22).jpg,Normal case (22).jpg,Normal cases,normal,512,512,RGB
C:\Users\Usuario\.cache\kagglehub\datasets\adityamahimkar\iqothnccd-lung-cancer-dataset\versions\2\The IQ-OTHNCCD lung cancer dataset\The IQ-OTHNCCD lung cancer dataset\Normal cases\Normal case (220).jpg,Normal case (220).jpg,Normal cases,normal,512,512,RGB
C:\Users\Usuario\.cache\kagglehub\datasets\adityamahimkar\iqothnccd-lung-cancer-dataset\versions\2\The IQ-OTHNCCD lung cancer dataset\The IQ-OTHNCCD lung cancer dataset\Normal cases\Normal case (221).jpg,Normal case (221).jpg,Normal cases,normal,512,512,RGB
C:\Users\Usuario\.cache\kagglehub\datasets\adityamahimkar\iqothnccd-lung-cancer-dataset\versions\2\The IQ-OTHNCCD lung cancer dataset\The IQ-OTHNCCD lung cancer dataset\Normal cases\Normal case (222).jpg,Normal case (222).jpg,Normal cases,normal,512,512,RGB
C:\Users\Usuario\.cache\kagglehub\datasets\adityamahimkar\iqothnccd-lung-cancer-dataset\versions\2\The IQ-OTHNCCD lung cancer dataset\The IQ-OTHNCCD lung cancer dataset\Normal cases\Normal case (223).jpg,Normal case (223).jpg,Normal cases,normal,512,512,RGB
C:\Users\Usuario\.cache\kagglehub\datasets\adityamahimkar\iqothnccd-lung-cancer-dataset\versions\2\The IQ-OTHNCCD lung cancer dataset\The IQ-OTHNCCD lung cancer dataset\Normal cases\Normal case (224).jpg,Normal case (224).jpg,Normal cases,normal,512,512,RGB
C:\Users\Usuario\.cache\kagglehub\datasets\adityamahimkar\iqothnccd-lung-cancer-dataset\versions\2\The IQ-OTHNCCD lung cancer dataset\The IQ-OTHNCCD lung cancer dataset\Normal cases\Normal case (225).jpg,Normal case (225).jpg,Normal cases,normal,512,512,RGB
C:\Users\Usuario\.cache\kagglehub\datasets\adityamahimkar\iqothnccd-lung-cancer-dataset\versions\2\The IQ-OTHNCCD lung cancer dataset\The IQ-OTHNCCD lung cancer dataset\Normal cases\Normal case (226).jpg,Normal case (226).jpg,Normal cases,normal,512,512,RGB
C:\Users\Usuario\.cache\kagglehub\datasets\adityamahimkar\iqothnccd-lung-cancer-dataset\versions\2\The IQ-OTHNCCD lung cancer dataset\The IQ-OTHNCCD lung cancer dataset\Normal cases\Normal case (227).jpg,Normal case (227).jpg,Normal cases,normal,512,512,RGB
C:\Users\Usuario\.cache\kagglehub\datasets\adityamahimkar\iqothnccd-lung-cancer-dataset\versions\2\The IQ-OTHNCCD lung cancer dataset\The IQ-OTHNCCD lung cancer dataset\Normal cases\Normal case (228).jpg,Normal case (228).jpg,Normal cases,normal,512,512,RGB
C:\Users\Usuario\.cache\kagglehub\datasets\adityamahimkar\iqothnccd-lung-cancer-dataset\versions\2\The IQ-OTHNCCD lung cancer dataset\The IQ-OTHNCCD lung cancer dataset\Normal cases\Normal case (229).jpg,Normal case (229).jpg,Normal cases,normal,512,512,RGB
C:\Users\Usuario\.cache\kagglehub\datasets\adityamahimkar\iqothnccd-lung-cancer-dataset\versions\2\The IQ-OTHNCCD lung cancer dataset\The IQ-OTHNCCD lung cancer dataset\Normal cases\Normal case (23).jpg,Normal case (23).jpg,Normal cases,normal,512,512,RGB
C:\Users\Usuario\.cache\kagglehub\datasets\adityamahimkar\iqothnccd-lung-cancer-dataset\versions\2\The IQ-OTHNCCD lung cancer dataset\The IQ-OTHNCCD lung cancer dataset\Normal cases\Normal case (230).jpg,Normal case (230).jpg,Normal cases,normal,512,512,RGB
C:\Users\Usuario\.cache\kagglehub\datasets\adityamahimkar\iqothnccd-lung-cancer-dataset\versions\2\The IQ-OTHNCCD lung cancer dataset\The IQ-OTHNCCD lung cancer dataset\Normal cases\Normal case (231).jpg,Normal case (231).jpg,Normal cases,normal,512,512,RGB
C:\Users\Usuario\.cache\kagglehub\datasets\adityamahimkar\iqothnccd-lung-cancer-dataset\versions\2\The IQ-OTHNCCD lung cancer dataset\The IQ-OTHNCCD lung cancer dataset\Normal cases\Normal case (232).jpg,Normal case (232).jpg,Normal cases,normal,512,512,RGB
C:\Users\Usuario\.cache\kagglehub\datasets\adityamahimkar\iqothnccd-lung-cancer-dataset\versions\2\The IQ-OTHNCCD lung cancer dataset\The IQ-OTHNCCD lung cancer dataset\Normal cases\Normal case (233).jpg,Normal case (233).jpg,Normal cases,normal,512,512,RGB
C:\Users\Usuario\.cache\kagglehub\datasets\adityamahimkar\iqothnccd-lung-cancer-dataset\versions\2\The IQ-OTHNCCD lung cancer dataset\The IQ-OTHNCCD lung cancer dataset\Normal cases\Normal case (234).jpg,Normal case (234).jpg,Normal cases,normal,512,512,RGB
C:\Users\Usuario\.cache\kagglehub\datasets\adityamahimkar\iqothnccd-lung-cancer-dataset\versions\2\The IQ-OTHNCCD lung cancer dataset\The IQ-OTHNCCD lung cancer dataset\Normal cases\Normal case (235).jpg,Normal case (235).jpg,Normal cases,normal,512,512,RGB
C:\Users\Usuario\.cache\kagglehub\datasets\adityamahimkar\iqothnccd-lung-cancer-dataset\versions\2\The IQ-OTHNCCD lung cancer dataset\The IQ-OTHNCCD lung cancer dataset\Normal cases\Normal case (236).jpg,Normal case (236).jpg,Normal cases,normal,512,512,RGB
C:\Users\Usuario\.cache\kagglehub\datasets\adityamahimkar\iqothnccd-lung-cancer-dataset\versions\2\The IQ-OTHNCCD lung cancer dataset\The IQ-OTHNCCD lung cancer dataset\Normal cases\Normal case (237).jpg,Normal case (237).jpg,Normal cases,normal,512,512,RGB
C:\Users\Usuario\.cache\kagglehub\datasets\adityamahimkar\iqothnccd-lung-cancer-dataset\versions\2\The IQ-OTHNCCD lung cancer dataset\The IQ-OTHNCCD lung cancer dataset\Normal cases\Normal case (238).jpg,Normal case (238).jpg,Normal cases,normal,512,512,RGB
C:\Users\Usuario\.cache\kagglehub\datasets\adityamahimkar\iqothnccd-lung-cancer-dataset\versions\2\The IQ-OTHNCCD lung cancer dataset\The IQ-OTHNCCD lung cancer dataset\Normal cases\Normal case (239).jpg,Normal case (239).jpg,Normal cases,normal,512,512,RGB
C:\Users\Usuario\.cache\kagglehub\datasets\adityamahimkar\iqothnccd-lung-cancer-dataset\versions\2\The IQ-OTHNCCD lung cancer dataset\The IQ-OTHNCCD lung cancer dataset\Normal cases\Normal case (24).jpg,Normal case (24).jpg,Normal cases,normal,512,512,RGB
C:\Users\Usuario\.cache\kagglehub\datasets\adityamahimkar\iqothnccd-lung-cancer-dataset\versions\2\The IQ-OTHNCCD lung cancer dataset\The IQ-OTHNCCD lung cancer dataset\Normal cases\Normal case (240).jpg,Normal case (240).jpg,Normal cases,normal,512,512,RGB
C:\Users\Usuario\.cache\kagglehub\datasets\adityamahimkar\iqothnccd-lung-cancer-dataset\versions\2\The IQ-OTHNCCD lung cancer dataset\The IQ-OTHNCCD lung cancer dataset\Normal cases\Normal case (241).jpg,Normal case (241).jpg,Normal cases,normal,512,512,RGB
C:\Users\Usuario\.cache\kagglehub\datasets\adityamahimkar\iqothnccd-lung-cancer-dataset\versions\2\The IQ-OTHNCCD lung cancer dataset\The IQ-OTHNCCD lung cancer dataset\Normal cases\Normal case (242).jpg,Normal case (242).jpg,Normal cases,normal,512,512,RGB
C:\Users\Usuario\.cache\kagglehub\datasets\adityamahimkar\iqothnccd-lung-cancer-dataset\versions\2\The IQ-OTHNCCD lung cancer dataset\The IQ-OTHNCCD lung cancer dataset\Normal cases\Normal case (243).jpg,Normal case (243).jpg,Normal cases,normal,512,512,RGB
C:\Users\Usuario\.cache\kagglehub\datasets\adityamahimkar\iqothnccd-lung-cancer-dataset\versions\2\The IQ-OTHNCCD lung cancer dataset\The IQ-OTHNCCD lung cancer dataset\Normal cases\Normal case (244).jpg,Normal case (244).jpg,Normal cases,normal,512,512,RGB
C:\Users\Usuario\.cache\kagglehub\datasets\adityamahimkar\iqothnccd-lung-cancer-dataset\versions\2\The IQ-OTHNCCD lung cancer dataset\The IQ-OTHNCCD lung cancer dataset\Normal cases\Normal case (245).jpg,Normal case (245).jpg,Normal cases,normal,512,512,RGB
C:\Users\Usuario\.cache\kagglehub\datasets\adityamahimkar\iqothnccd-lung-cancer-dataset\versions\2\The IQ-OTHNCCD lung cancer dataset\The IQ-OTHNCCD lung cancer dataset\Normal cases\Normal case (246).jpg,Normal case (246).jpg,Normal cases,normal,512,512,RGB
C:\Users\Usuario\.cache\kagglehub\datasets\adityamahimkar\iqothnccd-lung-cancer-dataset\versions\2\The IQ-OTHNCCD lung cancer dataset\The IQ-OTHNCCD lung cancer dataset\Normal cases\Normal case (247).jpg,Normal case (247).jpg,Normal cases,normal,512,512,RGB
C:\Users\Usuario\.cache\kagglehub\datasets\adityamahimkar\iqothnccd-lung-cancer-dataset\versions\2\The IQ-OTHNCCD lung cancer dataset\The IQ-OTHNCCD lung cancer dataset\Normal cases\Normal case (248).jpg,Normal case (248).jpg,Normal cases,normal,512,512,RGB
C:\Users\Usuario\.cache\kagglehub\datasets\adityamahimkar\iqothnccd-lung-cancer-dataset\versions\2\The IQ-OTHNCCD lung cancer dataset\The IQ-OTHNCCD lung cancer dataset\Normal cases\Normal case (249).jpg,Normal case (249).jpg,Normal cases,normal,512,512,RGB
C:\Users\Usuario\.cache\kagglehub\datasets\adityamahimkar\iqothnccd-lung-cancer-dataset\versions\2\The IQ-OTHNCCD lung cancer dataset\The IQ-OTHNCCD lung cancer dataset\Normal cases\Normal case (25).jpg,Normal case (25).jpg,Normal cases,normal,512,512,RGB
C:\Users\Usuario\.cache\kagglehub\datasets\adityamahimkar\iqothnccd-lung-cancer-dataset\versions\2\The IQ-OTHNCCD lung cancer dataset\The IQ-OTHNCCD lung cancer dataset\Normal cases\Normal case (250).jpg,Normal case (250).jpg,Normal cases,normal,512,512,RGB
C:\Users\Usuario\.cache\kagglehub\datasets\adityamahimkar\iqothnccd-lung-cancer-dataset\versions\2\The IQ-OTHNCCD lung cancer dataset\The IQ-OTHNCCD lung cancer dataset\Normal cases\Normal case (251).jpg,Normal case (251).jpg,Normal cases,normal,512,512,RGB
C:\Users\Usuario\.cache\kagglehub\datasets\adityamahimkar\iqothnccd-lung-cancer-dataset\versions\2\The IQ-OTHNCCD lung cancer dataset\The IQ-OTHNCCD lung cancer dataset\Normal cases\Normal case (252).jpg,Normal case (252).jpg,Normal cases,normal,512,512,RGB
C:\Users\Usuario\.cache\kagglehub\datasets\adityamahimkar\iqothnccd-lung-cancer-dataset\versions\2\The IQ-OTHNCCD lung cancer dataset\The IQ-OTHNCCD lung cancer dataset\Normal cases\Normal case (253).jpg,Normal case (253).jpg,Normal cases,normal,512,512,RGB
C:\Users\Usuario\.cache\kagglehub\datasets\adityamahimkar\iqothnccd-lung-cancer-dataset\versions\2\The IQ-OTHNCCD lung cancer dataset\The IQ-OTHNCCD lung cancer dataset\Normal cases\Normal case (254).jpg,Normal case (254).jpg,Normal cases,normal,512,512,RGB
C:\Users\Usuario\.cache\kagglehub\datasets\adityamahimkar\iqothnccd-lung-cancer-dataset\versions\2\The IQ-OTHNCCD lung cancer dataset\The IQ-OTHNCCD lung cancer dataset\Normal cases\Normal case (255).jpg,Normal case (255).jpg,Normal cases,normal,512,512,RGB
C:\Users\Usuario\.cache\kagglehub\datasets\adityamahimkar\iqothnccd-lung-cancer-dataset\versions\2\The IQ-OTHNCCD lung cancer dataset\The IQ-OTHNCCD lung cancer dataset\Normal cases\Normal case (256).jpg,Normal case (256).jpg,Normal cases,normal,512,512,RGB
C:\Users\Usuario\.cache\kagglehub\datasets\adityamahimkar\iqothnccd-lung-cancer-dataset\versions\2\The IQ-OTHNCCD lung cancer dataset\The IQ-OTHNCCD lung cancer dataset\Normal cases\Normal case (257).jpg,Normal case (257).jpg,Normal cases,normal,512,512,RGB
C:\Users\Usuario\.cache\kagglehub\datasets\adityamahimkar\iqothnccd-lung-cancer-dataset\versions\2\The IQ-OTHNCCD lung cancer dataset\The IQ-OTHNCCD lung cancer dataset\Normal cases\Normal case (258).jpg,Normal case (258).jpg,Normal cases,normal,512,512,RGB
C:\Users\Usuario\.cache\kagglehub\datasets\adityamahimkar\iqothnccd-lung-cancer-dataset\versions\2\The IQ-OTHNCCD lung cancer dataset\The IQ-OTHNCCD lung cancer dataset\Normal cases\Normal case (259).jpg,Normal case (259).jpg,Normal cases,normal,512,512,RGB
C:\Users\Usuario\.cache\kagglehub\datasets\adityamahimkar\iqothnccd-lung-cancer-dataset\versions\2\The IQ-OTHNCCD lung cancer dataset\The IQ-OTHNCCD lung cancer dataset\Normal cases\Normal case (26).jpg,Normal case (26).jpg,Normal cases,normal,512,512,RGB
C:\Users\Usuario\.cache\kagglehub\datasets\adityamahimkar\iqothnccd-lung-cancer-dataset\versions\2\The IQ-OTHNCCD lung cancer dataset\The IQ-OTHNCCD lung cancer dataset\Normal cases\Normal case (260).jpg,Normal case (260).jpg,Normal cases,normal,512,512,RGB
C:\Users\Usuario\.cache\kagglehub\datasets\adityamahimkar\iqothnccd-lung-cancer-dataset\versions\2\The IQ-OTHNCCD lung cancer dataset\The IQ-OTHNCCD lung cancer dataset\Normal cases\Normal case (261).jpg,Normal case (261).jpg,Normal cases,normal,512,512,RGB
C:\Users\Usuario\.cache\kagglehub\datasets\adityamahimkar\iqothnccd-lung-cancer-dataset\versions\2\The IQ-OTHNCCD lung cancer dataset\The IQ-OTHNCCD lung cancer dataset\Normal cases\Normal case (262).jpg,Normal case (262).jpg,Normal cases,normal,512,512,RGB
C:\Users\Usuario\.cache\kagglehub\datasets\adityamahimkar\iqothnccd-lung-cancer-dataset\versions\2\The IQ-OTHNCCD lung cancer dataset\The IQ-OTHNCCD lung cancer dataset\Normal cases\Normal case (263).jpg,Normal case (263).jpg,Normal cases,normal,512,512,RGB
C:\Users\Usuario\.cache\kagglehub\datasets\adityamahimkar\iqothnccd-lung-cancer-dataset\versions\2\The IQ-OTHNCCD lung cancer dataset\The IQ-OTHNCCD lung cancer dataset\Normal cases\Normal case (264).jpg,Normal case (264).jpg,Normal cases,normal,512,512,RGB
C:\Users\Usuario\.cache\kagglehub\datasets\adityamahimkar\iqothnccd-lung-cancer-dataset\versions\2\The IQ-OTHNCCD lung cancer dataset\The IQ-OTHNCCD lung cancer dataset\Normal cases\Normal case (265).jpg,Normal case (265).jpg,Normal cases,normal,512,512,RGB
C:\Users\Usuario\.cache\kagglehub\datasets\adityamahimkar\iqothnccd-lung-cancer-dataset\versions\2\The IQ-OTHNCCD lung cancer dataset\The IQ-OTHNCCD lung cancer dataset\Normal cases\Normal case (266).jpg,Normal case (266).jpg,Normal cases,normal,512,512,RGB
C:\Users\Usuario\.cache\kagglehub\datasets\adityamahimkar\iqothnccd-lung-cancer-dataset\versions\2\The IQ-OTHNCCD lung cancer dataset\The IQ-OTHNCCD lung cancer dataset\Normal cases\Normal case (267).jpg,Normal case (267).jpg,Normal cases,normal,512,512,RGB
C:\Users\Usuario\.cache\kagglehub\datasets\adityamahimkar\iqothnccd-lung-cancer-dataset\versions\2\The IQ-OTHNCCD lung cancer dataset\The IQ-OTHNCCD lung cancer dataset\Normal cases\Normal case (268).jpg,Normal case (268).jpg,Normal cases,normal,512,512,RGB
C:\Users\Usuario\.cache\kagglehub\datasets\adityamahimkar\iqothnccd-lung-cancer-dataset\versions\2\The IQ-OTHNCCD lung cancer dataset\The IQ-OTHNCCD lung cancer dataset\Normal cases\Normal case (269).jpg,Normal case (269).jpg,Normal cases,normal,512,512,RGB
C:\Users\Usuario\.cache\kagglehub\datasets\adityamahimkar\iqothnccd-lung-cancer-dataset\versions\2\The IQ-OTHNCCD lung cancer dataset\The IQ-OTHNCCD lung cancer dataset\Normal cases\Normal case (27).jpg,Normal case (27).jpg,Normal cases,normal,512,512,RGB
C:\Users\Usuario\.cache\kagglehub\datasets\adityamahimkar\iqothnccd-lung-cancer-dataset\versions\2\The IQ-OTHNCCD lung cancer dataset\The IQ-OTHNCCD lung cancer dataset\Normal cases\Normal case (270).jpg,Normal case (270).jpg,Normal cases,normal,512,512,RGB
C:\Users\Usuario\.cache\kagglehub\datasets\adityamahimkar\iqothnccd-lung-cancer-dataset\versions\2\The IQ-OTHNCCD lung cancer dataset\The IQ-OTHNCCD lung cancer dataset\Normal cases\Normal case (271).jpg,Normal case (271).jpg,Normal cases,normal,512,512,RGB
C:\Users\Usuario\.cache\kagglehub\datasets\adityamahimkar\iqothnccd-lung-cancer-dataset\versions\2\The IQ-OTHNCCD lung cancer dataset\The IQ-OTHNCCD lung cancer dataset\Normal cases\Normal case (272).jpg,Normal case (272).jpg,Normal cases,normal,512,512,RGB
C:\Users\Usuario\.cache\kagglehub\datasets\adityamahimkar\iqothnccd-lung-cancer-dataset\versions\2\The IQ-OTHNCCD lung cancer dataset\The IQ-OTHNCCD lung cancer dataset\Normal cases\Normal case (273).jpg,Normal case (273).jpg,Normal cases,normal,512,512,RGB
C:\Users\Usuario\.cache\kagglehub\datasets\adityamahimkar\iqothnccd-lung-cancer-dataset\versions\2\The IQ-OTHNCCD lung cancer dataset\The IQ-OTHNCCD lung cancer dataset\Normal cases\Normal case (274).jpg,Normal case (274).jpg,Normal cases,normal,512,512,RGB
C:\Users\Usuario\.cache\kagglehub\datasets\adityamahimkar\iqothnccd-lung-cancer-dataset\versions\2\The IQ-OTHNCCD lung cancer dataset\The IQ-OTHNCCD lung cancer dataset\Normal cases\Normal case (275).jpg,Normal case (275).jpg,Normal cases,normal,512,512,RGB
C:\Users\Usuario\.cache\kagglehub\datasets\adityamahimkar\iqothnccd-lung-cancer-dataset\versions\2\The IQ-OTHNCCD lung cancer dataset\The IQ-OTHNCCD lung cancer dataset\Normal cases\Normal case (276).jpg,Normal case (276).jpg,Normal cases,normal,512,512,RGB
C:\Users\Usuario\.cache\kagglehub\datasets\adityamahimkar\iqothnccd-lung-cancer-dataset\versions\2\The IQ-OTHNCCD lung cancer dataset\The IQ-OTHNCCD lung cancer dataset\Normal cases\Normal case (277).jpg,Normal case (277).jpg,Normal cases,normal,512,512,RGB
C:\Users\Usuario\.cache\kagglehub\datasets\adityamahimkar\iqothnccd-lung-cancer-dataset\versions\2\The IQ-OTHNCCD lung cancer dataset\The IQ-OTHNCCD lung cancer dataset\Normal cases\Normal case (278).jpg,Normal case (278).jpg,Normal cases,normal,512,512,RGB
C:\Users\Usuario\.cache\kagglehub\datasets\adityamahimkar\iqothnccd-lung-cancer-dataset\versions\2\The IQ-OTHNCCD lung cancer dataset\The IQ-OTHNCCD lung cancer dataset\Normal cases\Normal case (279).jpg,Normal case (279).jpg,Normal cases,normal,512,512,RGB
C:\Users\Usuario\.cache\kagglehub\datasets\adityamahimkar\iqothnccd-lung-cancer-dataset\versions\2\The IQ-OTHNCCD lung cancer dataset\The IQ-OTHNCCD lung cancer dataset\Normal cases\Normal case (28).jpg,Normal case (28).jpg,Normal cases,normal,512,512,RGB
C:\Users\Usuario\.cache\kagglehub\datasets\adityamahimkar\iqothnccd-lung-cancer-dataset\versions\2\The IQ-OTHNCCD lung cancer dataset\The IQ-OTHNCCD lung cancer dataset\Normal cases\Normal case (280).jpg,Normal case (280).jpg,Normal cases,normal,512,512,RGB
C:\Users\Usuario\.cache\kagglehub\datasets\adityamahimkar\iqothnccd-lung-cancer-dataset\versions\2\The IQ-OTHNCCD lung cancer dataset\The IQ-OTHNCCD lung cancer dataset\Normal cases\Normal case (281).jpg,Normal case (281).jpg,Normal cases,normal,512,512,RGB
C:\Users\Usuario\.cache\kagglehub\datasets\adityamahimkar\iqothnccd-lung-cancer-dataset\versions\2\The IQ-OTHNCCD lung cancer dataset\The IQ-OTHNCCD lung cancer dataset\Normal cases\Normal case (282).jpg,Normal case (282).jpg,Normal cases,normal,512,512,RGB
C:\Users\Usuario\.cache\kagglehub\datasets\adityamahimkar\iqothnccd-lung-cancer-dataset\versions\2\The IQ-OTHNCCD lung cancer dataset\The IQ-OTHNCCD lung cancer dataset\Normal cases\Normal case (283).jpg,Normal case (283).jpg,Normal cases,normal,512,512,RGB
C:\Users\Usuario\.cache\kagglehub\datasets\adityamahimkar\iqothnccd-lung-cancer-dataset\versions\2\The IQ-OTHNCCD lung cancer dataset\The IQ-OTHNCCD lung cancer dataset\Normal cases\Normal case (284).jpg,Normal case (284).jpg,Normal cases,normal,512,512,RGB
C:\Users\Usuario\.cache\kagglehub\datasets\adityamahimkar\iqothnccd-lung-cancer-dataset\versions\2\The IQ-OTHNCCD lung cancer dataset\The IQ-OTHNCCD lung cancer dataset\Normal cases\Normal case (285).jpg,Normal case (285).jpg,Normal cases,normal,512,512,RGB
C:\Users\Usuario\.cache\kagglehub\datasets\adityamahimkar\iqothnccd-lung-cancer-dataset\versions\2\The IQ-OTHNCCD lung cancer dataset\The IQ-OTHNCCD lung cancer dataset\Normal cases\Normal case (286).jpg,Normal case (286).jpg,Normal cases,normal,512,512,RGB
C:\Users\Usuario\.cache\kagglehub\datasets\adityamahimkar\iqothnccd-lung-cancer-dataset\versions\2\The IQ-OTHNCCD lung cancer dataset\The IQ-OTHNCCD lung cancer dataset\Normal cases\Normal case (287).jpg,Normal case (287).jpg,Normal cases,normal,512,512,RGB
C:\Users\Usuario\.cache\kagglehub\datasets\adityamahimkar\iqothnccd-lung-cancer-dataset\versions\2\The IQ-OTHNCCD lung cancer dataset\The IQ-OTHNCCD lung cancer dataset\Normal cases\Normal case (288).jpg,Normal case (288).jpg,Normal cases,normal,512,512,RGB
C:\Users\Usuario\.cache\kagglehub\datasets\adityamahimkar\iqothnccd-lung-cancer-dataset\versions\2\The IQ-OTHNCCD lung cancer dataset\The IQ-OTHNCCD lung cancer dataset\Normal cases\Normal case (289).jpg,Normal case (289).jpg,Normal cases,normal,512,512,RGB
C:\Users\Usuario\.cache\kagglehub\datasets\adityamahimkar\iqothnccd-lung-cancer-dataset\versions\2\The IQ-OTHNCCD lung cancer dataset\The IQ-OTHNCCD lung cancer dataset\Normal cases\Normal case (29).jpg,Normal case (29).jpg,Normal cases,normal,512,512,RGB
C:\Users\Usuario\.cache\kagglehub\datasets\adityamahimkar\iqothnccd-lung-cancer-dataset\versions\2\The IQ-OTHNCCD lung cancer dataset\The IQ-OTHNCCD lung cancer dataset\Normal cases\Normal case (290).jpg,Normal case (290).jpg,Normal cases,normal,512,512,RGB
C:\Users\Usuario\.cache\kagglehub\datasets\adityamahimkar\iqothnccd-lung-cancer-dataset\versions\2\The IQ-OTHNCCD lung cancer dataset\The IQ-OTHNCCD lung cancer dataset\Normal cases\Normal case (291).jpg,Normal case (291).jpg,Normal cases,normal,512,512,RGB
C:\Users\Usuario\.cache\kagglehub\datasets\adityamahimkar\iqothnccd-lung-cancer-dataset\versions\2\The IQ-OTHNCCD lung cancer dataset\The IQ-OTHNCCD lung cancer dataset\Normal cases\Normal case (292).jpg,Normal case (292).jpg,Normal cases,normal,512,512,RGB
C:\Users\Usuario\.cache\kagglehub\datasets\adityamahimkar\iqothnccd-lung-cancer-dataset\versions\2\The IQ-OTHNCCD lung cancer dataset\The IQ-OTHNCCD lung cancer dataset\Normal cases\Normal case (293).jpg,Normal case (293).jpg,Normal cases,normal,512,512,RGB
C:\Users\Usuario\.cache\kagglehub\datasets\adityamahimkar\iqothnccd-lung-cancer-dataset\versions\2\The IQ-OTHNCCD lung cancer dataset\The IQ-OTHNCCD lung cancer dataset\Normal cases\Normal case (294).jpg,Normal case (294).jpg,Normal cases,normal,512,512,RGB
C:\Users\Usuario\.cache\kagglehub\datasets\adityamahimkar\iqothnccd-lung-cancer-dataset\versions\2\The IQ-OTHNCCD lung cancer dataset\The IQ-OTHNCCD lung cancer dataset\Normal cases\Normal case (295).jpg,Normal case (295).jpg,Normal cases,normal,512,512,RGB
C:\Users\Usuario\.cache\kagglehub\datasets\adityamahimkar\iqothnccd-lung-cancer-dataset\versions\2\The IQ-OTHNCCD lung cancer dataset\The IQ-OTHNCCD lung cancer dataset\Normal cases\Normal case (296).jpg,Normal case (296).jpg,Normal cases,normal,512,512,RGB
C:\Users\Usuario\.cache\kagglehub\datasets\adityamahimkar\iqothnccd-lung-cancer-dataset\versions\2\The IQ-OTHNCCD lung cancer dataset\The IQ-OTHNCCD lung cancer dataset\Normal cases\Normal case (297).jpg,Normal case (297).jpg,Normal cases,normal,512,512,RGB
C:\Users\Usuario\.cache\kagglehub\datasets\adityamahimkar\iqothnccd-lung-cancer-dataset\versions\2\The IQ-OTHNCCD lung cancer dataset\The IQ-OTHNCCD lung cancer dataset\Normal cases\Normal case (298).jpg,Normal case (298).jpg,Normal cases,normal,512,512,RGB
C:\Users\Usuario\.cache\kagglehub\datasets\adityamahimkar\iqothnccd-lung-cancer-dataset\versions\2\The IQ-OTHNCCD lung cancer dataset\The IQ-OTHNCCD lung cancer dataset\Normal cases\Normal case (299).jpg,Normal case (299).jpg,Normal cases,normal,512,512,RGB
C:\Users\Usuario\.cache\kagglehub\datasets\adityamahimkar\iqothnccd-lung-cancer-dataset\versions\2\The IQ-OTHNCCD lung cancer dataset\The IQ-OTHNCCD lung cancer dataset\Normal cases\Normal case (3).jpg,Normal case (3).jpg,Normal cases,normal,512,512,RGB
C:\Users\Usuario\.cache\kagglehub\datasets\adityamahimkar\iqothnccd-lung-cancer-dataset\versions\2\The IQ-OTHNCCD lung cancer dataset\The IQ-OTHNCCD lung cancer dataset\Normal cases\Normal case (30).jpg,Normal case (30).jpg,Normal cases,normal,512,512,RGB
C:\Users\Usuario\.cache\kagglehub\datasets\adityamahimkar\iqothnccd-lung-cancer-dataset\versions\2\The IQ-OTHNCCD lung cancer dataset\The IQ-OTHNCCD lung cancer dataset\Normal cases\Normal case (300).jpg,Normal case (300).jpg,Normal cases,normal,512,512,RGB
C:\Users\Usuario\.cache\kagglehub\datasets\adityamahimkar\iqothnccd-lung-cancer-dataset\versions\2\The IQ-OTHNCCD lung cancer dataset\The IQ-OTHNCCD lung cancer dataset\Normal cases\Normal case (301).jpg,Normal case (301).jpg,Normal cases,normal,512,512,RGB
C:\Users\Usuario\.cache\kagglehub\datasets\adityamahimkar\iqothnccd-lung-cancer-dataset\versions\2\The IQ-OTHNCCD lung cancer dataset\The IQ-OTHNCCD lung cancer dataset\Normal cases\Normal case (302).jpg,Normal case (302).jpg,Normal cases,normal,512,512,RGB
C:\Users\Usuario\.cache\kagglehub\datasets\adityamahimkar\iqothnccd-lung-cancer-dataset\versions\2\The IQ-OTHNCCD lung cancer dataset\The IQ-OTHNCCD lung cancer dataset\Normal cases\Normal case (303).jpg,Normal case (303).jpg,Normal cases,normal,512,512,RGB
C:\Users\Usuario\.cache\kagglehub\datasets\adityamahimkar\iqothnccd-lung-cancer-dataset\versions\2\The IQ-OTHNCCD lung cancer dataset\The IQ-OTHNCCD lung cancer dataset\Normal cases\Normal case (304).jpg,Normal case (304).jpg,Normal cases,normal,512,512,RGB
C:\Users\Usuario\.cache\kagglehub\datasets\adityamahimkar\iqothnccd-lung-cancer-dataset\versions\2\The IQ-OTHNCCD lung cancer dataset\The IQ-OTHNCCD lung cancer dataset\Normal cases\Normal case (305).jpg,Normal case (305).jpg,Normal cases,normal,512,512,RGB
C:\Users\Usuario\.cache\kagglehub\datasets\adityamahimkar\iqothnccd-lung-cancer-dataset\versions\2\The IQ-OTHNCCD lung cancer dataset\The IQ-OTHNCCD lung cancer dataset\Normal cases\Normal case (306).jpg,Normal case (306).jpg,Normal cases,normal,512,512,RGB
C:\Users\Usuario\.cache\kagglehub\datasets\adityamahimkar\iqothnccd-lung-cancer-dataset\versions\2\The IQ-OTHNCCD lung cancer dataset\The IQ-OTHNCCD lung cancer dataset\Normal cases\Normal case (307).jpg,Normal case (307).jpg,Normal cases,normal,512,512,RGB
C:\Users\Usuario\.cache\kagglehub\datasets\adityamahimkar\iqothnccd-lung-cancer-dataset\versions\2\The IQ-OTHNCCD lung cancer dataset\The IQ-OTHNCCD lung cancer dataset\Normal cases\Normal case (308).jpg,Normal case (308).jpg,Normal cases,normal,512,512,RGB
C:\Users\Usuario\.cache\kagglehub\datasets\adityamahimkar\iqothnccd-lung-cancer-dataset\versions\2\The IQ-OTHNCCD lung cancer dataset\The IQ-OTHNCCD lung cancer dataset\Normal cases\Normal case (309).jpg,Normal case (309).jpg,Normal cases,normal,512,512,RGB
C:\Users\Usuario\.cache\kagglehub\datasets\adityamahimkar\iqothnccd-lung-cancer-dataset\versions\2\The IQ-OTHNCCD lung cancer dataset\The IQ-OTHNCCD lung cancer dataset\Normal cases\Normal case (31).jpg,Normal case (31).jpg,Normal cases,normal,512,512,RGB
C:\Users\Usuario\.cache\kagglehub\datasets\adityamahimkar\iqothnccd-lung-cancer-dataset\versions\2\The IQ-OTHNCCD lung cancer dataset\The IQ-OTHNCCD lung cancer dataset\Normal cases\Normal case (310).jpg,Normal case (310).jpg,Normal cases,normal,512,512,RGB
C:\Users\Usuario\.cache\kagglehub\datasets\adityamahimkar\iqothnccd-lung-cancer-dataset\versions\2\The IQ-OTHNCCD lung cancer dataset\The IQ-OTHNCCD lung cancer dataset\Normal cases\Normal case (311).jpg,Normal case (311).jpg,Normal cases,normal,512,512,RGB
C:\Users\Usuario\.cache\kagglehub\datasets\adityamahimkar\iqothnccd-lung-cancer-dataset\versions\2\The IQ-OTHNCCD lung cancer dataset\The IQ-OTHNCCD lung cancer dataset\Normal cases\Normal case (312).jpg,Normal case (312).jpg,Normal cases,normal,512,512,RGB
C:\Users\Usuario\.cache\kagglehub\datasets\adityamahimkar\iqothnccd-lung-cancer-dataset\versions\2\The IQ-OTHNCCD lung cancer dataset\The IQ-OTHNCCD lung cancer dataset\Normal cases\Normal case (313).jpg,Normal case (313).jpg,Normal cases,normal,512,512,RGB
C:\Users\Usuario\.cache\kagglehub\datasets\adityamahimkar\iqothnccd-lung-cancer-dataset\versions\2\The IQ-OTHNCCD lung cancer dataset\The IQ-OTHNCCD lung cancer dataset\Normal cases\Normal case (314).jpg,Normal case (314).jpg,Normal cases,normal,512,512,RGB
C:\Users\Usuario\.cache\kagglehub\datasets\adityamahimkar\iqothnccd-lung-cancer-dataset\versions\2\The IQ-OTHNCCD lung cancer dataset\The IQ-OTHNCCD lung cancer dataset\Normal cases\Normal case (315).jpg,Normal case (315).jpg,Normal cases,normal,512,512,RGB
C:\Users\Usuario\.cache\kagglehub\datasets\adityamahimkar\iqothnccd-lung-cancer-dataset\versions\2\The IQ-OTHNCCD lung cancer dataset\The IQ-OTHNCCD lung cancer dataset\Normal cases\Normal case (316).jpg,Normal case (316).jpg,Normal cases,normal,512,512,RGB
C:\Users\Usuario\.cache\kagglehub\datasets\adityamahimkar\iqothnccd-lung-cancer-dataset\versions\2\The IQ-OTHNCCD lung cancer dataset\The IQ-OTHNCCD lung cancer dataset\Normal cases\Normal case (317).jpg,Normal case (317).jpg,Normal cases,normal,512,512,RGB
C:\Users\Usuario\.cache\kagglehub\datasets\adityamahimkar\iqothnccd-lung-cancer-dataset\versions\2\The IQ-OTHNCCD lung cancer dataset\The IQ-OTHNCCD lung cancer dataset\Normal cases\Normal case (318).jpg,Normal case (318).jpg,Normal cases,normal,512,512,RGB
C:\Users\Usuario\.cache\kagglehub\datasets\adityamahimkar\iqothnccd-lung-cancer-dataset\versions\2\The IQ-OTHNCCD lung cancer dataset\The IQ-OTHNCCD lung cancer dataset\Normal cases\Normal case (319).jpg,Normal case (319).jpg,Normal cases,normal,512,512,RGB
C:\Users\Usuario\.cache\kagglehub\datasets\adityamahimkar\iqothnccd-lung-cancer-dataset\versions\2\The IQ-OTHNCCD lung cancer dataset\The IQ-OTHNCCD lung cancer dataset\Normal cases\Normal case (32).jpg,Normal case (32).jpg,Normal cases,normal,512,512,RGB
C:\Users\Usuario\.cache\kagglehub\datasets\adityamahimkar\iqothnccd-lung-cancer-dataset\versions\2\The IQ-OTHNCCD lung cancer dataset\The IQ-OTHNCCD lung cancer dataset\Normal cases\Normal case (320).jpg,Normal case (320).jpg,Normal cases,normal,512,512,RGB
C:\Users\Usuario\.cache\kagglehub\datasets\adityamahimkar\iqothnccd-lung-cancer-dataset\versions\2\The IQ-OTHNCCD lung cancer dataset\The IQ-OTHNCCD lung cancer dataset\Normal cases\Normal case (321).jpg,Normal case (321).jpg,Normal cases,normal,512,512,RGB
C:\Users\Usuario\.cache\kagglehub\datasets\adityamahimkar\iqothnccd-lung-cancer-dataset\versions\2\The IQ-OTHNCCD lung cancer dataset\The IQ-OTHNCCD lung cancer dataset\Normal cases\Normal case (322).jpg,Normal case (322).jpg,Normal cases,normal,512,512,RGB
C:\Users\Usuario\.cache\kagglehub\datasets\adityamahimkar\iqothnccd-lung-cancer-dataset\versions\2\The IQ-OTHNCCD lung cancer dataset\The IQ-OTHNCCD lung cancer dataset\Normal cases\Normal case (323).jpg,Normal case (323).jpg,Normal cases,normal,512,512,RGB
C:\Users\Usuario\.cache\kagglehub\datasets\adityamahimkar\iqothnccd-lung-cancer-dataset\versions\2\The IQ-OTHNCCD lung cancer dataset\The IQ-OTHNCCD lung cancer dataset\Normal cases\Normal case (324).jpg,Normal case (324).jpg,Normal cases,normal,512,512,RGB
C:\Users\Usuario\.cache\kagglehub\datasets\adityamahimkar\iqothnccd-lung-cancer-dataset\versions\2\The IQ-OTHNCCD lung cancer dataset\The IQ-OTHNCCD lung cancer dataset\Normal cases\Normal case (325).jpg,Normal case (325).jpg,Normal cases,normal,512,512,RGB
C:\Users\Usuario\.cache\kagglehub\datasets\adityamahimkar\iqothnccd-lung-cancer-dataset\versions\2\The IQ-OTHNCCD lung cancer dataset\The IQ-OTHNCCD lung cancer dataset\Normal cases\Normal case (326).jpg,Normal case (326).jpg,Normal cases,normal,512,512,RGB
C:\Users\Usuario\.cache\kagglehub\datasets\adityamahimkar\iqothnccd-lung-cancer-dataset\versions\2\The IQ-OTHNCCD lung cancer dataset\The IQ-OTHNCCD lung cancer dataset\Normal cases\Normal case (327).jpg,Normal case (327).jpg,Normal cases,normal,512,512,RGB
C:\Users\Usuario\.cache\kagglehub\datasets\adityamahimkar\iqothnccd-lung-cancer-dataset\versions\2\The IQ-OTHNCCD lung cancer dataset\The IQ-OTHNCCD lung cancer dataset\Normal cases\Normal case (328).jpg,Normal case (328).jpg,Normal cases,normal,512,512,RGB
C:\Users\Usuario\.cache\kagglehub\datasets\adityamahimkar\iqothnccd-lung-cancer-dataset\versions\2\The IQ-OTHNCCD lung cancer dataset\The IQ-OTHNCCD lung cancer dataset\Normal cases\Normal case (329).jpg,Normal case (329).jpg,Normal cases,normal,512,512,RGB
C:\Users\Usuario\.cache\kagglehub\datasets\adityamahimkar\iqothnccd-lung-cancer-dataset\versions\2\The IQ-OTHNCCD lung cancer dataset\The IQ-OTHNCCD lung cancer dataset\Normal cases\Normal case (33).jpg,Normal case (33).jpg,Normal cases,normal,512,512,RGB
C:\Users\Usuario\.cache\kagglehub\datasets\adityamahimkar\iqothnccd-lung-cancer-dataset\versions\2\The IQ-OTHNCCD lung cancer dataset\The IQ-OTHNCCD lung cancer dataset\Normal cases\Normal case (330).jpg,Normal case (330).jpg,Normal cases,normal,512,512,RGB
C:\Users\Usuario\.cache\kagglehub\datasets\adityamahimkar\iqothnccd-lung-cancer-dataset\versions\2\The IQ-OTHNCCD lung cancer dataset\The IQ-OTHNCCD lung cancer dataset\Normal cases\Normal case (331).jpg,Normal case (331).jpg,Normal cases,normal,512,512,RGB
C:\Users\Usuario\.cache\kagglehub\datasets\adityamahimkar\iqothnccd-lung-cancer-dataset\versions\2\The IQ-OTHNCCD lung cancer dataset\The IQ-OTHNCCD lung cancer dataset\Normal cases\Normal case (332).jpg,Normal case (332).jpg,Normal cases,normal,512,512,RGB
C:\Users\Usuario\.cache\kagglehub\datasets\adityamahimkar\iqothnccd-lung-cancer-dataset\versions\2\The IQ-OTHNCCD lung cancer dataset\The IQ-OTHNCCD lung cancer dataset\Normal cases\Normal case (333).jpg,Normal case (333).jpg,Normal cases,normal,512,512,RGB
C:\Users\Usuario\.cache\kagglehub\datasets\adityamahimkar\iqothnccd-lung-cancer-dataset\versions\2\The IQ-OTHNCCD lung cancer dataset\The IQ-OTHNCCD lung cancer dataset\Normal cases\Normal case (334).jpg,Normal case (334).jpg,Normal cases,normal,512,512,RGB
C:\Users\Usuario\.cache\kagglehub\datasets\adityamahimkar\iqothnccd-lung-cancer-dataset\versions\2\The IQ-OTHNCCD lung cancer dataset\The IQ-OTHNCCD lung cancer dataset\Normal cases\Normal case (335).jpg,Normal case (335).jpg,Normal cases,normal,512,512,RGB
C:\Users\Usuario\.cache\kagglehub\datasets\adityamahimkar\iqothnccd-lung-cancer-dataset\versions\2\The IQ-OTHNCCD lung cancer dataset\The IQ-OTHNCCD lung cancer dataset\Normal cases\Normal case (336).jpg,Normal case (336).jpg,Normal cases,normal,512,512,RGB
C:\Users\Usuario\.cache\kagglehub\datasets\adityamahimkar\iqothnccd-lung-cancer-dataset\versions\2\The IQ-OTHNCCD lung cancer dataset\The IQ-OTHNCCD lung cancer dataset\Normal cases\Normal case (337).jpg,Normal case (337).jpg,Normal cases,normal,512,512,RGB
C:\Users\Usuario\.cache\kagglehub\datasets\adityamahimkar\iqothnccd-lung-cancer-dataset\versions\2\The IQ-OTHNCCD lung cancer dataset\The IQ-OTHNCCD lung cancer dataset\Normal cases\Normal case (338).jpg,Normal case (338).jpg,Normal cases,normal,512,512,RGB
C:\Users\Usuario\.cache\kagglehub\datasets\adityamahimkar\iqothnccd-lung-cancer-dataset\versions\2\The IQ-OTHNCCD lung cancer dataset\The IQ-OTHNCCD lung cancer dataset\Normal cases\Normal case (339).jpg,Normal case (339).jpg,Normal cases,normal,512,512,RGB
C:\Users\Usuario\.cache\kagglehub\datasets\adityamahimkar\iqothnccd-lung-cancer-dataset\versions\2\The IQ-OTHNCCD lung cancer dataset\The IQ-OTHNCCD lung cancer dataset\Normal cases\Normal case (34).jpg,Normal case (34).jpg,Normal cases,normal,512,512,RGB
C:\Users\Usuario\.cache\kagglehub\datasets\adityamahimkar\iqothnccd-lung-cancer-dataset\versions\2\The IQ-OTHNCCD lung cancer dataset\The IQ-OTHNCCD lung cancer dataset\Normal cases\Normal case (340).jpg,Normal case (340).jpg,Normal cases,normal,512,512,RGB
C:\Users\Usuario\.cache\kagglehub\datasets\adityamahimkar\iqothnccd-lung-cancer-dataset\versions\2\The IQ-OTHNCCD lung cancer dataset\The IQ-OTHNCCD lung cancer dataset\Normal cases\Normal case (341).jpg,Normal case (341).jpg,Normal cases,normal,512,512,RGB
C:\Users\Usuario\.cache\kagglehub\datasets\adityamahimkar\iqothnccd-lung-cancer-dataset\versions\2\The IQ-OTHNCCD lung cancer dataset\The IQ-OTHNCCD lung cancer dataset\Normal cases\Normal case (342).jpg,Normal case (342).jpg,Normal cases,normal,512,512,RGB
C:\Users\Usuario\.cache\kagglehub\datasets\adityamahimkar\iqothnccd-lung-cancer-dataset\versions\2\The IQ-OTHNCCD lung cancer dataset\The IQ-OTHNCCD lung cancer dataset\Normal cases\Normal case (343).jpg,Normal case (343).jpg,Normal cases,normal,512,512,RGB
C:\Users\Usuario\.cache\kagglehub\datasets\adityamahimkar\iqothnccd-lung-cancer-dataset\versions\2\The IQ-OTHNCCD lung cancer dataset\The IQ-OTHNCCD lung cancer dataset\Normal cases\Normal case (344).jpg,Normal case (344).jpg,Normal cases,normal,506,331,RGB
C:\Users\Usuario\.cache\kagglehub\datasets\adityamahimkar\iqothnccd-lung-cancer-dataset\versions\2\The IQ-OTHNCCD lung cancer dataset\The IQ-OTHNCCD lung cancer dataset\Normal cases\Normal case (345).jpg,Normal case (345).jpg,Normal cases,normal,512,512,RGB
C:\Users\Usuario\.cache\kagglehub\datasets\adityamahimkar\iqothnccd-lung-cancer-dataset\versions\2\The IQ-OTHNCCD lung cancer dataset\The IQ-OTHNCCD lung cancer dataset\Normal cases\Normal case (346).jpg,Normal case (346).jpg,Normal cases,normal,512,512,RGB
C:\Users\Usuario\.cache\kagglehub\datasets\adityamahimkar\iqothnccd-lung-cancer-dataset\versions\2\The IQ-OTHNCCD lung cancer dataset\The IQ-OTHNCCD lung cancer dataset\Normal cases\Normal case (347).jpg,Normal case (347).jpg,Normal cases,normal,512,512,RGB
C:\Users\Usuario\.cache\kagglehub\datasets\adityamahimkar\iqothnccd-lung-cancer-dataset\versions\2\The IQ-OTHNCCD lung cancer dataset\The IQ-OTHNCCD lung cancer dataset\Normal cases\Normal case (348).jpg,Normal case (348).jpg,Normal cases,normal,512,512,RGB
C:\Users\Usuario\.cache\kagglehub\datasets\adityamahimkar\iqothnccd-lung-cancer-dataset\versions\2\The IQ-OTHNCCD lung cancer dataset\The IQ-OTHNCCD lung cancer dataset\Normal cases\Normal case (349).jpg,Normal case (349).jpg,Normal cases,normal,512,512,RGB
C:\Users\Usuario\.cache\kagglehub\datasets\adityamahimkar\iqothnccd-lung-cancer-dataset\versions\2\The IQ-OTHNCCD lung cancer dataset\The IQ-OTHNCCD lung cancer dataset\Normal cases\Normal case (35).jpg,Normal case (35).jpg,Normal cases,normal,512,512,RGB
C:\Users\Usuario\.cache\kagglehub\datasets\adityamahimkar\iqothnccd-lung-cancer-dataset\versions\2\The IQ-OTHNCCD lung cancer dataset\The IQ-OTHNCCD lung cancer dataset\Normal cases\Normal case (350).jpg,Normal case (350).jpg,Normal cases,normal,512,512,RGB
C:\Users\Usuario\.cache\kagglehub\datasets\adityamahimkar\iqothnccd-lung-cancer-dataset\versions\2\The IQ-OTHNCCD lung cancer dataset\The IQ-OTHNCCD lung cancer dataset\Normal cases\Normal case (351).jpg,Normal case (351).jpg,Normal cases,normal,512,512,RGB
C:\Users\Usuario\.cache\kagglehub\datasets\adityamahimkar\iqothnccd-lung-cancer-dataset\versions\2\The IQ-OTHNCCD lung cancer dataset\The IQ-OTHNCCD lung cancer dataset\Normal cases\Normal case (352).jpg,Normal case (352).jpg,Normal cases,normal,512,512,RGB
C:\Users\Usuario\.cache\kagglehub\datasets\adityamahimkar\iqothnccd-lung-cancer-dataset\versions\2\The IQ-OTHNCCD lung cancer dataset\The IQ-OTHNCCD lung cancer dataset\Normal cases\Normal case (353).jpg,Normal case (353).jpg,Normal cases,normal,512,512,RGB
C:\Users\Usuario\.cache\kagglehub\datasets\adityamahimkar\iqothnccd-lung-cancer-dataset\versions\2\The IQ-OTHNCCD lung cancer dataset\The IQ-OTHNCCD lung cancer dataset\Normal cases\Normal case (354).jpg,Normal case (354).jpg,Normal cases,normal,512,512,RGB
C:\Users\Usuario\.cache\kagglehub\datasets\adityamahimkar\iqothnccd-lung-cancer-dataset\versions\2\The IQ-OTHNCCD lung cancer dataset\The IQ-OTHNCCD lung cancer dataset\Normal cases\Normal case (355).jpg,Normal case (355).jpg,Normal cases,normal,512,512,RGB
C:\Users\Usuario\.cache\kagglehub\datasets\adityamahimkar\iqothnccd-lung-cancer-dataset\versions\2\The IQ-OTHNCCD lung cancer dataset\The IQ-OTHNCCD lung cancer dataset\Normal cases\Normal case (356).jpg,Normal case (356).jpg,Normal cases,normal,512,512,RGB
C:\Users\Usuario\.cache\kagglehub\datasets\adityamahimkar\iqothnccd-lung-cancer-dataset\versions\2\The IQ-OTHNCCD lung cancer dataset\The IQ-OTHNCCD lung cancer dataset\Normal cases\Normal case (357).jpg,Normal case (357).jpg,Normal cases,normal,512,512,RGB
C:\Users\Usuario\.cache\kagglehub\datasets\adityamahimkar\iqothnccd-lung-cancer-dataset\versions\2\The IQ-OTHNCCD lung cancer dataset\The IQ-OTHNCCD lung cancer dataset\Normal cases\Normal case (358).jpg,Normal case (358).jpg,Normal cases,normal,512,512,RGB
C:\Users\Usuario\.cache\kagglehub\datasets\adityamahimkar\iqothnccd-lung-cancer-dataset\versions\2\The IQ-OTHNCCD lung cancer dataset\The IQ-OTHNCCD lung cancer dataset\Normal cases\Normal case (359).jpg,Normal case (359).jpg,Normal cases,normal,512,512,RGB
C:\Users\Usuario\.cache\kagglehub\datasets\adityamahimkar\iqothnccd-lung-cancer-dataset\versions\2\The IQ-OTHNCCD lung cancer dataset\The IQ-OTHNCCD lung cancer dataset\Normal cases\Normal case (36).jpg,Normal case (36).jpg,Normal cases,normal,512,512,RGB
C:\Users\Usuario\.cache\kagglehub\datasets\adityamahimkar\iqothnccd-lung-cancer-dataset\versions\2\The IQ-OTHNCCD lung cancer dataset\The IQ-OTHNCCD lung cancer dataset\Normal cases\Normal case (360).jpg,Normal case (360).jpg,Normal cases,normal,512,512,RGB
C:\Users\Usuario\.cache\kagglehub\datasets\adityamahimkar\iqothnccd-lung-cancer-dataset\versions\2\The IQ-OTHNCCD lung cancer dataset\The IQ-OTHNCCD lung cancer dataset\Normal cases\Normal case (361).jpg,Normal case (361).jpg,Normal cases,normal,512,512,RGB
C:\Users\Usuario\.cache\kagglehub\datasets\adityamahimkar\iqothnccd-lung-cancer-dataset\versions\2\The IQ-OTHNCCD lung cancer dataset\The IQ-OTHNCCD lung cancer dataset\Normal cases\Normal case (362).jpg,Normal case (362).jpg,Normal cases,normal,512,512,RGB
C:\Users\Usuario\.cache\kagglehub\datasets\adityamahimkar\iqothnccd-lung-cancer-dataset\versions\2\The IQ-OTHNCCD lung cancer dataset\The IQ-OTHNCCD lung cancer dataset\Normal cases\Normal case (363).jpg,Normal case (363).jpg,Normal cases,normal,512,512,RGB
C:\Users\Usuario\.cache\kagglehub\datasets\adityamahimkar\iqothnccd-lung-cancer-dataset\versions\2\The IQ-OTHNCCD lung cancer dataset\The IQ-OTHNCCD lung cancer dataset\Normal cases\Normal case (364).jpg,Normal case (364).jpg,Normal cases,normal,512,512,RGB
C:\Users\Usuario\.cache\kagglehub\datasets\adityamahimkar\iqothnccd-lung-cancer-dataset\versions\2\The IQ-OTHNCCD lung cancer dataset\The IQ-OTHNCCD lung cancer dataset\Normal cases\Normal case (365).jpg,Normal case (365).jpg,Normal cases,normal,512,512,RGB
C:\Users\Usuario\.cache\kagglehub\datasets\adityamahimkar\iqothnccd-lung-cancer-dataset\versions\2\The IQ-OTHNCCD lung cancer dataset\The IQ-OTHNCCD lung cancer dataset\Normal cases\Normal case (366).jpg,Normal case (366).jpg,Normal cases,normal,512,512,RGB
C:\Users\Usuario\.cache\kagglehub\datasets\adityamahimkar\iqothnccd-lung-cancer-dataset\versions\2\The IQ-OTHNCCD lung cancer dataset\The IQ-OTHNCCD lung cancer dataset\Normal cases\Normal case (367).jpg,Normal case (367).jpg,Normal cases,normal,512,512,RGB
C:\Users\Usuario\.cache\kagglehub\datasets\adityamahimkar\iqothnccd-lung-cancer-dataset\versions\2\The IQ-OTHNCCD lung cancer dataset\The IQ-OTHNCCD lung cancer dataset\Normal cases\Normal case (368).jpg,Normal case (368).jpg,Normal cases,normal,512,512,RGB
C:\Users\Usuario\.cache\kagglehub\datasets\adityamahimkar\iqothnccd-lung-cancer-dataset\versions\2\The IQ-OTHNCCD lung cancer dataset\The IQ-OTHNCCD lung cancer dataset\Normal cases\Normal case (369).jpg,Normal case (369).jpg,Normal cases,normal,512,512,RGB
C:\Users\Usuario\.cache\kagglehub\datasets\adityamahimkar\iqothnccd-lung-cancer-dataset\versions\2\The IQ-OTHNCCD lung cancer dataset\The IQ-OTHNCCD lung cancer dataset\Normal cases\Normal case (37).jpg,Normal case (37).jpg,Normal cases,normal,512,512,RGB
C:\Users\Usuario\.cache\kagglehub\datasets\adityamahimkar\iqothnccd-lung-cancer-dataset\versions\2\The IQ-OTHNCCD lung cancer dataset\The IQ-OTHNCCD lung cancer dataset\Normal cases\Normal case (370).jpg,Normal case (370).jpg,Normal cases,normal,512,512,RGB
C:\Users\Usuario\.cache\kagglehub\datasets\adityamahimkar\iqothnccd-lung-cancer-dataset\versions\2\The IQ-OTHNCCD lung cancer dataset\The IQ-OTHNCCD lung cancer dataset\Normal cases\Normal case (371).jpg,Normal case (371).jpg,Normal cases,normal,512,512,RGB
C:\Users\Usuario\.cache\kagglehub\datasets\adityamahimkar\iqothnccd-lung-cancer-dataset\versions\2\The IQ-OTHNCCD lung cancer dataset\The IQ-OTHNCCD lung cancer dataset\Normal cases\Normal case (372).jpg,Normal case (372).jpg,Normal cases,normal,512,512,RGB
C:\Users\Usuario\.cache\kagglehub\datasets\adityamahimkar\iqothnccd-lung-cancer-dataset\versions\2\The IQ-OTHNCCD lung cancer dataset\The IQ-OTHNCCD lung cancer dataset\Normal cases\Normal case (373).jpg,Normal case (373).jpg,Normal cases,normal,512,512,RGB
C:\Users\Usuario\.cache\kagglehub\datasets\adityamahimkar\iqothnccd-lung-cancer-dataset\versions\2\The IQ-OTHNCCD lung cancer dataset\The IQ-OTHNCCD lung cancer dataset\Normal cases\Normal case (374).jpg,Normal case (374).jpg,Normal cases,normal,512,512,RGB
C:\Users\Usuario\.cache\kagglehub\datasets\adityamahimkar\iqothnccd-lung-cancer-dataset\versions\2\The IQ-OTHNCCD lung cancer dataset\The IQ-OTHNCCD lung cancer dataset\Normal cases\Normal case (375).jpg,Normal case (375).jpg,Normal cases,normal,512,512,RGB
C:\Users\Usuario\.cache\kagglehub\datasets\adityamahimkar\iqothnccd-lung-cancer-dataset\versions\2\The IQ-OTHNCCD lung cancer dataset\The IQ-OTHNCCD lung cancer dataset\Normal cases\Normal case (376).jpg,Normal case (376).jpg,Normal cases,normal,512,512,RGB
C:\Users\Usuario\.cache\kagglehub\datasets\adityamahimkar\iqothnccd-lung-cancer-dataset\versions\2\The IQ-OTHNCCD lung cancer dataset\The IQ-OTHNCCD lung cancer dataset\Normal cases\Normal case (377).jpg,Normal case (377).jpg,Normal cases,normal,512,512,RGB
C:\Users\Usuario\.cache\kagglehub\datasets\adityamahimkar\iqothnccd-lung-cancer-dataset\versions\2\The IQ-OTHNCCD lung cancer dataset\The IQ-OTHNCCD lung cancer dataset\Normal cases\Normal case (378).jpg,Normal case (378).jpg,Normal cases,normal,512,512,RGB
C:\Users\Usuario\.cache\kagglehub\datasets\adityamahimkar\iqothnccd-lung-cancer-dataset\versions\2\The IQ-OTHNCCD lung cancer dataset\The IQ-OTHNCCD lung cancer dataset\Normal cases\Normal case (379).jpg,Normal case (379).jpg,Normal cases,normal,512,512,RGB
C:\Users\Usuario\.cache\kagglehub\datasets\adityamahimkar\iqothnccd-lung-cancer-dataset\versions\2\The IQ-OTHNCCD lung cancer dataset\The IQ-OTHNCCD lung cancer dataset\Normal cases\Normal case (38).jpg,Normal case (38).jpg,Normal cases,normal,512,512,RGB
C:\Users\Usuario\.cache\kagglehub\datasets\adityamahimkar\iqothnccd-lung-cancer-dataset\versions\2\The IQ-OTHNCCD lung cancer dataset\The IQ-OTHNCCD lung cancer dataset\Normal cases\Normal case (380).jpg,Normal case (380).jpg,Normal cases,normal,512,512,RGB
C:\Users\Usuario\.cache\kagglehub\datasets\adityamahimkar\iqothnccd-lung-cancer-dataset\versions\2\The IQ-OTHNCCD lung cancer dataset\The IQ-OTHNCCD lung cancer dataset\Normal cases\Normal case (381).jpg,Normal case (381).jpg,Normal cases,normal,512,512,RGB
C:\Users\Usuario\.cache\kagglehub\datasets\adityamahimkar\iqothnccd-lung-cancer-dataset\versions\2\The IQ-OTHNCCD lung cancer dataset\The IQ-OTHNCCD lung cancer dataset\Normal cases\Normal case (382).jpg,Normal case (382).jpg,Normal cases,normal,512,512,RGB
C:\Users\Usuario\.cache\kagglehub\datasets\adityamahimkar\iqothnccd-lung-cancer-dataset\versions\2\The IQ-OTHNCCD lung cancer dataset\The IQ-OTHNCCD lung cancer dataset\Normal cases\Normal case (383).jpg,Normal case (383).jpg,Normal cases,normal,512,512,RGB
C:\Users\Usuario\.cache\kagglehub\datasets\adityamahimkar\iqothnccd-lung-cancer-dataset\versions\2\The IQ-OTHNCCD lung cancer dataset\The IQ-OTHNCCD lung cancer dataset\Normal cases\Normal case (384).jpg,Normal case (384).jpg,Normal cases,normal,512,512,RGB
C:\Users\Usuario\.cache\kagglehub\datasets\adityamahimkar\iqothnccd-lung-cancer-dataset\versions\2\The IQ-OTHNCCD lung cancer dataset\The IQ-OTHNCCD lung cancer dataset\Normal cases\Normal case (385).jpg,Normal case (385).jpg,Normal cases,normal,512,512,RGB
C:\Users\Usuario\.cache\kagglehub\datasets\adityamahimkar\iqothnccd-lung-cancer-dataset\versions\2\The IQ-OTHNCCD lung cancer dataset\The IQ-OTHNCCD lung cancer dataset\Normal cases\Normal case (386).jpg,Normal case (386).jpg,Normal cases,normal,512,512,RGB
C:\Users\Usuario\.cache\kagglehub\datasets\adityamahimkar\iqothnccd-lung-cancer-dataset\versions\2\The IQ-OTHNCCD lung cancer dataset\The IQ-OTHNCCD lung cancer dataset\Normal cases\Normal case (387).jpg,Normal case (387).jpg,Normal cases,normal,512,512,RGB
C:\Users\Usuario\.cache\kagglehub\datasets\adityamahimkar\iqothnccd-lung-cancer-dataset\versions\2\The IQ-OTHNCCD lung cancer dataset\The IQ-OTHNCCD lung cancer dataset\Normal cases\Normal case (388).jpg,Normal case (388).jpg,Normal cases,normal,512,512,RGB
C:\Users\Usuario\.cache\kagglehub\datasets\adityamahimkar\iqothnccd-lung-cancer-dataset\versions\2\The IQ-OTHNCCD lung cancer dataset\The IQ-OTHNCCD lung cancer dataset\Normal cases\Normal case (389).jpg,Normal case (389).jpg,Normal cases,normal,512,512,RGB
C:\Users\Usuario\.cache\kagglehub\datasets\adityamahimkar\iqothnccd-lung-cancer-dataset\versions\2\The IQ-OTHNCCD lung cancer dataset\The IQ-OTHNCCD lung cancer dataset\Normal cases\Normal case (39).jpg,Normal case (39).jpg,Normal cases,normal,512,512,RGB
C:\Users\Usuario\.cache\kagglehub\datasets\adityamahimkar\iqothnccd-lung-cancer-dataset\versions\2\The IQ-OTHNCCD lung cancer dataset\The IQ-OTHNCCD lung cancer dataset\Normal cases\Normal case (390).jpg,Normal case (390).jpg,Normal cases,normal,512,512,RGB
C:\Users\Usuario\.cache\kagglehub\datasets\adityamahimkar\iqothnccd-lung-cancer-dataset\versions\2\The IQ-OTHNCCD lung cancer dataset\The IQ-OTHNCCD lung cancer dataset\Normal cases\Normal case (391).jpg,Normal case (391).jpg,Normal cases,normal,512,512,RGB
C:\Users\Usuario\.cache\kagglehub\datasets\adityamahimkar\iqothnccd-lung-cancer-dataset\versions\2\The IQ-OTHNCCD lung cancer dataset\The IQ-OTHNCCD lung cancer dataset\Normal cases\Normal case (392).jpg,Normal case (392).jpg,Normal cases,normal,512,512,RGB
C:\Users\Usuario\.cache\kagglehub\datasets\adityamahimkar\iqothnccd-lung-cancer-dataset\versions\2\The IQ-OTHNCCD lung cancer dataset\The IQ-OTHNCCD lung cancer dataset\Normal cases\Normal case (393).jpg,Normal case (393).jpg,Normal cases,normal,512,512,RGB
C:\Users\Usuario\.cache\kagglehub\datasets\adityamahimkar\iqothnccd-lung-cancer-dataset\versions\2\The IQ-OTHNCCD lung cancer dataset\The IQ-OTHNCCD lung cancer dataset\Normal cases\Normal case (394).jpg,Normal case (394).jpg,Normal cases,normal,512,512,RGB
C:\Users\Usuario\.cache\kagglehub\datasets\adityamahimkar\iqothnccd-lung-cancer-dataset\versions\2\The IQ-OTHNCCD lung cancer dataset\The IQ-OTHNCCD lung cancer dataset\Normal cases\Normal case (395).jpg,Normal case (395).jpg,Normal cases,normal,512,512,RGB
C:\Users\Usuario\.cache\kagglehub\datasets\adityamahimkar\iqothnccd-lung-cancer-dataset\versions\2\The IQ-OTHNCCD lung cancer dataset\The IQ-OTHNCCD lung cancer dataset\Normal cases\Normal case (396).jpg,Normal case (396).jpg,Normal cases,normal,512,512,RGB
C:\Users\Usuario\.cache\kagglehub\datasets\adityamahimkar\iqothnccd-lung-cancer-dataset\versions\2\The IQ-OTHNCCD lung cancer dataset\The IQ-OTHNCCD lung cancer dataset\Normal cases\Normal case (397).jpg,Normal case (397).jpg,Normal cases,normal,512,512,RGB
C:\Users\Usuario\.cache\kagglehub\datasets\adityamahimkar\iqothnccd-lung-cancer-dataset\versions\2\The IQ-OTHNCCD lung cancer dataset\The IQ-OTHNCCD lung cancer dataset\Normal cases\Normal case (398).jpg,Normal case (398).jpg,Normal cases,normal,512,512,RGB
C:\Users\Usuario\.cache\kagglehub\datasets\adityamahimkar\iqothnccd-lung-cancer-dataset\versions\2\The IQ-OTHNCCD lung cancer dataset\The IQ-OTHNCCD lung cancer dataset\Normal cases\Normal case (399).jpg,Normal case (399).jpg,Normal cases,normal,512,512,RGB
C:\Users\Usuario\.cache\kagglehub\datasets\adityamahimkar\iqothnccd-lung-cancer-dataset\versions\2\The IQ-OTHNCCD lung cancer dataset\The IQ-OTHNCCD lung cancer dataset\Normal cases\Normal case (4).jpg,Normal case (4).jpg,Normal cases,normal,512,512,RGB
C:\Users\Usuario\.cache\kagglehub\datasets\adityamahimkar\iqothnccd-lung-cancer-dataset\versions\2\The IQ-OTHNCCD lung cancer dataset\The IQ-OTHNCCD lung cancer dataset\Normal cases\Normal case (40).jpg,Normal case (40).jpg,Normal cases,normal,512,512,RGB
C:\Users\Usuario\.cache\kagglehub\datasets\adityamahimkar\iqothnccd-lung-cancer-dataset\versions\2\The IQ-OTHNCCD lung cancer dataset\The IQ-OTHNCCD lung cancer dataset\Normal cases\Normal case (400).jpg,Normal case (400).jpg,Normal cases,normal,512,512,RGB
C:\Users\Usuario\.cache\kagglehub\datasets\adityamahimkar\iqothnccd-lung-cancer-dataset\versions\2\The IQ-OTHNCCD lung cancer dataset\The IQ-OTHNCCD lung cancer dataset\Normal cases\Normal case (401).jpg,Normal case (401).jpg,Normal cases,normal,512,512,RGB
C:\Users\Usuario\.cache\kagglehub\datasets\adityamahimkar\iqothnccd-lung-cancer-dataset\versions\2\The IQ-OTHNCCD lung cancer dataset\The IQ-OTHNCCD lung cancer dataset\Normal cases\Normal case (402).jpg,Normal case (402).jpg,Normal cases,normal,512,512,RGB
C:\Users\Usuario\.cache\kagglehub\datasets\adityamahimkar\iqothnccd-lung-cancer-dataset\versions\2\The IQ-OTHNCCD lung cancer dataset\The IQ-OTHNCCD lung cancer dataset\Normal cases\Normal case (403).jpg,Normal case (403).jpg,Normal cases,normal,512,512,RGB
C:\Users\Usuario\.cache\kagglehub\datasets\adityamahimkar\iqothnccd-lung-cancer-dataset\versions\2\The IQ-OTHNCCD lung cancer dataset\The IQ-OTHNCCD lung cancer dataset\Normal cases\Normal case (404).jpg,Normal case (404).jpg,Normal cases,normal,512,512,RGB
C:\Users\Usuario\.cache\kagglehub\datasets\adityamahimkar\iqothnccd-lung-cancer-dataset\versions\2\The IQ-OTHNCCD lung cancer dataset\The IQ-OTHNCCD lung cancer dataset\Normal cases\Normal case (405).jpg,Normal case (405).jpg,Normal cases,normal,512,512,RGB
C:\Users\Usuario\.cache\kagglehub\datasets\adityamahimkar\iqothnccd-lung-cancer-dataset\versions\2\The IQ-OTHNCCD lung cancer dataset\The IQ-OTHNCCD lung cancer dataset\Normal cases\Normal case (406).jpg,Normal case (406).jpg,Normal cases,normal,512,512,RGB
C:\Users\Usuario\.cache\kagglehub\datasets\adityamahimkar\iqothnccd-lung-cancer-dataset\versions\2\The IQ-OTHNCCD lung cancer dataset\The IQ-OTHNCCD lung cancer dataset\Normal cases\Normal case (407).jpg,Normal case (407).jpg,Normal cases,normal,512,512,RGB
C:\Users\Usuario\.cache\kagglehub\datasets\adityamahimkar\iqothnccd-lung-cancer-dataset\versions\2\The IQ-OTHNCCD lung cancer dataset\The IQ-OTHNCCD lung cancer dataset\Normal cases\Normal case (408).jpg,Normal case (408).jpg,Normal cases,normal,512,512,RGB
C:\Users\Usuario\.cache\kagglehub\datasets\adityamahimkar\iqothnccd-lung-cancer-dataset\versions\2\The IQ-OTHNCCD lung cancer dataset\The IQ-OTHNCCD lung cancer dataset\Normal cases\Normal case (409).jpg,Normal case (409).jpg,Normal cases,normal,512,512,RGB
C:\Users\Usuario\.cache\kagglehub\datasets\adityamahimkar\iqothnccd-lung-cancer-dataset\versions\2\The IQ-OTHNCCD lung cancer dataset\The IQ-OTHNCCD lung cancer dataset\Normal cases\Normal case (41).jpg,Normal case (41).jpg,Normal cases,normal,512,512,RGB
C:\Users\Usuario\.cache\kagglehub\datasets\adityamahimkar\iqothnccd-lung-cancer-dataset\versions\2\The IQ-OTHNCCD lung cancer dataset\The IQ-OTHNCCD lung cancer dataset\Normal cases\Normal case (410).jpg,Normal case (410).jpg,Normal cases,normal,512,512,RGB
C:\Users\Usuario\.cache\kagglehub\datasets\adityamahimkar\iqothnccd-lung-cancer-dataset\versions\2\The IQ-OTHNCCD lung cancer dataset\The IQ-OTHNCCD lung cancer dataset\Normal cases\Normal case (411).jpg,Normal case (411).jpg,Normal cases,normal,512,512,RGB
C:\Users\Usuario\.cache\kagglehub\datasets\adityamahimkar\iqothnccd-lung-cancer-dataset\versions\2\The IQ-OTHNCCD lung cancer dataset\The IQ-OTHNCCD lung cancer dataset\Normal cases\Normal case (412).jpg,Normal case (412).jpg,Normal cases,normal,512,512,RGB
C:\Users\Usuario\.cache\kagglehub\datasets\adityamahimkar\iqothnccd-lung-cancer-dataset\versions\2\The IQ-OTHNCCD lung cancer dataset\The IQ-OTHNCCD lung cancer dataset\Normal cases\Normal case (413).jpg,Normal case (413).jpg,Normal cases,normal,512,512,RGB
C:\Users\Usuario\.cache\kagglehub\datasets\adityamahimkar\iqothnccd-lung-cancer-dataset\versions\2\The IQ-OTHNCCD lung cancer dataset\The IQ-OTHNCCD lung cancer dataset\Normal cases\Normal case (414).jpg,Normal case (414).jpg,Normal cases,normal,512,512,RGB
C:\Users\Usuario\.cache\kagglehub\datasets\adityamahimkar\iqothnccd-lung-cancer-dataset\versions\2\The IQ-OTHNCCD lung cancer dataset\The IQ-OTHNCCD lung cancer dataset\Normal cases\Normal case (415).jpg,Normal case (415).jpg,Normal cases,normal,512,512,RGB
C:\Users\Usuario\.cache\kagglehub\datasets\adityamahimkar\iqothnccd-lung-cancer-dataset\versions\2\The IQ-OTHNCCD lung cancer dataset\The IQ-OTHNCCD lung cancer dataset\Normal cases\Normal case (416).jpg,Normal case (416).jpg,Normal cases,normal,512,512,RGB
C:\Users\Usuario\.cache\kagglehub\datasets\adityamahimkar\iqothnccd-lung-cancer-dataset\versions\2\The IQ-OTHNCCD lung cancer dataset\The IQ-OTHNCCD lung cancer dataset\Normal cases\Normal case (42).jpg,Normal case (42).jpg,Normal cases,normal,512,512,RGB
C:\Users\Usuario\.cache\kagglehub\datasets\adityamahimkar\iqothnccd-lung-cancer-dataset\versions\2\The IQ-OTHNCCD lung cancer dataset\The IQ-OTHNCCD lung cancer dataset\Normal cases\Normal case (43).jpg,Normal case (43).jpg,Normal cases,normal,512,512,RGB
C:\Users\Usuario\.cache\kagglehub\datasets\adityamahimkar\iqothnccd-lung-cancer-dataset\versions\2\The IQ-OTHNCCD lung cancer dataset\The IQ-OTHNCCD lung cancer dataset\Normal cases\Normal case (44).jpg,Normal case (44).jpg,Normal cases,normal,512,512,RGB
C:\Users\Usuario\.cache\kagglehub\datasets\adityamahimkar\iqothnccd-lung-cancer-dataset\versions\2\The IQ-OTHNCCD lung cancer dataset\The IQ-OTHNCCD lung cancer dataset\Normal cases\Normal case (45).jpg,Normal case (45).jpg,Normal cases,normal,512,512,RGB
C:\Users\Usuario\.cache\kagglehub\datasets\adityamahimkar\iqothnccd-lung-cancer-dataset\versions\2\The IQ-OTHNCCD lung cancer dataset\The IQ-OTHNCCD lung cancer dataset\Normal cases\Normal case (46).jpg,Normal case (46).jpg,Normal cases,normal,512,512,RGB
C:\Users\Usuario\.cache\kagglehub\datasets\adityamahimkar\iqothnccd-lung-cancer-dataset\versions\2\The IQ-OTHNCCD lung cancer dataset\The IQ-OTHNCCD lung cancer dataset\Normal cases\Normal case (47).jpg,Normal case (47).jpg,Normal cases,normal,512,512,RGB
C:\Users\Usuario\.cache\kagglehub\datasets\adityamahimkar\iqothnccd-lung-cancer-dataset\versions\2\The IQ-OTHNCCD lung cancer dataset\The IQ-OTHNCCD lung cancer dataset\Normal cases\Normal case (48).jpg,Normal case (48).jpg,Normal cases,normal,512,512,RGB
C:\Users\Usuario\.cache\kagglehub\datasets\adityamahimkar\iqothnccd-lung-cancer-dataset\versions\2\The IQ-OTHNCCD lung cancer dataset\The IQ-OTHNCCD lung cancer dataset\Normal cases\Normal case (49).jpg,Normal case (49).jpg,Normal cases,normal,512,512,RGB
C:\Users\Usuario\.cache\kagglehub\datasets\adityamahimkar\iqothnccd-lung-cancer-dataset\versions\2\The IQ-OTHNCCD lung cancer dataset\The IQ-OTHNCCD lung cancer dataset\Normal cases\Normal case (5).jpg,Normal case (5).jpg,Normal cases,normal,512,512,RGB
C:\Users\Usuario\.cache\kagglehub\datasets\adityamahimkar\iqothnccd-lung-cancer-dataset\versions\2\The IQ-OTHNCCD lung cancer dataset\The IQ-OTHNCCD lung cancer dataset\Normal cases\Normal case (50).jpg,Normal case (50).jpg,Normal cases,normal,512,512,RGB
C:\Users\Usuario\.cache\kagglehub\datasets\adityamahimkar\iqothnccd-lung-cancer-dataset\versions\2\The IQ-OTHNCCD lung cancer dataset\The IQ-OTHNCCD lung cancer dataset\Normal cases\Normal case (51).jpg,Normal case (51).jpg,Normal cases,normal,512,512,RGB
C:\Users\Usuario\.cache\kagglehub\datasets\adityamahimkar\iqothnccd-lung-cancer-dataset\versions\2\The IQ-OTHNCCD lung cancer dataset\The IQ-OTHNCCD lung cancer dataset\Normal cases\Normal case (52).jpg,Normal case (52).jpg,Normal cases,normal,512,512,RGB
C:\Users\Usuario\.cache\kagglehub\datasets\adityamahimkar\iqothnccd-lung-cancer-dataset\versions\2\The IQ-OTHNCCD lung cancer dataset\The IQ-OTHNCCD lung cancer dataset\Normal cases\Normal case (53).jpg,Normal case (53).jpg,Normal cases,normal,512,512,RGB
C:\Users\Usuario\.cache\kagglehub\datasets\adityamahimkar\iqothnccd-lung-cancer-dataset\versions\2\The IQ-OTHNCCD lung cancer dataset\The IQ-OTHNCCD lung cancer dataset\Normal cases\Normal case (54).jpg,Normal case (54).jpg,Normal cases,normal,512,512,RGB
C:\Users\Usuario\.cache\kagglehub\datasets\adityamahimkar\iqothnccd-lung-cancer-dataset\versions\2\The IQ-OTHNCCD lung cancer dataset\The IQ-OTHNCCD lung cancer dataset\Normal cases\Normal case (55).jpg,Normal case (55).jpg,Normal cases,normal,512,512,RGB
C:\Users\Usuario\.cache\kagglehub\datasets\adityamahimkar\iqothnccd-lung-cancer-dataset\versions\2\The IQ-OTHNCCD lung cancer dataset\The IQ-OTHNCCD lung cancer dataset\Normal cases\Normal case (56).jpg,Normal case (56).jpg,Normal cases,normal,512,512,RGB
C:\Users\Usuario\.cache\kagglehub\datasets\adityamahimkar\iqothnccd-lung-cancer-dataset\versions\2\The IQ-OTHNCCD lung cancer dataset\The IQ-OTHNCCD lung cancer dataset\Normal cases\Normal case (57).jpg,Normal case (57).jpg,Normal cases,normal,512,512,RGB
C:\Users\Usuario\.cache\kagglehub\datasets\adityamahimkar\iqothnccd-lung-cancer-dataset\versions\2\The IQ-OTHNCCD lung cancer dataset\The IQ-OTHNCCD lung cancer dataset\Normal cases\Normal case (58).jpg,Normal case (58).jpg,Normal cases,normal,512,512,RGB
C:\Users\Usuario\.cache\kagglehub\datasets\adityamahimkar\iqothnccd-lung-cancer-dataset\versions\2\The IQ-OTHNCCD lung cancer dataset\The IQ-OTHNCCD lung cancer dataset\Normal cases\Normal case (59).jpg,Normal case (59).jpg,Normal cases,normal,512,512,RGB
C:\Users\Usuario\.cache\kagglehub\datasets\adityamahimkar\iqothnccd-lung-cancer-dataset\versions\2\The IQ-OTHNCCD lung cancer dataset\The IQ-OTHNCCD lung cancer dataset\Normal cases\Normal case (6).jpg,Normal case (6).jpg,Normal cases,normal,512,512,RGB
C:\Users\Usuario\.cache\kagglehub\datasets\adityamahimkar\iqothnccd-lung-cancer-dataset\versions\2\The IQ-OTHNCCD lung cancer dataset\The IQ-OTHNCCD lung cancer dataset\Normal cases\Normal case (60).jpg,Normal case (60).jpg,Normal cases,normal,512,512,RGB
C:\Users\Usuario\.cache\kagglehub\datasets\adityamahimkar\iqothnccd-lung-cancer-dataset\versions\2\The IQ-OTHNCCD lung cancer dataset\The IQ-OTHNCCD lung cancer dataset\Normal cases\Normal case (61).jpg,Normal case (61).jpg,Normal cases,normal,512,512,RGB
C:\Users\Usuario\.cache\kagglehub\datasets\adityamahimkar\iqothnccd-lung-cancer-dataset\versions\2\The IQ-OTHNCCD lung cancer dataset\The IQ-OTHNCCD lung cancer dataset\Normal cases\Normal case (62).jpg,Normal case (62).jpg,Normal cases,normal,512,512,RGB
C:\Users\Usuario\.cache\kagglehub\datasets\adityamahimkar\iqothnccd-lung-cancer-dataset\versions\2\The IQ-OTHNCCD lung cancer dataset\The IQ-OTHNCCD lung cancer dataset\Normal cases\Normal case (63).jpg,Normal case (63).jpg,Normal cases,normal,512,512,RGB
C:\Users\Usuario\.cache\kagglehub\datasets\adityamahimkar\iqothnccd-lung-cancer-dataset\versions\2\The IQ-OTHNCCD lung cancer dataset\The IQ-OTHNCCD lung cancer dataset\Normal cases\Normal case (64).jpg,Normal case (64).jpg,Normal cases,normal,512,512,RGB
C:\Users\Usuario\.cache\kagglehub\datasets\adityamahimkar\iqothnccd-lung-cancer-dataset\versions\2\The IQ-OTHNCCD lung cancer dataset\The IQ-OTHNCCD lung cancer dataset\Normal cases\Normal case (65).jpg,Normal case (65).jpg,Normal cases,normal,512,512,RGB
C:\Users\Usuario\.cache\kagglehub\datasets\adityamahimkar\iqothnccd-lung-cancer-dataset\versions\2\The IQ-OTHNCCD lung cancer dataset\The IQ-OTHNCCD lung cancer dataset\Normal cases\Normal case (66).jpg,Normal case (66).jpg,Normal cases,normal,512,512,RGB
C:\Users\Usuario\.cache\kagglehub\datasets\adityamahimkar\iqothnccd-lung-cancer-dataset\versions\2\The IQ-OTHNCCD lung cancer dataset\The IQ-OTHNCCD lung cancer dataset\Normal cases\Normal case (67).jpg,Normal case (67).jpg,Normal cases,normal,512,512,RGB
C:\Users\Usuario\.cache\kagglehub\datasets\adityamahimkar\iqothnccd-lung-cancer-dataset\versions\2\The IQ-OTHNCCD lung cancer dataset\The IQ-OTHNCCD lung cancer dataset\Normal cases\Normal case (68).jpg,Normal case (68).jpg,Normal cases,normal,512,512,RGB
C:\Users\Usuario\.cache\kagglehub\datasets\adityamahimkar\iqothnccd-lung-cancer-dataset\versions\2\The IQ-OTHNCCD lung cancer dataset\The IQ-OTHNCCD lung cancer dataset\Normal cases\Normal case (69).jpg,Normal case (69).jpg,Normal cases,normal,512,512,RGB
C:\Users\Usuario\.cache\kagglehub\datasets\adityamahimkar\iqothnccd-lung-cancer-dataset\versions\2\The IQ-OTHNCCD lung cancer dataset\The IQ-OTHNCCD lung cancer dataset\Normal cases\Normal case (7).jpg,Normal case (7).jpg,Normal cases,normal,512,512,RGB
C:\Users\Usuario\.cache\kagglehub\datasets\adityamahimkar\iqothnccd-lung-cancer-dataset\versions\2\The IQ-OTHNCCD lung cancer dataset\The IQ-OTHNCCD lung cancer dataset\Normal cases\Normal case (70).jpg,Normal case (70).jpg,Normal cases,normal,512,512,RGB
C:\Users\Usuario\.cache\kagglehub\datasets\adityamahimkar\iqothnccd-lung-cancer-dataset\versions\2\The IQ-OTHNCCD lung cancer dataset\The IQ-OTHNCCD lung cancer dataset\Normal cases\Normal case (71).jpg,Normal case (71).jpg,Normal cases,normal,512,512,RGB
C:\Users\Usuario\.cache\kagglehub\datasets\adityamahimkar\iqothnccd-lung-cancer-dataset\versions\2\The IQ-OTHNCCD lung cancer dataset\The IQ-OTHNCCD lung cancer dataset\Normal cases\Normal case (72).jpg,Normal case (72).jpg,Normal cases,normal,512,512,RGB
C:\Users\Usuario\.cache\kagglehub\datasets\adityamahimkar\iqothnccd-lung-cancer-dataset\versions\2\The IQ-OTHNCCD lung cancer dataset\The IQ-OTHNCCD lung cancer dataset\Normal cases\Normal case (73).jpg,Normal case (73).jpg,Normal cases,normal,512,512,RGB
C:\Users\Usuario\.cache\kagglehub\datasets\adityamahimkar\iqothnccd-lung-cancer-dataset\versions\2\The IQ-OTHNCCD lung cancer dataset\The IQ-OTHNCCD lung cancer dataset\Normal cases\Normal case (74).jpg,Normal case (74).jpg,Normal cases,normal,512,512,RGB
C:\Users\Usuario\.cache\kagglehub\datasets\adityamahimkar\iqothnccd-lung-cancer-dataset\versions\2\The IQ-OTHNCCD lung cancer dataset\The IQ-OTHNCCD lung cancer dataset\Normal cases\Normal case (75).jpg,Normal case (75).jpg,Normal cases,normal,512,512,RGB
C:\Users\Usuario\.cache\kagglehub\datasets\adityamahimkar\iqothnccd-lung-cancer-dataset\versions\2\The IQ-OTHNCCD lung cancer dataset\The IQ-OTHNCCD lung cancer dataset\Normal cases\Normal case (76).jpg,Normal case (76).jpg,Normal cases,normal,512,512,RGB
C:\Users\Usuario\.cache\kagglehub\datasets\adityamahimkar\iqothnccd-lung-cancer-dataset\versions\2\The IQ-OTHNCCD lung cancer dataset\The IQ-OTHNCCD lung cancer dataset\Normal cases\Normal case (77).jpg,Normal case (77).jpg,Normal cases,normal,512,512,RGB
C:\Users\Usuario\.cache\kagglehub\datasets\adityamahimkar\iqothnccd-lung-cancer-dataset\versions\2\The IQ-OTHNCCD lung cancer dataset\The IQ-OTHNCCD lung cancer dataset\Normal cases\Normal case (78).jpg,Normal case (78).jpg,Normal cases,normal,512,512,RGB
C:\Users\Usuario\.cache\kagglehub\datasets\adityamahimkar\iqothnccd-lung-cancer-dataset\versions\2\The IQ-OTHNCCD lung cancer dataset\The IQ-OTHNCCD lung cancer dataset\Normal cases\Normal case (79).jpg,Normal case (79).jpg,Normal cases,normal,512,512,RGB
C:\Users\Usuario\.cache\kagglehub\datasets\adityamahimkar\iqothnccd-lung-cancer-dataset\versions\2\The IQ-OTHNCCD lung cancer dataset\The IQ-OTHNCCD lung cancer dataset\Normal cases\Normal case (8).jpg,Normal case (8).jpg,Normal cases,normal,512,512,RGB
C:\Users\Usuario\.cache\kagglehub\datasets\adityamahimkar\iqothnccd-lung-cancer-dataset\versions\2\The IQ-OTHNCCD lung cancer dataset\The IQ-OTHNCCD lung cancer dataset\Normal cases\Normal case (80).jpg,Normal case (80).jpg,Normal cases,normal,512,512,RGB
C:\Users\Usuario\.cache\kagglehub\datasets\adityamahimkar\iqothnccd-lung-cancer-dataset\versions\2\The IQ-OTHNCCD lung cancer dataset\The IQ-OTHNCCD lung cancer dataset\Normal cases\Normal case (81).jpg,Normal case (81).jpg,Normal cases,normal,512,512,RGB
C:\Users\Usuario\.cache\kagglehub\datasets\adityamahimkar\iqothnccd-lung-cancer-dataset\versions\2\The IQ-OTHNCCD lung cancer dataset\The IQ-OTHNCCD lung cancer dataset\Normal cases\Normal case (82).jpg,Normal case (82).jpg,Normal cases,normal,512,512,RGB
C:\Users\Usuario\.cache\kagglehub\datasets\adityamahimkar\iqothnccd-lung-cancer-dataset\versions\2\The IQ-OTHNCCD lung cancer dataset\The IQ-OTHNCCD lung cancer dataset\Normal cases\Normal case (83).jpg,Normal case (83).jpg,Normal cases,normal,512,512,RGB
C:\Users\Usuario\.cache\kagglehub\datasets\adityamahimkar\iqothnccd-lung-cancer-dataset\versions\2\The IQ-OTHNCCD lung cancer dataset\The IQ-OTHNCCD lung cancer dataset\Normal cases\Normal case (84).jpg,Normal case (84).jpg,Normal cases,normal,512,512,RGB
C:\Users\Usuario\.cache\kagglehub\datasets\adityamahimkar\iqothnccd-lung-cancer-dataset\versions\2\The IQ-OTHNCCD lung cancer dataset\The IQ-OTHNCCD lung cancer dataset\Normal cases\Normal case (85).jpg,Normal case (85).jpg,Normal cases,normal,512,512,RGB
C:\Users\Usuario\.cache\kagglehub\datasets\adityamahimkar\iqothnccd-lung-cancer-dataset\versions\2\The IQ-OTHNCCD lung cancer dataset\The IQ-OTHNCCD lung cancer dataset\Normal cases\Normal case (86).jpg,Normal case (86).jpg,Normal cases,normal,512,512,RGB
C:\Users\Usuario\.cache\kagglehub\datasets\adityamahimkar\iqothnccd-lung-cancer-dataset\versions\2\The IQ-OTHNCCD lung cancer dataset\The IQ-OTHNCCD lung cancer dataset\Normal cases\Normal case (87).jpg,Normal case (87).jpg,Normal cases,normal,512,512,RGB
C:\Users\Usuario\.cache\kagglehub\datasets\adityamahimkar\iqothnccd-lung-cancer-dataset\versions\2\The IQ-OTHNCCD lung cancer dataset\The IQ-OTHNCCD lung cancer dataset\Normal cases\Normal case (88).jpg,Normal case (88).jpg,Normal cases,normal,512,512,RGB
C:\Users\Usuario\.cache\kagglehub\datasets\adityamahimkar\iqothnccd-lung-cancer-dataset\versions\2\The IQ-OTHNCCD lung cancer dataset\The IQ-OTHNCCD lung cancer dataset\Normal cases\Normal case (89).jpg,Normal case (89).jpg,Normal cases,normal,512,512,RGB
C:\Users\Usuario\.cache\kagglehub\datasets\adityamahimkar\iqothnccd-lung-cancer-dataset\versions\2\The IQ-OTHNCCD lung cancer dataset\The IQ-OTHNCCD lung cancer dataset\Normal cases\Normal case (9).jpg,Normal case (9).jpg,Normal cases,normal,512,512,RGB
C:\Users\Usuario\.cache\kagglehub\datasets\adityamahimkar\iqothnccd-lung-cancer-dataset\versions\2\The IQ-OTHNCCD lung cancer dataset\The IQ-OTHNCCD lung cancer dataset\Normal cases\Normal case (90).jpg,Normal case (90).jpg,Normal cases,normal,512,512,RGB
C:\Users\Usuario\.cache\kagglehub\datasets\adityamahimkar\iqothnccd-lung-cancer-dataset\versions\2\The IQ-OTHNCCD lung cancer dataset\The IQ-OTHNCCD lung cancer dataset\Normal cases\Normal case (91).jpg,Normal case (91).jpg,Normal cases,normal,512,512,RGB
C:\Users\Usuario\.cache\kagglehub\datasets\adityamahimkar\iqothnccd-lung-cancer-dataset\versions\2\The IQ-OTHNCCD lung cancer dataset\The IQ-OTHNCCD lung cancer dataset\Normal cases\Normal case (92).jpg,Normal case (92).jpg,Normal cases,normal,512,512,RGB
C:\Users\Usuario\.cache\kagglehub\datasets\adityamahimkar\iqothnccd-lung-cancer-dataset\versions\2\The IQ-OTHNCCD lung cancer dataset\The IQ-OTHNCCD lung cancer dataset\Normal cases\Normal case (93).jpg,Normal case (93).jpg,Normal cases,normal,512,512,RGB
C:\Users\Usuario\.cache\kagglehub\datasets\adityamahimkar\iqothnccd-lung-cancer-dataset\versions\2\The IQ-OTHNCCD lung cancer dataset\The IQ-OTHNCCD lung cancer dataset\Normal cases\Normal case (94).jpg,Normal case (94).jpg,Normal cases,normal,512,512,RGB
C:\Users\Usuario\.cache\kagglehub\datasets\adityamahimkar\iqothnccd-lung-cancer-dataset\versions\2\The IQ-OTHNCCD lung cancer dataset\The IQ-OTHNCCD lung cancer dataset\Normal cases\Normal case (95).jpg,Normal case (95).jpg,Normal cases,normal,512,512,RGB
C:\Users\Usuario\.cache\kagglehub\datasets\adityamahimkar\iqothnccd-lung-cancer-dataset\versions\2\The IQ-OTHNCCD lung cancer dataset\The IQ-OTHNCCD lung cancer dataset\Normal cases\Normal case (96).jpg,Normal case (96).jpg,Normal cases,normal,512,512,RGB
C:\Users\Usuario\.cache\kagglehub\datasets\adityamahimkar\iqothnccd-lung-cancer-dataset\versions\2\The IQ-OTHNCCD lung cancer dataset\The IQ-OTHNCCD lung cancer dataset\Normal cases\Normal case (97).jpg,Normal case (97).jpg,Normal cases,normal,512,512,RGB
C:\Users\Usuario\.cache\kagglehub\datasets\adityamahimkar\iqothnccd-lung-cancer-dataset\versions\2\The IQ-OTHNCCD lung cancer dataset\The IQ-OTHNCCD lung cancer dataset\Normal cases\Normal case (98).jpg,Normal case (98).jpg,Normal cases,normal,512,512,RGB
C:\Users\Usuario\.cache\kagglehub\datasets\adityamahimkar\iqothnccd-lung-cancer-dataset\versions\2\The IQ-OTHNCCD lung cancer dataset\The IQ-OTHNCCD lung cancer dataset\Normal cases\Normal case (99).jpg,Normal case (99).jpg,Normal cases,normal,512,512,RGB
